2026-04-08 00:52:20,926 [main] INFO  c.d.canton.CantonCommunityApp$ - Starting Canton version 2.10.3
2026-04-08 00:52:25,391 [main] INFO  c.d.canton.CantonCommunityApp$ - Starting up with resolved config:
domains {
    local {
        admin-api {
            port=6868
        }
        init {
            domain-parameters {
                protocol-version="7"
            }
        }
        public-api {
            port=6867
        }
        storage {
            type=memory
        }
    }
}
parameters {
    dev-version-support=true
    non-standard-config=true
    ports-file="/tmp/extra-dir-52917242373518/canton-portfile.json"
}
participants {
    sandbox {
        admin-api {
            port=6866
        }
        ledger-api {
            port=6865
            user-management-service {
                enabled=true
            }
        }
        parameters {
            dev-version-support=true
        }
        storage {
            type=memory
        }
    }
}

2026-04-08 00:52:25,455 [main] INFO  c.d.c.e.CommunityEnvironment - Deriving 4 as number of threads from 'sys.runtime.availableProcessors()'. Please use '-Dscala.concurrent.context.numThreads' to override.
2026-04-08 00:52:26,122 [canton-env-ec-22] INFO  o.a.pekko.event.slf4j.Slf4jLogger - Slf4jLogger started
2026-04-08 00:52:26,320 [main] INFO  c.d.c.t.OpenTelemetryFactory$ - Initializing open telemetry with Exporter.Disabled
2026-04-08 00:52:26,471 [main] INFO  c.d.c.e.CommunityEnvironment tid:a44c720ffd070441f72ee941742b5322 - Automatically starting all instances
2026-04-08 00:52:28,282 [canton-env-ec-29] INFO  c.d.c.c.Crypto:participant=sandbox - 'crypto' is now in state Ok(). Previous state was Not Initialized.
2026-04-08 00:52:28,284 [canton-env-ec-22] INFO  c.d.c.crypto.Crypto:domain=local - 'crypto' is now in state Ok(). Previous state was Not Initialized.
2026-04-08 00:52:28,330 [canton-env-ec-23] INFO  c.d.c.d.DomainNodeBootstrap:domain=local - Starting admin-api services on CommunityAdminServerConfig(127.0.0.1,Some(6868),None,Some(BasicKeepAliveServerConfig(40s,20s,20s,false)),10485760,List(),None)
2026-04-08 00:52:28,331 [canton-env-ec-28] INFO  c.d.c.p.ParticipantNodeBootstrap:participant=sandbox - Starting admin-api services on CommunityAdminServerConfig(127.0.0.1,Some(6866),None,Some(BasicKeepAliveServerConfig(40s,20s,20s,false)),10485760,List(),None)
2026-04-08 00:52:29,999 [canton-env-ec-23] INFO  c.d.c.d.DomainNodeBootstrap:domain=local - 'domain' is now in state ServingStatus(status = 'SERVING'). Previous state was ServingStatus(status = 'NOT_SERVING').
2026-04-08 00:52:30,010 [canton-env-ec-28] INFO  c.d.c.p.ParticipantNodeBootstrap:participant=sandbox - 'participant' is now in state ServingStatus(status = 'SERVING'). Previous state was ServingStatus(status = 'NOT_SERVING').
2026-04-08 00:52:30,462 [canton-env-ec-27] INFO  c.d.c.d.DomainNodeBootstrap:domain=local - Node is not initialized yet. Performing automated default initialization.
2026-04-08 00:52:30,462 [canton-env-ec-29] INFO  c.d.c.p.ParticipantNodeBootstrap:participant=sandbox - Node is not initialized yet. Performing automated default initialization.
2026-04-08 00:52:31,722 [canton-env-ec-28] INFO  c.d.c.p.t.ParticipantTopologyManager:participant=sandbox tid:fc89fcf6f951859001b46f6158c4e487 - Applied topology transaction Add NamespaceDelegation(12209ec33c8f..., SigningPublicKey(id = 12209ec33c8f..., format = Tink, scheme = Ed25519), true) at 2026-04-07T19:52:31.709908Z
2026-04-08 00:52:31,726 [canton-env-ec-23] INFO  c.d.c.d.t.DomainTopologyManager:domain=local tid:2deb1a3c5924c669e744fa65696abd36 - Applied topology transaction Add NamespaceDelegation(12202030f2f7..., SigningPublicKey(id = 12202030f2f7..., format = Tink, scheme = Ed25519), true) at 2026-04-07T19:52:31.709615Z
2026-04-08 00:52:32,030 [canton-env-ec-22] INFO  c.d.c.d.t.DomainTopologyManager:domain=local tid:2deb1a3c5924c669e744fa65696abd36 - Applied topology transaction Replace DomainParametersChange(
  local::12202030f2f7...,
  DynamicDomainParameters(
    participant response timeout = 30s,
    mediator reaction timeout = 30s,
    transfer exclusivity timeout = 1m,
    topology change delay = 0.25s,
    ledger time record time tolerance = 1m,
    mediator deduplication timeout = 2m,
    reconciliation interval = 1m,
    max rate per participant = 1000000,
    max request size = 10485760,
    catchup config = CatchUpConfig(catchUpIntervalSkip = 5, nrIntervalsToTriggerCatchUp = 2)
  )
) at 2026-04-07T19:52:32.016140Z
2026-04-08 00:52:32,097 [canton-env-ec-22] INFO  c.d.c.d.t.DomainTopologyManager:domain=local tid:2deb1a3c5924c669e744fa65696abd36 - Applied topology transaction Add OwnerToKeyMapping(DOM::local::12202030f2f7..., SigningPublicKey(id = 12205f64aefd..., format = Tink, scheme = Ed25519)) at 2026-04-07T19:52:32.092913Z
2026-04-08 00:52:32,188 [canton-env-ec-23] INFO  c.d.c.d.t.DomainTopologyManager:domain=local - Applied topology transaction Add OwnerToKeyMapping(MED::local::12202030f2f7..., SigningPublicKey(id = 12207592ba15..., format = Tink, scheme = Ed25519)) at 2026-04-07T19:52:32.178300Z
2026-04-08 00:52:32,244 [canton-env-ec-22] INFO  c.d.c.d.t.DomainTopologyManager:domain=local - Applied topology transaction Add MediatorDomainState(Both, local::12202030f2f7..., MED::local::12202030f2f7...) at 2026-04-07T19:52:32.241896Z
2026-04-08 00:52:32,309 [canton-env-ec-23] INFO  c.d.c.p.a.PackageUploader:participant=sandbox - Initializing Upgradable Package Resolution View
2026-04-08 00:52:32,320 [canton-env-ec-29] INFO  c.d.c.d.t.DomainTopologyManager:domain=local - Applied topology transaction Add OwnerToKeyMapping(SEQ::local::12202030f2f7..., SigningPublicKey(id = 1220fde4f326..., format = Tink, scheme = Ed25519)) at 2026-04-07T19:52:32.317207Z
2026-04-08 00:52:32,321 [canton-env-ec-22] INFO  c.d.c.p.a.PackageUploader:participant=sandbox - Upgradable Package Resolution View has been initialized (9 ms)
2026-04-08 00:52:32,329 [canton-env-ec-29] INFO  c.d.c.d.DomainNodeBootstrap:domain=local - Initializing node with id NodeId(local::12202030f2f7...)
2026-04-08 00:52:32,684 [canton-env-ec-29] INFO  c.d.c.p.s.CantonSyncService:participant=sandbox tid:930714f6d5c096f139987c49ec114544 - Recovering published timely rejections
2026-04-08 00:52:32,709 [canton-env-ec-23] INFO  c.d.c.p.s.CantonSyncService:participant=sandbox tid:930714f6d5c096f139987c49ec114544 - Publishing the unpublished events from the ParticipantEventLog
2026-04-08 00:52:33,177 [canton-env-ec-29] INFO  c.d.c.p.l.a.StartableStoppableLedgerApiServer:participant=sandbox - Creating storage, num-indexer: 16, num-ledger-api: 2
2026-04-08 00:52:33,358 [canton-env-ec-28] INFO  c.d.c.d.s.SequencerRuntime:domain=local - Sequencer is healthy
2026-04-08 00:52:33,460 [canton-env-ec-29] INFO  c.d.c.h.MutableHealthQuasiComponent:domain=local - 'sequencer' is now in state SequencerHealthStatus(active = true). Previous state was SequencerHealthStatus(active = false).
2026-04-08 00:52:33,467 [canton-env-ec-29] INFO  c.d.c.d.DomainNodeBootstrap:domain=local - 'sequencer-health-check-service' is now in state ServingStatus(status = 'SERVING'). Previous state was ServingStatus(status = 'NOT_SERVING').
2026-04-08 00:52:34,400 [canton-env-ec-27] INFO  c.d.c.p.s.b.VerifiedDataSource$:participant=sandbox - Attempting to connect to the database (attempt 1/600)
2026-04-08 00:52:35,978 [canton-env-ec-27] INFO  c.d.c.p.s.FlywayMigrations:participant=sandbox - Ensuring Flyway migration has either not started or there are no pending migrations...
2026-04-08 00:52:36,010 [canton-env-ec-27] INFO  o.f.c.i.license.VersionPrinter - Flyway Community Edition 9.22.3 by Redgate
2026-04-08 00:52:36,014 [canton-env-ec-27] INFO  o.f.c.i.license.VersionPrinter - See release notes here: https://rd.gt/416ObMi
2026-04-08 00:52:36,027 [canton-env-ec-27] INFO  o.f.c.i.license.VersionPrinter - 
2026-04-08 00:52:36,125 [canton-env-ec-28] INFO  c.d.c.s.c.SequencerClientImpl:domain=local/client=topology-manager - No event found up to 0001-01-01T00:00:00Z. Resubscribing from the beginning.
2026-04-08 00:52:36,147 [canton-env-ec-28] INFO  c.d.c.s.c.SequencerClientImpl:domain=local/client=topology-manager - Processing events from the SequencedEventStore from 0001-01-01T00:00:00.000001Z on
2026-04-08 00:52:36,383 [canton-env-ec-27] INFO  org.flywaydb.core.FlywayExecutor - Database: jdbc:h2:mem:ledger_api_sandbox12209ec33c8f0f879e68d7b113cfa5c10119b345863deaab5c87055c199ab471e774_72d8dab146ce4a16a2bfd433080dc663 (H2 2.1)
2026-04-08 00:52:36,486 [canton-env-ec-29] INFO  c.d.c.s.c.SequencerClientImpl:domain=local/client=topology-manager - Starting subscription for alias=SEQ::local::12202030f2f7... at timestamp None; next counter 0
2026-04-08 00:52:36,497 [canton-env-ec-27] INFO  o.f.c.i.s.JdbcTableSchemaHistory - Schema history table "PUBLIC"."flyway_schema_history" does not exist yet
2026-04-08 00:52:36,526 [canton-env-ec-29] INFO  c.d.c.h.DelegatingMutableHealthComponent:domain=local/client=topology-manager - 'sequencer-client' is now in state Ok(). Previous state was Not Initialized.
2026-04-08 00:52:36,582 [canton-env-ec-27] INFO  o.f.c.i.s.JdbcTableSchemaHistory - Schema history table "PUBLIC"."flyway_schema_history" does not exist yet
2026-04-08 00:52:36,601 [canton-env-ec-27] INFO  c.d.c.p.s.FlywayMigrations:participant=sandbox - Running Flyway migration on empty database with 1 migrations pending...
2026-04-08 00:52:36,667 [canton-env-ec-27] INFO  o.f.c.i.s.JdbcTableSchemaHistory - Schema history table "PUBLIC"."flyway_schema_history" does not exist yet
2026-04-08 00:52:36,672 [canton-env-ec-27] INFO  o.f.c.internal.command.DbValidate - Successfully validated 1 migration (execution time 00:00.016s)
2026-04-08 00:52:36,738 [canton-env-ec-27] INFO  o.f.c.i.s.JdbcTableSchemaHistory - Creating Schema History table "PUBLIC"."flyway_schema_history" ...
2026-04-08 00:52:36,888 [canton-env-ec-27] INFO  o.f.core.internal.command.DbMigrate - Current version of schema "PUBLIC": << Empty Schema >>
2026-04-08 00:52:36,939 [canton-env-ec-29] INFO  c.d.c.d.i.TopologyManagementInitialization$:domain=local - Sending initial topology transactions to domain members Set(DOM::local::12202030f2f7..., MED::local::12202030f2f7...) as DOM::local::12202030f2f7...
2026-04-08 00:52:37,092 [canton-env-ec-27] INFO  o.f.core.internal.command.DbMigrate - Migrating schema "PUBLIC" to version "1 - Append only schema"
2026-04-08 00:52:37,540 [canton-env-ec-23] INFO  c.d.c.d.s.a.MemberAuthenticationServiceOld:domain=local - DOM::local::12202030f2f7... authenticated new token with expiry 2026-04-07T20:52:37.521839Z
2026-04-08 00:52:37,804 [canton-env-ec-27] INFO  o.f.core.internal.command.DbMigrate - Successfully applied 1 migration to schema "PUBLIC", now at version v1 (execution time 00:00.678s)
2026-04-08 00:52:37,832 [canton-env-ec-27] INFO  c.d.c.p.s.FlywayMigrations:participant=sandbox - Flyway schema migration finished successfully, applying 1 steps on empty database.
2026-04-08 00:52:37,875 [canton-env-ec-23] INFO  c.d.c.d.s.s.GrpcSequencerService:domain=local - DOM::local::12202030f2f7... subscribes from counter=0
2026-04-08 00:52:38,352 [canton-env-ec-22] INFO  c.d.c.p.i.RecoveringIndexer:participant=sandbox - Starting Indexer Server
2026-04-08 00:52:38,667 [canton-env-ec-40] INFO  com.zaxxer.hikari.HikariDataSource - daml.index.db.connection.indexer - Starting...
2026-04-08 00:52:38,748 [canton-env-ec-40] INFO  com.zaxxer.hikari.HikariDataSource - daml.index.db.connection.indexer - Start completed.
2026-04-08 00:52:38,972 [canton-env-ec-23] INFO  c.d.c.p.i.p.InitializeParallelIngestion:participant=sandbox - Attempting to initialize with participant ID sandbox::12209ec33c8f0f879e68d7b113cfa5c10119b345863deaab5c87055c199ab471e774
2026-04-08 00:52:38,990 [daml.index.db.threadpool.connection.indexer-1] INFO  c.d.c.p.s.b.c.ParameterStorageBackendImpl$:participant=sandbox - Initializing new database for participantId 'sandbox::12209ec33c8f0f879e68d7b113cfa5c10119b345863deaab5c87055c199ab471e774'
2026-04-08 00:52:38,994 [canton-env-ec-42] INFO  c.d.c.d.s.s.GrpcSequencerService:domain=local tid:da38215951334f06629a29c2665f4f2c - 'DOM::local::12202030f2f7...' sends request with id 'fb9a6a5e-ffa3-478e-9ab0-7616a0e10e52' of size 1799 bytes with 2 envelopes.
2026-04-08 00:52:39,116 [canton-env-ec-23] INFO  c.d.c.p.InMemoryState:participant=sandbox - Initializing participant in-memory state to ledger end: LedgerEnd(Offset(Bytes()),0,0)
2026-04-08 00:52:39,231 [canton-env-ec-29] INFO  c.d.c.p.i.UpdatePackageMetadataView$:participant=sandbox - Package Metadata View has been initialized (80 ms)
2026-04-08 00:52:39,327 [canton-env-ec-40] INFO  c.d.c.p.i.UpdatePackageMetadataView$:participant=sandbox - Checking loaded packages for upgrade compatibility finished after (94 ms)
2026-04-08 00:52:39,340 [canton-env-ec-40] INFO  c.d.c.p.DispatcherState:participant=sandbox - Started a Ledger API offset dispatcher at initialization offset: Offset(Bytes()).
2026-04-08 00:52:39,380 [canton-env-ec-23] INFO  c.d.c.d.s.s.SequencerReader$EventsReader:domain=local/subscriber=DOM::local::12202030f2f7 tid:da38215951334f06629a29c2665f4f2c - Using approximate topology snapshot at 0001-01-01T00:00:00.000001Z for desired timestamp 2026-04-07T19:52:39.270337Z
2026-04-08 00:52:39,720 [canton-env-ec-29] INFO  c.d.c.s.c.SequencedEventValidatorImpl:domain=local/client=topology-manager tid:da38215951334f06629a29c2665f4f2c - Skipping signature verification of the first sequenced event due to a fresh subscription from SEQ::local::12202030f2f7...
2026-04-08 00:52:39,824 [canton-env-ec-28] INFO  c.d.c.p.i.RecoveringIndexer:participant=sandbox - Started Indexer Server
2026-04-08 00:52:39,825 [canton-env-ec-40] INFO  c.d.c.p.i.p.ParallelIndexerFactory$:participant=sandbox - Indexer initialized, indexing started.
2026-04-08 00:52:39,847 [canton-env-ec-28] INFO  com.zaxxer.hikari.HikariDataSource - daml.index.db.connection.api-server - Starting...
2026-04-08 00:52:39,911 [canton-env-ec-28] INFO  com.zaxxer.hikari.HikariDataSource - daml.index.db.connection.api-server - Start completed.
2026-04-08 00:52:40,130 [input-mapping-pool-0] INFO  c.d.c.p.i.p.ParallelIndexerSubscription:participant=sandbox tid:930714f6d5c096f139987c49ec114544 - Storing at offset=000000000000000001 ConfigurationChanged(
  recordTime = 2026-04-07T19:52:32.769400Z,
  configuration = Configuration(generation = 1, maxDeduplicationDuration = 168h, timeModel = LedgerTimeModel(avgTransactionLatency = 0s, minSkew = 8760h, maxSkew = 8760h)),
  ...
)
2026-04-08 00:52:40,485 [canton-env-ec-40] INFO  c.d.c.p.i.IndexServiceOwner:participant=sandbox - Found existing participant with ID: sandbox::12209ec33c8f0f879e68d7b113cfa5c10119b345863deaab5c87055c199ab471e774`
2026-04-08 00:52:40,532 [canton-env-ec-40] INFO  c.d.c.t.p.DomainTopologyTransactionMessageValidator$Impl:domain=local/client=topology-manager tid:da38215951334f06629a29c2665f4f2c - Using approximate topology snapshot at 0001-01-01T00:00:00.000001Z for desired timestamp 2026-04-07T19:52:39.270337Z
2026-04-08 00:52:40,613 [canton-env-ec-29] INFO  c.d.c.t.p.TopologyTransactionProcessor:domain=local/client=topology-manager tid:da38215951334f06629a29c2665f4f2c - Updated topology change delay from=0s to 0.25s
2026-04-08 00:52:40,629 [canton-env-ec-41] INFO  c.d.c.t.p.TopologyTransactionProcessor:domain=local/client=topology-manager tid:da38215951334f06629a29c2665f4f2c - Storing topology transaction 1/6 Add NamespaceDelegation(12202030f2f7..., SigningPublicKey(id = 12202030f2f7..., format = Tink, scheme = Ed25519), true) with ts=EffectiveTime(2026-04-07T19:52:39.270337Z) (epsilon=0 ms)
2026-04-08 00:52:40,641 [canton-env-ec-41] INFO  c.d.c.t.p.TopologyTransactionProcessor:domain=local/client=topology-manager tid:da38215951334f06629a29c2665f4f2c - Storing topology transaction 2/6 Replace DomainParametersChange(
  local::12202030f2f7...,
  DynamicDomainParameters(
    participant response timeout = 30s,
    mediator reaction timeout = 30s,
    transfer exclusivity timeout = 1m,
    topology change delay = 0.25s,
    ledger time record time tolerance = 1m,
    mediator deduplication timeout = 2m,
    reconciliation interval = 1m,
    max rate per participant = 1000000,
    max request size = 10485760,
    catchup config = CatchUpConfig(catchUpIntervalSkip = 5, nrIntervalsToTriggerCatchUp = 2)
  )
) with ts=EffectiveTime(2026-04-07T19:52:39.270337Z) (epsilon=0 ms)
2026-04-08 00:52:40,652 [canton-env-ec-41] INFO  c.d.c.t.p.TopologyTransactionProcessor:domain=local/client=topology-manager tid:da38215951334f06629a29c2665f4f2c - Storing topology transaction 3/6 Add OwnerToKeyMapping(DOM::local::12202030f2f7..., SigningPublicKey(id = 12205f64aefd..., format = Tink, scheme = Ed25519)) with ts=EffectiveTime(2026-04-07T19:52:39.270337Z) (epsilon=0 ms)
2026-04-08 00:52:40,670 [canton-env-ec-41] INFO  c.d.c.t.p.TopologyTransactionProcessor:domain=local/client=topology-manager tid:da38215951334f06629a29c2665f4f2c - Storing topology transaction 4/6 Add OwnerToKeyMapping(MED::local::12202030f2f7..., SigningPublicKey(id = 12207592ba15..., format = Tink, scheme = Ed25519)) with ts=EffectiveTime(2026-04-07T19:52:39.270337Z) (epsilon=0 ms)
2026-04-08 00:52:40,680 [canton-env-ec-41] INFO  c.d.c.t.p.TopologyTransactionProcessor:domain=local/client=topology-manager tid:da38215951334f06629a29c2665f4f2c - Storing topology transaction 5/6 Add MediatorDomainState(Both, local::12202030f2f7..., MED::local::12202030f2f7...) with ts=EffectiveTime(2026-04-07T19:52:39.270337Z) (epsilon=0 ms)
2026-04-08 00:52:40,688 [canton-env-ec-41] INFO  c.d.c.t.p.TopologyTransactionProcessor:domain=local/client=topology-manager tid:da38215951334f06629a29c2665f4f2c - Storing topology transaction 6/6 Add OwnerToKeyMapping(SEQ::local::12202030f2f7..., SigningPublicKey(id = 1220fde4f326..., format = Tink, scheme = Ed25519)) with ts=EffectiveTime(2026-04-07T19:52:39.270337Z) (epsilon=0 ms)
2026-04-08 00:52:40,841 [canton-env-ec-23] INFO  c.d.c.p.a.r.MemoryCheck$:participant=sandbox - Using 'tenured' memory pool G1 Old Gen.  Setting its collection pool threshold to 987758592
2026-04-08 00:52:41,033 [canton-env-ec-29] INFO  c.d.c.h.MutableHealthComponent:domain=local - 'domain-topology-sender' is now in state Ok(). Previous state was Not Initialized.
2026-04-08 00:52:41,290 [canton-env-ec-23] INFO  c.d.c.p.a.ApiServices$Owner:participant=sandbox - Daml-LF Engine supports LF versions: 1.14, 1.15, 1.17, 1.dev
2026-04-08 00:52:41,494 [canton-env-ec-41] INFO  c.d.c.p.a.c.LedgerConfigurationSubscriptionFromIndex:participant=sandbox - Initial ledger configuration lookup found configuration Configuration(1,LedgerTimeModel(PT0S,PT8760H,PT8760H),PT168H) at Absolute(000000000000000001). Looking for new ledger configurations from this offset.
2026-04-08 00:52:41,731 [canton-env-ec-42] INFO  c.d.c.s.c.SequencerClientImpl:domain=local/client=mediator - No event found up to 0001-01-01T00:00:00Z. Resubscribing from the beginning.
2026-04-08 00:52:41,733 [canton-env-ec-42] INFO  c.d.c.s.c.SequencerClientImpl:domain=local/client=mediator - Processing events from the SequencedEventStore from 0001-01-01T00:00:00.000001Z on
2026-04-08 00:52:41,771 [canton-env-ec-29] INFO  c.d.c.s.c.SequencerClientImpl:domain=local/client=mediator - Starting subscription for alias=SEQ::local::12202030f2f7... at timestamp None; next counter 0
2026-04-08 00:52:41,778 [canton-env-ec-29] INFO  c.d.c.h.DelegatingMutableHealthComponent:domain=local/client=mediator - 'sequencer-client' is now in state Ok(). Previous state was Not Initialized.
2026-04-08 00:52:41,972 [canton-env-ec-28] INFO  c.d.c.d.s.a.MemberAuthenticationServiceOld:domain=local - MED::local::12202030f2f7... authenticated new token with expiry 2026-04-07T20:52:41.950504Z
2026-04-08 00:52:42,027 [canton-env-ec-29] INFO  c.d.c.d.s.s.GrpcSequencerService:domain=local - MED::local::12202030f2f7... subscribes from counter=0
2026-04-08 00:52:42,151 [canton-env-ec-42] INFO  c.d.c.s.c.SequencedEventValidatorImpl:domain=local/client=mediator tid:da38215951334f06629a29c2665f4f2c - Skipping signature verification of the first sequenced event due to a fresh subscription from SEQ::local::12202030f2f7...
2026-04-08 00:52:42,232 [canton-env-ec-41] INFO  c.d.c.d.m.Mediator:domain=local/node=mediator tid:da38215951334f06629a29c2665f4f2c - Caught up with batch with counter=0 with sequencer with 2961 ms delay
2026-04-08 00:52:42,264 [canton-env-ec-41] INFO  c.d.c.t.p.DomainTopologyTransactionMessageValidator$Impl:domain=local/node=mediator/client=mediator tid:da38215951334f06629a29c2665f4f2c - Using approximate topology snapshot at 0001-01-01T00:00:00.000001Z for desired timestamp 2026-04-07T19:52:39.270337Z
2026-04-08 00:52:42,340 [canton-env-ec-40] INFO  c.d.c.t.p.TopologyTransactionProcessor:domain=local/node=mediator/client=mediator tid:da38215951334f06629a29c2665f4f2c - Updated topology change delay from=0s to 0.25s
2026-04-08 00:52:42,359 [canton-env-ec-40] INFO  c.d.c.t.p.TopologyTransactionProcessor:domain=local/node=mediator/client=mediator tid:da38215951334f06629a29c2665f4f2c - Storing topology transaction 1/6 Add NamespaceDelegation(12202030f2f7..., SigningPublicKey(id = 12202030f2f7..., format = Tink, scheme = Ed25519), true) with ts=EffectiveTime(2026-04-07T19:52:39.270337Z) (epsilon=0 ms)
2026-04-08 00:52:42,378 [canton-env-ec-40] INFO  c.d.c.t.p.TopologyTransactionProcessor:domain=local/node=mediator/client=mediator tid:da38215951334f06629a29c2665f4f2c - Storing topology transaction 2/6 Replace DomainParametersChange(
  local::12202030f2f7...,
  DynamicDomainParameters(
    participant response timeout = 30s,
    mediator reaction timeout = 30s,
    transfer exclusivity timeout = 1m,
    topology change delay = 0.25s,
    ledger time record time tolerance = 1m,
    mediator deduplication timeout = 2m,
    reconciliation interval = 1m,
    max rate per participant = 1000000,
    max request size = 10485760,
    catchup config = CatchUpConfig(catchUpIntervalSkip = 5, nrIntervalsToTriggerCatchUp = 2)
  )
) with ts=EffectiveTime(2026-04-07T19:52:39.270337Z) (epsilon=0 ms)
2026-04-08 00:52:42,387 [canton-env-ec-40] INFO  c.d.c.t.p.TopologyTransactionProcessor:domain=local/node=mediator/client=mediator tid:da38215951334f06629a29c2665f4f2c - Storing topology transaction 3/6 Add OwnerToKeyMapping(DOM::local::12202030f2f7..., SigningPublicKey(id = 12205f64aefd..., format = Tink, scheme = Ed25519)) with ts=EffectiveTime(2026-04-07T19:52:39.270337Z) (epsilon=0 ms)
2026-04-08 00:52:42,390 [canton-env-ec-40] INFO  c.d.c.t.p.TopologyTransactionProcessor:domain=local/node=mediator/client=mediator tid:da38215951334f06629a29c2665f4f2c - Storing topology transaction 4/6 Add OwnerToKeyMapping(MED::local::12202030f2f7..., SigningPublicKey(id = 12207592ba15..., format = Tink, scheme = Ed25519)) with ts=EffectiveTime(2026-04-07T19:52:39.270337Z) (epsilon=0 ms)
2026-04-08 00:52:42,406 [canton-env-ec-40] INFO  c.d.c.t.p.TopologyTransactionProcessor:domain=local/node=mediator/client=mediator tid:da38215951334f06629a29c2665f4f2c - Storing topology transaction 5/6 Add MediatorDomainState(Both, local::12202030f2f7..., MED::local::12202030f2f7...) with ts=EffectiveTime(2026-04-07T19:52:39.270337Z) (epsilon=0 ms)
2026-04-08 00:52:42,426 [canton-env-ec-40] INFO  c.d.c.t.p.TopologyTransactionProcessor:domain=local/node=mediator/client=mediator tid:da38215951334f06629a29c2665f4f2c - Storing topology transaction 6/6 Add OwnerToKeyMapping(SEQ::local::12202030f2f7..., SigningPublicKey(id = 1220fde4f326..., format = Tink, scheme = Ed25519)) with ts=EffectiveTime(2026-04-07T19:52:39.270337Z) (epsilon=0 ms)
2026-04-08 00:52:43,335 [canton-env-ec-40] INFO  c.d.c.p.a.LedgerApiService:participant=sandbox - Listening on 127.0.0.1:6865 over plain text with LedgerApiKeepAliveServerConfig(10m,20s,10s,true).
2026-04-08 00:52:43,338 [canton-env-ec-23] INFO  c.d.c.p.a.ApiServiceOwner$:participant=sandbox - Initialized API server version {component version not found on classpath} with ledger-id = sandbox, port = 6865.
2026-04-08 00:52:43,427 [canton-env-ec-40] INFO  c.d.c.p.a.s.ApiLedgerIdentityService:participant=sandbox tid:74cece7d3ea6202210201d0415230647 - Received request for ledger identity: GetLedgerIdentityRequest().
2026-04-08 00:52:48,334 [canton-env-ec-22] INFO  c.d.c.p.a.s.ApiPackageService:participant=sandbox tid:c36fecdd4f58d61076c3dc0f7003ab70 - Received request for a package status: GetPackageStatusRequest(sandbox,cc348d369011362a5190fe96dd1f0dfbc697fdfd10e382b9e9666f0da05961b7), packageId -> 'cc348d369011362a5190fe96dd1f0dfbc697fdfd10e382b9e9666f0da05961b7'.
2026-04-08 00:52:48,348 [canton-env-ec-42] INFO  c.d.c.p.a.s.ApiPackageService:participant=sandbox tid:c25c8d8c89490ced75bdb8e28eb03b9e - Received request for a package status: GetPackageStatusRequest(sandbox,86828b9843465f419db1ef8a8ee741d1eef645df02375ebf509cdc8c3ddd16cb), packageId -> '86828b9843465f419db1ef8a8ee741d1eef645df02375ebf509cdc8c3ddd16cb'.
2026-04-08 00:52:48,349 [canton-env-ec-40] INFO  c.d.c.p.a.s.ApiPackageService:participant=sandbox tid:6ef03fbfea8c49566fc58daa280a00be - Received request for a package status: GetPackageStatusRequest(sandbox,5921708ce82f4255deb1b26d2c05358b548720938a5a325718dc69f381ba47ff), packageId -> '5921708ce82f4255deb1b26d2c05358b548720938a5a325718dc69f381ba47ff'.
2026-04-08 00:52:48,364 [canton-env-ec-23] INFO  c.d.c.p.a.s.ApiPackageService:participant=sandbox tid:6fe7e099fa9094fb65a1d2e9d0cd0c63 - Received request for a package status: GetPackageStatusRequest(sandbox,d58cf9939847921b2aab78eaa7b427dc4c649d25e6bee3c749ace4c3f52f5c97), packageId -> 'd58cf9939847921b2aab78eaa7b427dc4c649d25e6bee3c749ace4c3f52f5c97'.
2026-04-08 00:52:48,372 [canton-env-ec-23] INFO  c.d.c.p.a.s.ApiPackageService:participant=sandbox tid:8a055fdcbcdac3dccf0be8aa22763a23 - Received request for a package status: GetPackageStatusRequest(sandbox,7748754b5e4d9392d6b485367e7b4d5e1b0142ff4d4ce3327911166633c5da04), packageId -> '7748754b5e4d9392d6b485367e7b4d5e1b0142ff4d4ce3327911166633c5da04'.
2026-04-08 00:52:48,382 [canton-env-ec-22] INFO  c.d.c.p.a.s.ApiPackageService:participant=sandbox tid:97be09ed71ed8768f6237179ba113e3a - Received request for a package status: GetPackageStatusRequest(sandbox,c1f1f00558799eec139fb4f4c76f95fb52fa1837a5dd29600baa1c8ed1bdccfd), packageId -> 'c1f1f00558799eec139fb4f4c76f95fb52fa1837a5dd29600baa1c8ed1bdccfd'.
2026-04-08 00:52:48,390 [canton-env-ec-27] INFO  c.d.c.p.a.s.ApiPackageService:participant=sandbox tid:dfc5b02ac0e91951a1202e5f5fc2da67 - Received request for a package status: GetPackageStatusRequest(sandbox,6c2c0667393c5f92f1885163068cd31800d2264eb088eb6fc740e11241b2bf06), packageId -> '6c2c0667393c5f92f1885163068cd31800d2264eb088eb6fc740e11241b2bf06'.
2026-04-08 00:52:48,401 [canton-env-ec-27] INFO  c.d.c.p.a.s.ApiPackageService:participant=sandbox tid:2fe6f0ee2dc481e5f813b47680419523 - Received request for a package status: GetPackageStatusRequest(sandbox,f20de1e4e37b92280264c08bf15eca0be0bc5babd7a7b5e574997f154c00cb78), packageId -> 'f20de1e4e37b92280264c08bf15eca0be0bc5babd7a7b5e574997f154c00cb78'.
2026-04-08 00:52:48,364 [canton-env-ec-29] INFO  c.d.c.p.a.s.ApiPackageService:participant=sandbox tid:66a739303ec53a805dd174c321eff885 - Received request for a package status: GetPackageStatusRequest(sandbox,d704ffbe610258c670d226b969e861dfcaf2f51bf0d205ef6ff6362af45985a1), packageId -> 'd704ffbe610258c670d226b969e861dfcaf2f51bf0d205ef6ff6362af45985a1'.
2026-04-08 00:52:48,410 [canton-env-ec-42] INFO  c.d.c.p.a.s.ApiPackageService:participant=sandbox tid:21979c1031be2e2ecb8061cf419ba413 - Received request for a package status: GetPackageStatusRequest(sandbox,8a7806365bbd98d88b4c13832ebfa305f6abaeaf32cfa2b7dd25c4fa489b79fb), packageId -> '8a7806365bbd98d88b4c13832ebfa305f6abaeaf32cfa2b7dd25c4fa489b79fb'.
2026-04-08 00:52:48,418 [canton-env-ec-40] INFO  c.d.c.p.a.s.ApiPackageService:participant=sandbox tid:644461e481fd16d4d2bf932183547fd3 - Received request for a package status: GetPackageStatusRequest(sandbox,3f4deaf145a15cdcfa762c058005e2edb9baa75bb7f95a4f8f6f937378e86415), packageId -> '3f4deaf145a15cdcfa762c058005e2edb9baa75bb7f95a4f8f6f937378e86415'.
2026-04-08 00:52:48,423 [canton-env-ec-23] INFO  c.d.c.p.a.s.ApiPackageService:participant=sandbox tid:8a3b0c9df2b5331487c6f888ab6d678f - Received request for a package status: GetPackageStatusRequest(sandbox,6851f194e144b693e63e9034b956c76cef6b5088dd8c66a657ab652a204dba2b), packageId -> '6851f194e144b693e63e9034b956c76cef6b5088dd8c66a657ab652a204dba2b'.
2026-04-08 00:52:48,430 [canton-env-ec-22] INFO  c.d.c.p.a.s.ApiPackageService:participant=sandbox tid:57f74ca5c3d918420a5de69285b13fba - Received request for a package status: GetPackageStatusRequest(sandbox,65921e553a353588e950cbc87e98a127730e63295f7ad8d3adae952ef0133b3e), packageId -> '65921e553a353588e950cbc87e98a127730e63295f7ad8d3adae952ef0133b3e'.
2026-04-08 00:52:48,375 [canton-env-ec-66] INFO  c.d.c.p.a.s.ApiPackageService:participant=sandbox tid:d72da5ff1bd63f7354fb70a9330e3791 - Received request for a package status: GetPackageStatusRequest(sandbox,733e38d36a2759688a4b2c4cec69d48e7b55ecc8dedc8067b815926c917a182a), packageId -> '733e38d36a2759688a4b2c4cec69d48e7b55ecc8dedc8067b815926c917a182a'.
2026-04-08 00:52:48,372 [canton-env-ec-67] INFO  c.d.c.p.a.s.ApiPackageService:participant=sandbox tid:fc5475a5c58d4a8ef83dd03a45468191 - Received request for a package status: GetPackageStatusRequest(sandbox,99a2705ed38c1c26cbb8fe7acf36bbf626668e167a33335de932599219e0a235), packageId -> '99a2705ed38c1c26cbb8fe7acf36bbf626668e167a33335de932599219e0a235'.
2026-04-08 00:52:48,436 [canton-env-ec-28] INFO  c.d.c.p.a.s.ApiPackageService:participant=sandbox tid:9026891bce7373a9f311b5623034ccba - Received request for a package status: GetPackageStatusRequest(sandbox,e22bce619ae24ca3b8e6519281cb5a33b64b3190cc763248b4c3f9ad5087a92c), packageId -> 'e22bce619ae24ca3b8e6519281cb5a33b64b3190cc763248b4c3f9ad5087a92c'.
2026-04-08 00:52:48,446 [canton-env-ec-66] INFO  c.d.c.p.a.s.ApiPackageService:participant=sandbox tid:14781c4ce4ca8d188b8c47185b18324e - Received request for a package status: GetPackageStatusRequest(sandbox,e4cc67c3264eba4a19c080cac5ab32d87551578e0f5f58b6a9460f91c7abc254), packageId -> 'e4cc67c3264eba4a19c080cac5ab32d87551578e0f5f58b6a9460f91c7abc254'.
2026-04-08 00:52:48,448 [canton-env-ec-23] INFO  c.d.c.p.a.s.ApiPackageService:participant=sandbox tid:ef481109141a597aa754fba8fa867191 - Received request for a package status: GetPackageStatusRequest(sandbox,82fa64bf7428c614565513731b36464c411b8f252b6f2188aeaca9236f013c84), packageId -> '82fa64bf7428c614565513731b36464c411b8f252b6f2188aeaca9236f013c84'.
2026-04-08 00:52:48,451 [canton-env-ec-29] INFO  c.d.c.p.a.s.ApiPackageService:participant=sandbox tid:892657cde130cb887598982f0fc035b9 - Received request for a package status: GetPackageStatusRequest(sandbox,518032f41fd0175461b35ae0c9691e08b4aea55e62915f8360af2cc7a1f2ba6c), packageId -> '518032f41fd0175461b35ae0c9691e08b4aea55e62915f8360af2cc7a1f2ba6c'.
2026-04-08 00:52:48,456 [canton-env-ec-29] INFO  c.d.c.p.a.s.ApiPackageService:participant=sandbox tid:14c377a510637a423e11e2e582aba986 - Received request for a package status: GetPackageStatusRequest(sandbox,852d8e3a8ccf952acc73e17522846bc1eb41498e840d637e519ddcca7dbc7671), packageId -> '852d8e3a8ccf952acc73e17522846bc1eb41498e840d637e519ddcca7dbc7671'.
2026-04-08 00:52:48,459 [canton-env-ec-27] INFO  c.d.c.p.a.s.ApiPackageService:participant=sandbox tid:32af34e6d82f6cc7ba6c6ff5fb4e0fb2 - Received request for a package status: GetPackageStatusRequest(sandbox,bfcd37bd6b84768e86e432f5f6c33e25d9e7724a9d42e33875ff74f6348e733f), packageId -> 'bfcd37bd6b84768e86e432f5f6c33e25d9e7724a9d42e33875ff74f6348e733f'.
2026-04-08 00:52:48,462 [canton-env-ec-23] INFO  c.d.c.p.a.s.ApiPackageService:participant=sandbox tid:30b181cda1c010bd72dda80d24c4b113 - Received request for a package status: GetPackageStatusRequest(sandbox,cb0552debf219cc909f51cbb5c3b41e9981d39f8f645b1f35e2ef5be2e0b858a), packageId -> 'cb0552debf219cc909f51cbb5c3b41e9981d39f8f645b1f35e2ef5be2e0b858a'.
2026-04-08 00:52:48,467 [canton-env-ec-23] INFO  c.d.c.p.a.s.ApiPackageService:participant=sandbox tid:10db973c96ebfe5817ce96fbeee632e1 - Received request for a package status: GetPackageStatusRequest(sandbox,057eed1fd48c238491b8ea06b9b5bf85a5d4c9275dd3f6183e0e6b01730cc2ba), packageId -> '057eed1fd48c238491b8ea06b9b5bf85a5d4c9275dd3f6183e0e6b01730cc2ba'.
2026-04-08 00:52:48,481 [canton-env-ec-23] INFO  c.d.c.p.a.s.ApiPackageService:participant=sandbox tid:715ed7972a149be267a83bc28626a300 - Received request for a package status: GetPackageStatusRequest(sandbox,76bf0fd12bd945762a01f8fc5bbcdfa4d0ff20f8762af490f8f41d6237c6524f), packageId -> '76bf0fd12bd945762a01f8fc5bbcdfa4d0ff20f8762af490f8f41d6237c6524f'.
2026-04-08 00:52:48,475 [canton-env-ec-28] INFO  c.d.c.p.a.s.ApiPackageService:participant=sandbox tid:1a11f470c75087b3a11cd88a7bcee2c8 - Received request for a package status: GetPackageStatusRequest(sandbox,6839a6d3d430c569b2425e9391717b44ca324b88ba621d597778811b2d05031d), packageId -> '6839a6d3d430c569b2425e9391717b44ca324b88ba621d597778811b2d05031d'.
2026-04-08 00:52:48,463 [canton-env-ec-29] INFO  c.d.c.p.a.s.ApiPackageService:participant=sandbox tid:67595181cf60f5d4e183292dffde519b - Received request for a package status: GetPackageStatusRequest(sandbox,d14e08374fc7197d6a0de468c968ae8ba3aadbf9315476fd39071831f5923662), packageId -> 'd14e08374fc7197d6a0de468c968ae8ba3aadbf9315476fd39071831f5923662'.
2026-04-08 00:52:48,459 [canton-env-ec-42] INFO  c.d.c.p.a.s.ApiPackageService:participant=sandbox tid:5bbc6ef21f811bed53fd6a4bca16fa92 - Received request for a package status: GetPackageStatusRequest(sandbox,57b5c520512c24035057aa4c783cb7ac7f3f49db29806280962e188be7aadb66), packageId -> '57b5c520512c24035057aa4c783cb7ac7f3f49db29806280962e188be7aadb66'.
2026-04-08 00:52:48,493 [canton-env-ec-27] INFO  c.d.c.p.a.s.ApiPackageService:participant=sandbox tid:dd1a9a166e248dd06986d5ebd4338a7a - Received request for a package status: GetPackageStatusRequest(sandbox,10e0333b52bba1ff147fc408a6b7d68465b157635ee230493bd6029b750dcb05), packageId -> '10e0333b52bba1ff147fc408a6b7d68465b157635ee230493bd6029b750dcb05'.
2026-04-08 00:52:48,485 [canton-env-ec-22] INFO  c.d.c.p.a.s.ApiPackageService:participant=sandbox tid:772ebf2f66f8543f9523363932aa64a2 - Received request for a package status: GetPackageStatusRequest(sandbox,38e6274601b21d7202bb995bc5ec147decda5a01b68d57dda422425038772af7), packageId -> '38e6274601b21d7202bb995bc5ec147decda5a01b68d57dda422425038772af7'.
2026-04-08 00:52:48,484 [canton-env-ec-40] INFO  c.d.c.p.a.s.ApiPackageService:participant=sandbox tid:6463846522060271edce75fac6ddb51a - Received request for a package status: GetPackageStatusRequest(sandbox,e491352788e56ca4603acc411ffe1a49fefd76ed8b163af86cf5ee5f4c38645b), packageId -> 'e491352788e56ca4603acc411ffe1a49fefd76ed8b163af86cf5ee5f4c38645b'.
2026-04-08 00:52:48,512 [canton-env-ec-23] INFO  c.d.c.p.a.s.ApiPackageService:participant=sandbox tid:6ef9f7d6bbc9bd3321bed4252ad78b35 - Received request for a package status: GetPackageStatusRequest(sandbox,40f452260bef3f29dede136108fc08a88d5a5250310281067087da6f0baddff7), packageId -> '40f452260bef3f29dede136108fc08a88d5a5250310281067087da6f0baddff7'.
2026-04-08 00:52:48,499 [canton-env-ec-28] INFO  c.d.c.p.a.s.ApiPackageService:participant=sandbox tid:49db048428f248743463bac25029208e - Received request for a package status: GetPackageStatusRequest(sandbox,97b883cd8a2b7f49f90d5d39c981cf6e110cf1f1c64427a28a6d58ec88c43657), packageId -> '97b883cd8a2b7f49f90d5d39c981cf6e110cf1f1c64427a28a6d58ec88c43657'.
2026-04-08 00:52:56,076 [input-mapping-pool-1] INFO  c.d.c.p.i.p.ParallelIndexerSubscription:participant=sandbox tid:2dc0b785bcef57a3628e8069ccc7b68b - Storing at offset=000000000000000002 PublicPackageUpload(
  recordTime = 2026-04-07T19:52:56.034201Z,
  archives = Seq(
    7748754b5e4d...,
    65921e553a35...,
    6851f194e144...,
    57b5c520512c...,
    cb0552debf21...,
    3f4deaf145a1...,
    86828b984346...,
    f20de1e4e37b...,
    76bf0fd12bd9...,
    38e6274601b2...,
    d58cf9939847...,
    40f452260bef...,
    e491352788e5...,
    6839a6d3d430...,
    518032f41fd0...,
    d704ffbe6102...,
    82fa64bf7428...,
    852d8e3a8ccf...,
    10e0333b52bb...,
    bfcd37bd6b84...,
    cc348d369011...,
    057eed1fd48c...,
    d14e08374fc7...,
    c1f1f0055879...,
    6c2c0667393c...,
    e22bce619ae2...,
    e4cc67c3264e...,
    8a7806365bbd...,
    97b883cd8a2b...,
    5921708ce82f...,
    733e38d36a27...,
    99a2705ed38c...
  ),
  sourceDescription = 'AdminWorkflowsWithVacuuming'
)
2026-04-08 00:52:59,088 [canton-env-ec-23] INFO  c.d.c.p.t.ParticipantTopologyManager:participant=sandbox tid:2dc0b785bcef57a3628e8069ccc7b68b - Applied topology transaction Add VettedPackages(
  participant = sandbox::12209ec33c8f...,
  packages = Seq(
    7748754b5e4d...,
    65921e553a35...,
    6851f194e144...,
    57b5c520512c...,
    cb0552debf21...,
    3f4deaf145a1...,
    86828b984346...,
    f20de1e4e37b...,
    76bf0fd12bd9...,
    38e6274601b2...,
    d58cf9939847...,
    40f452260bef...,
    e491352788e5...,
    6839a6d3d430...,
    518032f41fd0...,
    d704ffbe6102...,
    82fa64bf7428...,
    852d8e3a8ccf...,
    10e0333b52bb...,
    bfcd37bd6b84...,
    cc348d369011...,
    057eed1fd48c...,
    d14e08374fc7...,
    c1f1f0055879...,
    6c2c0667393c...,
    e22bce619ae2...,
    e4cc67c3264e...,
    8a7806365bbd...,
    97b883cd8a2b...,
    5921708ce82f...,
    733e38d36a27...,
    99a2705ed38c...
  )
) at 2026-04-07T19:52:59.086908Z
2026-04-08 00:52:59,303 [canton-env-ec-22] INFO  c.d.c.p.a.s.ApiLedgerIdentityService:participant=sandbox tid:568699814201f35b5741107f5a39eb56 - Received request for ledger identity: GetLedgerIdentityRequest().
2026-04-08 00:52:59,417 [canton-env-ec-66] INFO  c.d.c.p.a.s.ApiPackageService:participant=sandbox tid:9df203a54909a529bbd68c2672bed19e - Received request for a package status: GetPackageStatusRequest(sandbox,65921e553a353588e950cbc87e98a127730e63295f7ad8d3adae952ef0133b3e), packageId -> '65921e553a353588e950cbc87e98a127730e63295f7ad8d3adae952ef0133b3e'.
2026-04-08 00:52:59,500 [canton-env-ec-66] INFO  c.d.c.p.a.PingService:participant=sandbox - The operation 'wait-for-admin-workflows-to-appear-on-ledger-api' was not successful. New kind of error: no success error (request infinite retries). Retrying after 0.1s. Result: Outcome(false). 
2026-04-08 00:52:59,645 [canton-env-ec-29] INFO  c.d.c.p.a.PingService:participant=sandbox - Now retrying operation 'wait-for-admin-workflows-to-appear-on-ledger-api'. 
2026-04-08 00:52:59,698 [canton-env-ec-66] INFO  c.d.c.p.a.s.ApiPackageService:participant=sandbox tid:4bd34ccddfe44056cce537336dcc9e6b - Received request for a package status: GetPackageStatusRequest(sandbox,65921e553a353588e950cbc87e98a127730e63295f7ad8d3adae952ef0133b3e), packageId -> '65921e553a353588e950cbc87e98a127730e63295f7ad8d3adae952ef0133b3e'.
2026-04-08 00:53:00,472 [canton-env-ec-66] INFO  c.d.c.p.a.s.t.TransactionServiceImpl:participant=sandbox tid:828f6c516c9e33f725923d2c15f3663e - Received request for transactions, startExclusive -> '000000000000000001', endInclusive -> , filters -> {sandbox::12209ec33c8f0f879e68d7b113cfa5c10119b345863deaab5c87055c199ab471e774: 'all-templates'}, verbose -> false, ledgerId -> 'sandbox'.
2026-04-08 00:53:01,216 [canton-env-ec-29] INFO  c.d.c.p.t.ParticipantTopologyManager:participant=sandbox tid:fc89fcf6f951859001b46f6158c4e487 - Applied topology transaction Add OwnerToKeyMapping(PAR::sandbox::12209ec33c8f..., SigningPublicKey(id = 1220a2d81a37..., format = Tink, scheme = Ed25519)) at 2026-04-07T19:53:01.214842Z
2026-04-08 00:53:01,247 [canton-env-ec-29] INFO  c.d.c.p.t.ParticipantTopologyManager:participant=sandbox tid:fc89fcf6f951859001b46f6158c4e487 - Applied topology transaction Add OwnerToKeyMapping(PAR::sandbox::12209ec33c8f..., EncryptionPublicKey(id = 1220403e2261..., format = Tink, scheme = ECIES-P256_HMAC256_AES128-GCM)) at 2026-04-07T19:53:01.245140Z
2026-04-08 00:53:01,253 [canton-env-ec-41] INFO  c.d.c.p.ParticipantNodeBootstrap:participant=sandbox - Initializing node with id NodeId(sandbox::12209ec33c8f...)
2026-04-08 00:53:01,264 [canton-env-ec-29] INFO  c.d.c.p.s.CantonSyncService:participant=sandbox tid:a44c720ffd070441f72ee941742b5322 - Reconnecting to domains List(). Already connected: Set()
2026-04-08 00:53:01,273 [canton-env-ec-29] INFO  c.d.c.p.s.CantonSyncService:participant=sandbox tid:a44c720ffd070441f72ee941742b5322 - Successfully re-connected to domains List()
2026-04-08 00:53:01,282 [main] INFO  c.d.c.e.CommunityEnvironment - Auto-connecting local participants List(sandbox) to local domains List(local)
2026-04-08 00:53:01,531 [canton-env-ec-29] INFO  c.d.c.c.d.g.SequencerInfoLoader:participant=sandbox - Version handshake with sequencer Sequencer 'DefaultSequencer' and domain using protocol version 7 succeeded.
2026-04-08 00:53:02,189 [canton-env-ec-29] INFO  c.d.c.p.t.ParticipantTopologyManager:participant=sandbox - Applied topology transaction Add ParticipantState(To, local::12202030f2f7..., PAR::sandbox::12209ec33c8f..., Submission, Ordinary) at 2026-04-07T19:53:02.188157Z
2026-04-08 00:53:02,343 [canton-env-ec-66] INFO  c.d.c.s.c.SequencerClientImpl:participant=sandbox/domainId=local::12202030f2f7 - No event found up to 0001-01-01T00:00:00Z. Resubscribing from the beginning.
2026-04-08 00:53:02,347 [canton-env-ec-66] INFO  c.d.c.s.c.SequencerClientImpl:participant=sandbox/domainId=local::12202030f2f7 - Processing events from the SequencedEventStore from 0001-01-01T00:00:00.000001Z on
2026-04-08 00:53:02,350 [canton-env-ec-22] INFO  c.d.c.s.c.SequencerClientImpl:participant=sandbox/domainId=local::12202030f2f7 - Starting subscription for alias=SEQ::local::12202030f2f7... at timestamp None; next counter 0
2026-04-08 00:53:02,352 [canton-env-ec-22] INFO  c.d.c.h.DelegatingMutableHealthComponent:participant=sandbox/domainId=local::12202030f2f7 - 'sequencer-client' is now in state Ok(). Previous state was Not Initialized.
2026-04-08 00:53:02,364 [canton-env-ec-29] INFO  c.d.c.d.s.s.GrpcSequencerService:domain=local - UNM::4ffa12eecb3d74914ea9a0f610ec8a80c2dd2867::12209ec33c8f... subscribes from counter=0
2026-04-08 00:53:02,451 [canton-env-ec-27] INFO  c.d.c.d.s.s.GrpcSequencerService:domain=local tid:bf816d744bd157e65b632a95b9e99254 - 'UNM::4ffa12eecb3d74914ea9a0f610ec8a80c2dd2867::12209ec33c8f...' sends request with id '558cefaa-9c8e-4306-9328-597264408158' of size 1425 bytes with 1 envelopes.
2026-04-08 00:53:02,468 [canton-env-ec-41] INFO  c.d.c.d.s.s.SequencerReader$EventsReader:domain=local/subscriber=UNM::4ffa12eecb3d74914ea9a0f610ec8a80c2dd2867::12209ec33c8f tid:bf816d744bd157e65b632a95b9e99254 - Using approximate topology snapshot at 2026-04-07T19:52:39.270338Z for desired timestamp 2026-04-07T19:53:02.459857Z
2026-04-08 00:53:02,659 [canton-env-ec-66] INFO  c.d.c.d.t.DomainTopologyManager:domain=local tid:bf816d744bd157e65b632a95b9e99254 - Applied topology transaction Add NamespaceDelegation(12209ec33c8f..., SigningPublicKey(id = 12209ec33c8f..., format = Tink, scheme = Ed25519), true) at 2026-04-07T19:53:02.658208Z
2026-04-08 00:53:02,678 [canton-env-ec-41] INFO  c.d.c.d.t.DomainTopologyManager:domain=local tid:bf816d744bd157e65b632a95b9e99254 - Applied topology transaction Add OwnerToKeyMapping(PAR::sandbox::12209ec33c8f..., SigningPublicKey(id = 1220a2d81a37..., format = Tink, scheme = Ed25519)) at 2026-04-07T19:53:02.677407Z
2026-04-08 00:53:02,709 [canton-env-ec-29] INFO  c.d.c.d.t.DomainTopologyManager:domain=local tid:bf816d744bd157e65b632a95b9e99254 - Applied topology transaction Add OwnerToKeyMapping(PAR::sandbox::12209ec33c8f..., EncryptionPublicKey(id = 1220403e2261..., format = Tink, scheme = ECIES-P256_HMAC256_AES128-GCM)) at 2026-04-07T19:53:02.705521Z
2026-04-08 00:53:02,733 [canton-env-ec-41] INFO  c.d.c.d.t.DomainTopologyManager:domain=local tid:bf816d744bd157e65b632a95b9e99254 - Setting participant PAR::sandbox::12209ec33c8f... state to ParticipantAttributes(Submission,Ordinary)
2026-04-08 00:53:02,733 [canton-env-ec-23] INFO  c.d.c.d.s.s.GrpcSequencerService:domain=local tid:bf816d744bd157e65b632a95b9e99254 - 'DOM::local::12202030f2f7...' sends request with id '4932ebab-8c50-40af-8238-de989fac48af' of size 919 bytes with 1 envelopes.
2026-04-08 00:53:02,735 [canton-env-ec-41] INFO  c.d.c.d.t.DomainTopologyManager:domain=local tid:bf816d744bd157e65b632a95b9e99254 - Applied topology transaction Add ParticipantState(From, local::12202030f2f7..., PAR::sandbox::12209ec33c8f..., Submission, Ordinary) at 2026-04-07T19:53:02.731964Z
2026-04-08 00:53:02,752 [canton-env-ec-29] INFO  c.d.c.d.t.DomainTopologyManager:domain=local tid:bf816d744bd157e65b632a95b9e99254 - Applied topology transaction Add ParticipantState(To, local::12202030f2f7..., PAR::sandbox::12209ec33c8f..., Submission, Ordinary) at 2026-04-07T19:53:02.751553Z
2026-04-08 00:53:02,760 [canton-env-ec-29] INFO  c.d.c.d.t.RequestProcessingStrategy$Impl:domain=local tid:bf816d744bd157e65b632a95b9e99254 - Successfully onboarded PAR::sandbox::12209ec33c8f...
2026-04-08 00:53:02,804 [canton-env-ec-29] INFO  c.d.c.d.t.DomainTopologyManagerRequestService:domain=local tid:bf816d744bd157e65b632a95b9e99254 - Register topology request by UNM::4ffa12eecb3d74914ea9a0f610ec8a80c2dd2867::12209ec33c8f... for PAR::sandbox::12209ec33c8f... yielded
  Accepted -> Add NamespaceDelegation(12209ec33c8f..., SigningPublicKey(id = 12209ec33c8f..., format = Tink, scheme = Ed25519), true)
  Accepted -> Add OwnerToKeyMapping(PAR::sandbox::12209ec33c8f..., SigningPublicKey(id = 1220a2d81a37..., format = Tink, scheme = Ed25519))
  Accepted -> Add OwnerToKeyMapping(PAR::sandbox::12209ec33c8f..., EncryptionPublicKey(id = 1220403e2261..., format = Tink, scheme = ECIES-P256_HMAC256_AES128-GCM))
  Accepted -> Add ParticipantState(To, local::12202030f2f7..., PAR::sandbox::12209ec33c8f..., Submission, Ordinary)
2026-04-08 00:53:02,834 [canton-env-ec-22] INFO  c.d.c.t.p.TopologyTransactionProcessor:domain=local/node=mediator/client=mediator tid:bf816d744bd157e65b632a95b9e99254 - Storing topology transaction 1/1 Add NamespaceDelegation(12209ec33c8f..., SigningPublicKey(id = 12209ec33c8f..., format = Tink, scheme = Ed25519), true) with ts=EffectiveTime(2026-04-07T19:53:02.997482Z) (epsilon=250 ms)
2026-04-08 00:53:02,879 [canton-env-ec-23] INFO  c.d.c.t.p.TopologyTransactionProcessor:domain=local/client=topology-manager tid:bf816d744bd157e65b632a95b9e99254 - Storing topology transaction 1/1 Add NamespaceDelegation(12209ec33c8f..., SigningPublicKey(id = 12209ec33c8f..., format = Tink, scheme = Ed25519), true) with ts=EffectiveTime(2026-04-07T19:53:02.997482Z) (epsilon=250 ms)
2026-04-08 00:53:02,908 [canton-env-ec-29] INFO  c.d.c.d.s.s.GrpcSequencerService:domain=local tid:bf816d744bd157e65b632a95b9e99254 - 'DOM::local::12202030f2f7...' sends request with id '9a43fb05-3f34-4def-9ab0-2f9766f3e031' of size 1558 bytes with 1 envelopes.
2026-04-08 00:53:02,923 [canton-env-ec-41] INFO  c.d.c.d.s.s.GrpcSequencerService:domain=local tid:bf816d744bd157e65b632a95b9e99254 - 'DOM::local::12202030f2f7...' sends request with id '5e361e5c-2604-4641-971b-ad476fcd14d1' of size 549 bytes with 1 envelopes.
2026-04-08 00:53:03,105 [canton-env-ec-40] INFO  c.d.c.t.p.TopologyTransactionProcessor:domain=local/node=mediator/client=mediator tid:bf816d744bd157e65b632a95b9e99254 - Storing topology transaction 1/3 Add OwnerToKeyMapping(PAR::sandbox::12209ec33c8f..., SigningPublicKey(id = 1220a2d81a37..., format = Tink, scheme = Ed25519)) with ts=EffectiveTime(2026-04-07T19:53:03.183548Z) (epsilon=250 ms)
2026-04-08 00:53:03,118 [canton-env-ec-40] INFO  c.d.c.t.p.TopologyTransactionProcessor:domain=local/node=mediator/client=mediator tid:bf816d744bd157e65b632a95b9e99254 - Storing topology transaction 2/3 Add OwnerToKeyMapping(PAR::sandbox::12209ec33c8f..., EncryptionPublicKey(id = 1220403e2261..., format = Tink, scheme = ECIES-P256_HMAC256_AES128-GCM)) with ts=EffectiveTime(2026-04-07T19:53:03.183548Z) (epsilon=250 ms)
2026-04-08 00:53:03,129 [canton-env-ec-67] INFO  c.d.c.d.t.MemberTopologyCatchup:domain=local/identity tid:bf816d744bd157e65b632a95b9e99254 - Participant PAR::sandbox::12209ec33c8f... is changing from None to Some(Submission), requires to catch up 10
2026-04-08 00:53:03,130 [canton-env-ec-40] INFO  c.d.c.t.p.TopologyTransactionProcessor:domain=local/node=mediator/client=mediator tid:bf816d744bd157e65b632a95b9e99254 - Storing topology transaction 3/3 Add ParticipantState(From, local::12202030f2f7..., PAR::sandbox::12209ec33c8f..., Submission, Ordinary) with ts=EffectiveTime(2026-04-07T19:53:03.183548Z) (epsilon=250 ms)
2026-04-08 00:53:03,136 [canton-env-ec-42] INFO  c.d.c.s.c.ResilientSequencerSubscription:participant=sandbox/domainId=local::12202030f2f7 - 'sequencer-client' is now in state Failed(Disconnected from domain). Previous state was Ok().
2026-04-08 00:53:03,142 [canton-env-ec-42] INFO  c.d.c.h.DelegatingMutableHealthComponent:participant=sandbox/domainId=local::12202030f2f7 - 'sequencer-client' is now in state Failed(Disconnected from domain). Previous state was Ok().
2026-04-08 00:53:03,147 [canton-env-ec-29] INFO  c.d.c.t.p.TopologyTransactionProcessor:domain=local/client=topology-manager tid:bf816d744bd157e65b632a95b9e99254 - Storing topology transaction 1/3 Add OwnerToKeyMapping(PAR::sandbox::12209ec33c8f..., SigningPublicKey(id = 1220a2d81a37..., format = Tink, scheme = Ed25519)) with ts=EffectiveTime(2026-04-07T19:53:03.183548Z) (epsilon=250 ms)
2026-04-08 00:53:03,152 [canton-env-ec-29] INFO  c.d.c.t.p.TopologyTransactionProcessor:domain=local/client=topology-manager tid:bf816d744bd157e65b632a95b9e99254 - Storing topology transaction 2/3 Add OwnerToKeyMapping(PAR::sandbox::12209ec33c8f..., EncryptionPublicKey(id = 1220403e2261..., format = Tink, scheme = ECIES-P256_HMAC256_AES128-GCM)) with ts=EffectiveTime(2026-04-07T19:53:03.183548Z) (epsilon=250 ms)
2026-04-08 00:53:03,155 [canton-env-ec-29] INFO  c.d.c.t.p.TopologyTransactionProcessor:domain=local/client=topology-manager tid:bf816d744bd157e65b632a95b9e99254 - Storing topology transaction 3/3 Add ParticipantState(From, local::12202030f2f7..., PAR::sandbox::12209ec33c8f..., Submission, Ordinary) with ts=EffectiveTime(2026-04-07T19:53:03.183548Z) (epsilon=250 ms)
2026-04-08 00:53:03,168 [canton-env-ec-28] INFO  c.d.c.s.c.t.GrpcSequencerSubscription:participant=sandbox/domainId=local::12202030f2f7 - GRPC subscription successfully closed due to client shutdown.
2026-04-08 00:53:03,181 [canton-env-ec-22] INFO  c.d.c.n.g.ApiRequestLogger:domain=local tid:70a3ab87650d76be2ef2d463a85ae88f - Request c.d.c.d.a.v.SequencerService/SubscribeUnauthenticatedVersioned by /127.0.0.1:45918: cancelled. Cancellations can be caused by timeouts, explicit cancellation by the client, network errors, etc.
2026-04-08 00:53:03,183 [canton-env-ec-22] INFO  c.d.c.d.s.s.GrpcManagedSubscription:domain=local/member=UNM::4ffa12eecb3d74914ea9a0f610ec8a80c2dd2867::12209ec33c8f - Subscription cancelled by client UNM::4ffa12eecb3d74914ea9a0f610ec8a80c2dd2867::12209ec33c8f....
2026-04-08 00:53:03,184 [canton-env-ec-29] INFO  c.d.c.d.s.s.GrpcSequencerService:domain=local tid:bf816d744bd157e65b632a95b9e99254 - 'DOM::local::12202030f2f7...' sends request with id 'd052e6d5-7d01-483c-a162-c5e19c1712f8' of size 2665 bytes with 1 envelopes.
2026-04-08 00:53:03,246 [canton-env-ec-40] INFO  c.d.c.c.d.g.GrpcSequencerConnectClient:participant=sandbox - The operation 'verify active' was not successful. New kind of error: no success error (request infinite retries). Retrying after 0.5s. Result: Right(false). 
2026-04-08 00:53:03,306 [canton-env-ec-29] INFO  c.d.c.d.s.s.GrpcSequencerService:domain=local tid:bf816d744bd157e65b632a95b9e99254 - 'DOM::local::12202030f2f7...' sends request with id '684c41a5-fd0e-498a-9260-322a863f79bc' of size 936 bytes with 1 envelopes.
2026-04-08 00:53:03,374 [canton-env-ec-28] INFO  c.d.c.t.p.TopologyTransactionProcessor:domain=local/client=topology-manager tid:bf816d744bd157e65b632a95b9e99254 - Storing topology transaction 1/1 Add ParticipantState(To, local::12202030f2f7..., PAR::sandbox::12209ec33c8f..., Submission, Ordinary) with ts=EffectiveTime(2026-04-07T19:53:03.568505Z) (epsilon=250 ms)
2026-04-08 00:53:03,391 [canton-env-ec-28] INFO  c.d.c.t.p.TopologyTransactionProcessor:domain=local/node=mediator/client=mediator tid:bf816d744bd157e65b632a95b9e99254 - Storing topology transaction 1/1 Add ParticipantState(To, local::12202030f2f7..., PAR::sandbox::12209ec33c8f..., Submission, Ordinary) with ts=EffectiveTime(2026-04-07T19:53:03.568505Z) (epsilon=250 ms)
2026-04-08 00:53:03,749 [canton-env-ec-67] INFO  c.d.c.c.d.g.GrpcSequencerConnectClient:participant=sandbox - Now retrying operation 'verify active'. 
2026-04-08 00:53:03,847 [canton-env-ec-67] INFO  c.d.c.p.s.SyncDomainEphemeralStateFactoryImpl:participant=sandbox - Computed starting points: ProcessingStartingPoints(
  clean replay = MessageCleanReplayStartingPoint(next request counter = 0, next sequencer counter = 0, prenext timestamp = 0001-01-01T00:00:00Z),
  processing = MessageProcessingStartingPoint(next request counter = 0, next sequencer counter = 0, prenext timestamp = 0001-01-01T00:00:00Z),
  rewound sequencer counter prehead = None()
)
2026-04-08 00:53:03,848 [canton-env-ec-67] INFO  c.d.c.s.m.InMemoryCursorPreheadStore:participant=sandbox/domain-alias=local - Rewinding prehead to None
2026-04-08 00:53:04,140 [canton-env-ec-27] INFO  c.d.c.p.p.AcsCommitmentProcessor:participant=sandbox/domainId=local::12202030f2f7 - Will use parallelism 4 when computing ACS commitments
2026-04-08 00:53:04,148 [canton-env-ec-42] INFO  c.d.c.p.p.AcsCommitmentProcessor:participant=sandbox/domainId=local::12202030f2f7 - Initialized from stored snapshot at RecordTime(timestamp = 0001-01-01T00:00:00Z, tieBreaker = -9223372036854775808) (might be incomplete)
2026-04-08 00:53:04,150 [canton-env-ec-67] INFO  c.d.c.p.p.AcsCommitmentProcessor:participant=sandbox/domainId=local::12202030f2f7 - Initialized the ACS commitment processor queue
2026-04-08 00:53:04,161 [canton-env-ec-27] INFO  c.d.c.h.MutableHealthComponent:participant=sandbox - 'acs-commitment-processor' is now in state Ok(). Previous state was Not Initialized.
2026-04-08 00:53:04,162 [canton-env-ec-27] INFO  c.d.c.h.MutableHealthComponent:participant=sandbox - 'acs-commitment-processor' is now in state Ok(). Previous state was Not Initialized.
2026-04-08 00:53:04,163 [canton-env-ec-27] INFO  c.d.c.p.s.SyncDomain:participant=sandbox/domainId=local::12202030f2f7 - 'sync-domain' is now in state Ok(). Previous state was Not Initialized.
2026-04-08 00:53:04,165 [canton-env-ec-27] INFO  c.d.c.h.MutableHealthComponent:participant=sandbox - 'sync-domain' is now in state Ok(). Previous state was Not Initialized.
2026-04-08 00:53:04,166 [canton-env-ec-27] INFO  c.d.c.h.MutableHealthComponent:participant=sandbox - 'sync-domain' is now in state Ok(). Previous state was Not Initialized.
2026-04-08 00:53:04,167 [canton-env-ec-27] INFO  c.d.c.p.s.CantonSyncService:participant=sandbox - Connected to domain and starting synchronisation: Domain 'local'
2026-04-08 00:53:04,196 [canton-env-ec-27] INFO  c.d.c.p.s.SyncDomain:participant=sandbox/domainId=local::12202030f2f7 - Found 0 repair requests at request counters Seq()
2026-04-08 00:53:04,205 [canton-env-ec-67] INFO  c.d.c.s.c.SequencerClientImpl:participant=sandbox/domainId=local::12202030f2f7 - No event found up to 0001-01-01T00:00:00Z. Resubscribing from the beginning.
2026-04-08 00:53:04,206 [canton-env-ec-67] INFO  c.d.c.s.c.SequencerClientImpl:participant=sandbox/domainId=local::12202030f2f7 - Processing events from the SequencedEventStore from 0001-01-01T00:00:00.000001Z on
2026-04-08 00:53:04,213 [canton-env-ec-42] INFO  c.d.c.s.c.SequencerClientImpl:participant=sandbox/domainId=local::12202030f2f7 - Starting subscription for alias=SEQ::local::12202030f2f7... at timestamp None; next counter 0
2026-04-08 00:53:04,214 [canton-env-ec-42] INFO  c.d.c.h.DelegatingMutableHealthComponent:participant=sandbox/domainId=local::12202030f2f7 - 'sequencer-client' is now in state Ok(). Previous state was Not Initialized.
2026-04-08 00:53:04,216 [canton-env-ec-42] INFO  c.d.c.h.MutableHealthComponent:participant=sandbox - 'sequencer-client' is now in state Ok(). Previous state was Not Initialized.
2026-04-08 00:53:04,218 [canton-env-ec-42] INFO  c.d.c.h.MutableHealthComponent:participant=sandbox - 'sequencer-client' is now in state Ok(). Previous state was Not Initialized.
2026-04-08 00:53:04,253 [canton-env-ec-27] INFO  c.d.c.d.s.a.MemberAuthenticationServiceOld:domain=local - PAR::sandbox::12209ec33c8f... authenticated new token with expiry 2026-04-07T20:53:04.253170Z
2026-04-08 00:53:04,268 [canton-env-ec-27] INFO  c.d.c.d.s.s.GrpcSequencerService:domain=local - PAR::sandbox::12209ec33c8f... subscribes from counter=0
2026-04-08 00:53:04,296 [canton-env-ec-22] INFO  c.d.c.s.c.SequencedEventValidatorImpl:participant=sandbox/domainId=local::12202030f2f7 tid:bf816d744bd157e65b632a95b9e99254 - Skipping signature verification of the first sequenced event due to a fresh subscription from SEQ::local::12202030f2f7...
2026-04-08 00:53:04,310 [canton-env-ec-28] INFO  c.d.c.p.s.SyncDomain:participant=sandbox/domainId=local::12202030f2f7 tid:bf816d744bd157e65b632a95b9e99254 - Caught up with batch with counter=0 with sequencer with 1110 ms delay
2026-04-08 00:53:04,316 [canton-env-ec-28] INFO  c.d.c.p.s.SyncDomain$EventProcessingMonitor:participant=sandbox/domainId=local::12202030f2f7 tid:bf816d744bd157e65b632a95b9e99254 - Replaying requests 0 up to clean prehead -1
2026-04-08 00:53:04,316 [canton-env-ec-28] INFO  c.d.c.p.s.SyncDomain$EventProcessingMonitor:participant=sandbox/domainId=local::12202030f2f7 tid:bf816d744bd157e65b632a95b9e99254 - Replaying or processing locally stored events with sequencer counters 0 to -1
2026-04-08 00:53:04,356 [canton-env-ec-22] INFO  c.d.c.p.p.DefaultMessageDispatcher:participant=sandbox/domainId=local::12202030f2f7 tid:bf816d744bd157e65b632a95b9e99254 - Processing event at sc=0, ts=2026-04-07T19:53:03.200542Z, with contents=DomainTopologyTransactionMessage
2026-04-08 00:53:04,360 [canton-env-ec-28] INFO  c.d.c.t.p.DomainTopologyTransactionMessageValidator$Impl:participant=sandbox tid:bf816d744bd157e65b632a95b9e99254 - Using approximate topology snapshot at 0001-01-01T00:00:00.000001Z for desired timestamp 2026-04-07T19:53:03.200542Z
2026-04-08 00:53:04,411 [canton-env-ec-22] INFO  c.d.c.t.p.TopologyTransactionProcessor:participant=sandbox tid:bf816d744bd157e65b632a95b9e99254 - Updated topology change delay from=0s to 0.25s
2026-04-08 00:53:04,415 [canton-env-ec-22] INFO  c.d.c.t.p.TopologyTransactionProcessor:participant=sandbox tid:bf816d744bd157e65b632a95b9e99254 - Storing topology transaction 1/10 Add NamespaceDelegation(12202030f2f7..., SigningPublicKey(id = 12202030f2f7..., format = Tink, scheme = Ed25519), true) with ts=EffectiveTime(2026-04-07T19:53:03.200542Z) (epsilon=0 ms)
2026-04-08 00:53:04,418 [canton-env-ec-22] INFO  c.d.c.t.p.TopologyTransactionProcessor:participant=sandbox tid:bf816d744bd157e65b632a95b9e99254 - Storing topology transaction 2/10 Add OwnerToKeyMapping(DOM::local::12202030f2f7..., SigningPublicKey(id = 12205f64aefd..., format = Tink, scheme = Ed25519)) with ts=EffectiveTime(2026-04-07T19:53:03.200542Z) (epsilon=0 ms)
2026-04-08 00:53:04,420 [canton-env-ec-22] INFO  c.d.c.t.p.TopologyTransactionProcessor:participant=sandbox tid:bf816d744bd157e65b632a95b9e99254 - Storing topology transaction 3/10 Add OwnerToKeyMapping(MED::local::12202030f2f7..., SigningPublicKey(id = 12207592ba15..., format = Tink, scheme = Ed25519)) with ts=EffectiveTime(2026-04-07T19:53:03.200542Z) (epsilon=0 ms)
2026-04-08 00:53:04,422 [canton-env-ec-22] INFO  c.d.c.t.p.TopologyTransactionProcessor:participant=sandbox tid:bf816d744bd157e65b632a95b9e99254 - Storing topology transaction 4/10 Add OwnerToKeyMapping(SEQ::local::12202030f2f7..., SigningPublicKey(id = 1220fde4f326..., format = Tink, scheme = Ed25519)) with ts=EffectiveTime(2026-04-07T19:53:03.200542Z) (epsilon=0 ms)
2026-04-08 00:53:04,425 [canton-env-ec-22] INFO  c.d.c.t.p.TopologyTransactionProcessor:participant=sandbox tid:bf816d744bd157e65b632a95b9e99254 - Storing topology transaction 5/10 Add NamespaceDelegation(12209ec33c8f..., SigningPublicKey(id = 12209ec33c8f..., format = Tink, scheme = Ed25519), true) with ts=EffectiveTime(2026-04-07T19:53:03.200542Z) (epsilon=0 ms)
2026-04-08 00:53:04,427 [canton-env-ec-22] INFO  c.d.c.t.p.TopologyTransactionProcessor:participant=sandbox tid:bf816d744bd157e65b632a95b9e99254 - Storing topology transaction 6/10 Add ParticipantState(From, local::12202030f2f7..., PAR::sandbox::12209ec33c8f..., Submission, Ordinary) with ts=EffectiveTime(2026-04-07T19:53:03.200542Z) (epsilon=0 ms)
2026-04-08 00:53:04,430 [canton-env-ec-22] INFO  c.d.c.t.p.TopologyTransactionProcessor:participant=sandbox tid:bf816d744bd157e65b632a95b9e99254 - Storing topology transaction 7/10 Add MediatorDomainState(Both, local::12202030f2f7..., MED::local::12202030f2f7...) with ts=EffectiveTime(2026-04-07T19:53:03.200542Z) (epsilon=0 ms)
2026-04-08 00:53:04,433 [canton-env-ec-22] INFO  c.d.c.t.p.TopologyTransactionProcessor:participant=sandbox tid:bf816d744bd157e65b632a95b9e99254 - Storing topology transaction 8/10 Add OwnerToKeyMapping(PAR::sandbox::12209ec33c8f..., SigningPublicKey(id = 1220a2d81a37..., format = Tink, scheme = Ed25519)) with ts=EffectiveTime(2026-04-07T19:53:03.200542Z) (epsilon=0 ms)
2026-04-08 00:53:04,435 [canton-env-ec-22] INFO  c.d.c.t.p.TopologyTransactionProcessor:participant=sandbox tid:bf816d744bd157e65b632a95b9e99254 - Storing topology transaction 9/10 Add OwnerToKeyMapping(PAR::sandbox::12209ec33c8f..., EncryptionPublicKey(id = 1220403e2261..., format = Tink, scheme = ECIES-P256_HMAC256_AES128-GCM)) with ts=EffectiveTime(2026-04-07T19:53:03.200542Z) (epsilon=0 ms)
2026-04-08 00:53:04,438 [canton-env-ec-22] INFO  c.d.c.t.p.TopologyTransactionProcessor:participant=sandbox tid:bf816d744bd157e65b632a95b9e99254 - Storing topology transaction 10/10 Replace DomainParametersChange(
  local::12202030f2f7...,
  DynamicDomainParameters(
    participant response timeout = 30s,
    mediator reaction timeout = 30s,
    transfer exclusivity timeout = 1m,
    topology change delay = 0.25s,
    ledger time record time tolerance = 1m,
    mediator deduplication timeout = 2m,
    reconciliation interval = 1m,
    max rate per participant = 1000000,
    max request size = 10485760,
    catchup config = CatchUpConfig(catchUpIntervalSkip = 5, nrIntervalsToTriggerCatchUp = 2)
  )
) with ts=EffectiveTime(2026-04-07T19:53:03.200542Z) (epsilon=0 ms)
2026-04-08 00:53:04,488 [canton-env-ec-67] INFO  c.d.c.p.t.c.MissingKeysAlerter:participant=sandbox tid:bf816d744bd157e65b632a95b9e99254 - Domain local::12202030f2f7... update my participant permission as of 2026-04-07T19:53:03.200542Z to Submission, Ordinary
2026-04-08 00:53:04,544 [input-mapping-pool-2] INFO  c.d.c.p.i.p.ParallelIndexerSubscription:participant=sandbox tid:bf816d744bd157e65b632a95b9e99254 - Storing at offset=000000000000000003 PartyAddedToParticipant(recordTime = 2026-04-07T19:53:04.511906Z, party = sandbox::12209ec33c8f..., displayName = '', participantId = sandbox::12209ec33c8f..., ...)
2026-04-08 00:53:04,641 [canton-env-ec-42] INFO  c.d.c.p.p.DefaultMessageDispatcher:participant=sandbox/domainId=local::12202030f2f7 tid:bf816d744bd157e65b632a95b9e99254 - Processing event at sc=1, ts=2026-04-07T19:53:03.318505Z, with contents=DomainTopologyTransactionMessage
2026-04-08 00:53:04,653 [canton-env-ec-67] INFO  c.d.c.t.p.TopologyTransactionProcessor:participant=sandbox tid:bf816d744bd157e65b632a95b9e99254 - Storing topology transaction 1/1 Add ParticipantState(To, local::12202030f2f7..., PAR::sandbox::12209ec33c8f..., Submission, Ordinary) with ts=EffectiveTime(2026-04-07T19:53:03.568505Z) (epsilon=250 ms)
2026-04-08 00:53:04,968 [canton-env-ec-42] INFO  c.d.c.d.s.s.GrpcSequencerService:domain=local tid:ebb06b27373af051e7542f4d0afb5b0c - 'PAR::sandbox::12209ec33c8f...' sends request with id 'd820f004-ead3-4036-8ca0-6aeb4815d8ef' of size 2094 bytes with 1 envelopes.
2026-04-08 00:53:05,069 [canton-env-ec-66] INFO  c.d.c.p.p.DefaultMessageDispatcher:participant=sandbox/domainId=local::12202030f2f7 tid:ebb06b27373af051e7542f4d0afb5b0c - Processing event at sc=2, ts=2026-04-07T19:53:04.980716Z, messageId=d820f004-ead3-4036-8ca0-6aeb4815d8ef, with contents=Seq()
2026-04-08 00:53:05,097 [canton-env-ec-66] INFO  c.d.c.d.t.DomainTopologyManager:domain=local tid:ebb06b27373af051e7542f4d0afb5b0c - Applied topology transaction Add VettedPackages(
  participant = sandbox::12209ec33c8f...,
  packages = Seq(
    7748754b5e4d...,
    65921e553a35...,
    6851f194e144...,
    57b5c520512c...,
    cb0552debf21...,
    3f4deaf145a1...,
    86828b984346...,
    f20de1e4e37b...,
    76bf0fd12bd9...,
    38e6274601b2...,
    d58cf9939847...,
    40f452260bef...,
    e491352788e5...,
    6839a6d3d430...,
    518032f41fd0...,
    d704ffbe6102...,
    82fa64bf7428...,
    852d8e3a8ccf...,
    10e0333b52bb...,
    bfcd37bd6b84...,
    cc348d369011...,
    057eed1fd48c...,
    d14e08374fc7...,
    c1f1f0055879...,
    6c2c0667393c...,
    e22bce619ae2...,
    e4cc67c3264e...,
    8a7806365bbd...,
    97b883cd8a2b...,
    5921708ce82f...,
    733e38d36a27...,
    99a2705ed38c...
  )
) at 2026-04-07T19:53:05.091146Z
2026-04-08 00:53:05,102 [canton-env-ec-42] INFO  c.d.c.d.t.DomainTopologyManagerRequestService:domain=local tid:ebb06b27373af051e7542f4d0afb5b0c - Register topology request by PAR::sandbox::12209ec33c8f... for PAR::sandbox::12209ec33c8f... yielded
  Accepted -> Add VettedPackages(
  participant = sandbox::12209ec33c8f...,
  packages = Seq(
    7748754b5e4d...,
    65921e553a35...,
    6851f194e144...,
    57b5c520512c...,
    cb0552debf21...,
    3f4deaf145a1...,
    86828b984346...,
    f20de1e4e37b...,
    76bf0fd12bd9...,
    38e6274601b2...,
    d58cf9939847...,
    40f452260bef...,
    e491352788e5...,
    6839a6d3d430...,
    518032f41fd0...,
    d704ffbe6102...,
    82fa64bf7428...,
    852d8e3a8ccf...,
    10e0333b52bb...,
    bfcd37bd6b84...,
    cc348d369011...,
    057eed1fd48c...,
    d14e08374fc7...,
    c1f1f0055879...,
    6c2c0667393c...,
    e22bce619ae2...,
    e4cc67c3264e...,
    8a7806365bbd...,
    97b883cd8a2b...,
    5921708ce82f...,
    733e38d36a27...,
    99a2705ed38c...
  )
)
2026-04-08 00:53:05,151 [canton-env-ec-29] INFO  c.d.c.d.s.s.GrpcSequencerService:domain=local tid:ebb06b27373af051e7542f4d0afb5b0c - 'DOM::local::12202030f2f7...' sends request with id '6d3153d9-33be-42c1-9893-bbc844b1ad91' of size 2221 bytes with 1 envelopes.
2026-04-08 00:53:05,155 [canton-env-ec-27] INFO  c.d.c.d.s.s.GrpcSequencerService:domain=local tid:ebb06b27373af051e7542f4d0afb5b0c - 'DOM::local::12202030f2f7...' sends request with id '07720020-70fd-4e10-9951-44c27fd6203b' of size 521 bytes with 1 envelopes.
2026-04-08 00:53:05,259 [canton-env-ec-40] INFO  c.d.c.p.p.DefaultMessageDispatcher:participant=sandbox/domainId=local::12202030f2f7 tid:ebb06b27373af051e7542f4d0afb5b0c - Processing event at sc=3, ts=2026-04-07T19:53:05.180083Z, with contents=DomainTopologyTransactionMessage
2026-04-08 00:53:05,291 [canton-env-ec-42] INFO  c.d.c.t.p.TopologyTransactionProcessor:domain=local/client=topology-manager tid:ebb06b27373af051e7542f4d0afb5b0c - Storing topology transaction 1/1 Add VettedPackages(
  participant = sandbox::12209ec33c8f...,
  packages = Seq(
    7748754b5e4d...,
    65921e553a35...,
    6851f194e144...,
    57b5c520512c...,
    cb0552debf21...,
    3f4deaf145a1...,
    86828b984346...,
    f20de1e4e37b...,
    76bf0fd12bd9...,
    38e6274601b2...,
    d58cf9939847...,
    40f452260bef...,
    e491352788e5...,
    6839a6d3d430...,
    518032f41fd0...,
    d704ffbe6102...,
    82fa64bf7428...,
    852d8e3a8ccf...,
    10e0333b52bb...,
    bfcd37bd6b84...,
    cc348d369011...,
    057eed1fd48c...,
    d14e08374fc7...,
    c1f1f0055879...,
    6c2c0667393c...,
    e22bce619ae2...,
    e4cc67c3264e...,
    8a7806365bbd...,
    97b883cd8a2b...,
    5921708ce82f...,
    733e38d36a27...,
    99a2705ed38c...
  )
) with ts=EffectiveTime(2026-04-07T19:53:05.430083Z) (epsilon=250 ms)
2026-04-08 00:53:05,317 [canton-env-ec-40] INFO  c.d.c.t.p.TopologyTransactionProcessor:participant=sandbox tid:ebb06b27373af051e7542f4d0afb5b0c - Storing topology transaction 1/1 Add VettedPackages(
  participant = sandbox::12209ec33c8f...,
  packages = Seq(
    7748754b5e4d...,
    65921e553a35...,
    6851f194e144...,
    57b5c520512c...,
    cb0552debf21...,
    3f4deaf145a1...,
    86828b984346...,
    f20de1e4e37b...,
    76bf0fd12bd9...,
    38e6274601b2...,
    d58cf9939847...,
    40f452260bef...,
    e491352788e5...,
    6839a6d3d430...,
    518032f41fd0...,
    d704ffbe6102...,
    82fa64bf7428...,
    852d8e3a8ccf...,
    10e0333b52bb...,
    bfcd37bd6b84...,
    cc348d369011...,
    057eed1fd48c...,
    d14e08374fc7...,
    c1f1f0055879...,
    6c2c0667393c...,
    e22bce619ae2...,
    e4cc67c3264e...,
    8a7806365bbd...,
    97b883cd8a2b...,
    5921708ce82f...,
    733e38d36a27...,
    99a2705ed38c...
  )
) with ts=EffectiveTime(2026-04-07T19:53:05.430083Z) (epsilon=250 ms)
2026-04-08 00:53:05,338 [canton-env-ec-28] INFO  c.d.c.p.p.DefaultMessageDispatcher:participant=sandbox/domainId=local::12202030f2f7 tid:ebb06b27373af051e7542f4d0afb5b0c - Processing event at sc=4, ts=2026-04-07T19:53:05.184072Z, with contents=RegisterTopologyTransactionResponse
2026-04-08 00:53:05,348 [canton-env-ec-67] INFO  c.d.c.t.p.TopologyTransactionProcessor:domain=local/node=mediator/client=mediator tid:ebb06b27373af051e7542f4d0afb5b0c - Storing topology transaction 1/1 Add VettedPackages(
  participant = sandbox::12209ec33c8f...,
  packages = Seq(
    7748754b5e4d...,
    65921e553a35...,
    6851f194e144...,
    57b5c520512c...,
    cb0552debf21...,
    3f4deaf145a1...,
    86828b984346...,
    f20de1e4e37b...,
    76bf0fd12bd9...,
    38e6274601b2...,
    d58cf9939847...,
    40f452260bef...,
    e491352788e5...,
    6839a6d3d430...,
    518032f41fd0...,
    d704ffbe6102...,
    82fa64bf7428...,
    852d8e3a8ccf...,
    10e0333b52bb...,
    bfcd37bd6b84...,
    cc348d369011...,
    057eed1fd48c...,
    d14e08374fc7...,
    c1f1f0055879...,
    6c2c0667393c...,
    e22bce619ae2...,
    e4cc67c3264e...,
    8a7806365bbd...,
    97b883cd8a2b...,
    5921708ce82f...,
    733e38d36a27...,
    99a2705ed38c...
  )
) with ts=EffectiveTime(2026-04-07T19:53:05.430083Z) (epsilon=250 ms)
2026-04-08 00:53:05,360 [canton-env-ec-42] INFO  c.d.c.p.s.SyncDomainEphemeralState:participant=sandbox/domain-alias=local - 'sync-domain-ephemeral' is now in state Ok(). Previous state was Not Initialized.
2026-04-08 00:53:05,362 [canton-env-ec-42] INFO  c.d.c.h.MutableHealthComponent:participant=sandbox - 'sync-domain-ephemeral' is now in state Ok(). Previous state was Not Initialized.
2026-04-08 00:53:05,364 [canton-env-ec-42] INFO  c.d.c.h.MutableHealthComponent:participant=sandbox - 'sync-domain-ephemeral' is now in state Ok(). Previous state was Not Initialized.
2026-04-08 00:53:05,463 [canton-env-ec-67] INFO  c.d.c.p.a.s.ApiActiveContractsService:participant=sandbox tid:f93746f2c1aea37481bf1ca369458948 - Received request for active contracts: GetActiveContractsRequest(sandbox,Some(TransactionFilter(Map(sandbox::12209ec33c8f0f879e68d7b113cfa5c10119b345863deaab5c87055c199ab471e774 -> Filters(Some(InclusiveFilters(Vector(Identifier(65921e553a353588e950cbc87e98a127730e63295f7ad8d3adae952ef0133b3e,PingPong,PingProposal), Identifier(65921e553a353588e950cbc87e98a127730e63295f7ad8d3adae952ef0133b3e,PingPong,Ping), Identifier(65921e553a353588e950cbc87e98a127730e63295f7ad8d3adae952ef0133b3e,PingPong,Pong), Identifier(65921e553a353588e950cbc87e98a127730e63295f7ad8d3adae952ef0133b3e,PingPong,Explode), Identifier(65921e553a353588e950cbc87e98a127730e63295f7ad8d3adae952ef0133b3e,PingPong,Merge), Identifier(65921e553a353588e950cbc87e98a127730e63295f7ad8d3adae952ef0133b3e,PingPong,Collapse)),Vector(),Vector())))))),false,), filters -> {sandbox::12209ec33c8f0f879e68d7b113cfa5c10119b345863deaab5c87055c199ab471e774: ['65921e553a353588e950cbc87e98a127730e63295f7ad8d3adae952ef0133b3e:PingPong:Pong', '65921e553a353588e950cbc87e98a127730e63295f7ad8d3adae952ef0133b3e:PingPong:Collapse', '65921e553a353588e950cbc87e98a127730e63295f7ad8d3adae952ef0133b3e:PingPong:PingProposal', '65921e553a353588e950cbc87e98a127730e63295f7ad8d3adae952ef0133b3e:PingPong:Explode', '65921e553a353588e950cbc87e98a127730e63295f7ad8d3adae952ef0133b3e:PingPong:Merge', '65921e553a353588e950cbc87e98a127730e63295f7ad8d3adae952ef0133b3e:PingPong:Ping']}.
2026-04-08 00:53:05,539 [main] INFO  c.d.c.e.CommunityEnvironment tid:a44c720ffd070441f72ee941742b5322 - Successfully started all nodes
2026-04-08 00:53:05,544 [main] INFO  c.digitalasset.canton.ServerRunner - Canton started
2026-04-08 00:53:05,853 [canton-env-ec-40] INFO  c.d.c.d.s.s.GrpcSequencerService:domain=local tid:bb15853769b50aaef40e96e3a21164c6 - 'PAR::sandbox::12209ec33c8f...' sends request with id 'tick-d0ac2435-eba1-44ff-b55f-637c8be8f55d' of size 338 bytes with 0 envelopes.
2026-04-08 00:53:45,088 [canton-env-ec-23] INFO  c.d.c.p.a.s.a.ApiPackageManagementService:participant=sandbox tid:a8047e46859157a772e7d1df3ea4ff99 - Uploading DAR file, submissionId -> '97f79d1b-0ac0-444d-9bbb-774c70df6ffa'.
2026-04-08 00:53:47,062 [input-mapping-pool-3] INFO  c.d.c.p.i.p.ParallelIndexerSubscription:participant=sandbox tid:a8047e46859157a772e7d1df3ea4ff99 - Storing at offset=000000000000000004 PublicPackageUpload(
  recordTime = 2026-04-07T19:53:47.049361Z,
  archives = Seq(
    52089ff5e5b1...,
    315cb5676675...,
    cb0552debf21...,
    3f4deaf145a1...,
    86828b984346...,
    f20de1e4e37b...,
    76bf0fd12bd9...,
    38e6274601b2...,
    d58cf9939847...,
    40f452260bef...,
    e491352788e5...,
    6839a6d3d430...,
    518032f41fd0...,
    d27a1030f237...,
    af2bdcd44f83...,
    10e0333b52bb...,
    bfcd37bd6b84...,
    cc348d369011...,
    057eed1fd48c...,
    6df2d1fd8ea9...,
    d14e08374fc7...,
    c1f1f0055879...,
    6c2c0667393c...,
    e22bce619ae2...,
    e4cc67c3264e...,
    8a7806365bbd...,
    97b883cd8a2b...,
    5921708ce82f...,
    733e38d36a27...,
    99a2705ed38c...
  ),
  sourceDescription = ''
)
2026-04-08 00:53:48,236 [canton-env-ec-23] INFO  c.d.c.p.t.ParticipantTopologyManager:participant=sandbox tid:a8047e46859157a772e7d1df3ea4ff99 - Applied topology transaction Add VettedPackages(
  participant = sandbox::12209ec33c8f...,
  packages = Seq(
    52089ff5e5b1...,
    315cb5676675...,
    cb0552debf21...,
    3f4deaf145a1...,
    86828b984346...,
    f20de1e4e37b...,
    76bf0fd12bd9...,
    38e6274601b2...,
    d58cf9939847...,
    40f452260bef...,
    e491352788e5...,
    6839a6d3d430...,
    518032f41fd0...,
    d27a1030f237...,
    af2bdcd44f83...,
    10e0333b52bb...,
    bfcd37bd6b84...,
    cc348d369011...,
    057eed1fd48c...,
    6df2d1fd8ea9...,
    d14e08374fc7...,
    c1f1f0055879...,
    6c2c0667393c...,
    e22bce619ae2...,
    e4cc67c3264e...,
    8a7806365bbd...,
    97b883cd8a2b...,
    5921708ce82f...,
    733e38d36a27...,
    99a2705ed38c...
  )
) at 2026-04-07T19:53:48.230692Z
2026-04-08 00:53:48,305 [canton-env-ec-22] INFO  c.d.c.d.s.s.GrpcSequencerService:domain=local tid:2e3eb4e16704bc2e77db392ba4b48ef7 - 'PAR::sandbox::12209ec33c8f...' sends request with id '16b2270b-5c12-40c4-9236-d42be0326e33' of size 2006 bytes with 1 envelopes.
2026-04-08 00:53:48,445 [canton-env-ec-23] INFO  c.d.c.d.t.DomainTopologyManager:domain=local tid:2e3eb4e16704bc2e77db392ba4b48ef7 - Applied topology transaction Add VettedPackages(
  participant = sandbox::12209ec33c8f...,
  packages = Seq(
    52089ff5e5b1...,
    315cb5676675...,
    cb0552debf21...,
    3f4deaf145a1...,
    86828b984346...,
    f20de1e4e37b...,
    76bf0fd12bd9...,
    38e6274601b2...,
    d58cf9939847...,
    40f452260bef...,
    e491352788e5...,
    6839a6d3d430...,
    518032f41fd0...,
    d27a1030f237...,
    af2bdcd44f83...,
    10e0333b52bb...,
    bfcd37bd6b84...,
    cc348d369011...,
    057eed1fd48c...,
    6df2d1fd8ea9...,
    d14e08374fc7...,
    c1f1f0055879...,
    6c2c0667393c...,
    e22bce619ae2...,
    e4cc67c3264e...,
    8a7806365bbd...,
    97b883cd8a2b...,
    5921708ce82f...,
    733e38d36a27...,
    99a2705ed38c...
  )
) at 2026-04-07T19:53:48.432707Z
2026-04-08 00:53:48,465 [canton-env-ec-22] INFO  c.d.c.p.p.DefaultMessageDispatcher:participant=sandbox/domainId=local::12202030f2f7 tid:2e3eb4e16704bc2e77db392ba4b48ef7 - Processing event at sc=6, ts=2026-04-07T19:53:48.326860Z, messageId=16b2270b-5c12-40c4-9236-d42be0326e33, with contents=Seq()
2026-04-08 00:53:48,485 [canton-env-ec-29] INFO  c.d.c.d.t.DomainTopologyManagerRequestService:domain=local tid:2e3eb4e16704bc2e77db392ba4b48ef7 - Register topology request by PAR::sandbox::12209ec33c8f... for PAR::sandbox::12209ec33c8f... yielded
  Accepted -> Add VettedPackages(
  participant = sandbox::12209ec33c8f...,
  packages = Seq(
    52089ff5e5b1...,
    315cb5676675...,
    cb0552debf21...,
    3f4deaf145a1...,
    86828b984346...,
    f20de1e4e37b...,
    76bf0fd12bd9...,
    38e6274601b2...,
    d58cf9939847...,
    40f452260bef...,
    e491352788e5...,
    6839a6d3d430...,
    518032f41fd0...,
    d27a1030f237...,
    af2bdcd44f83...,
    10e0333b52bb...,
    bfcd37bd6b84...,
    cc348d369011...,
    057eed1fd48c...,
    6df2d1fd8ea9...,
    d14e08374fc7...,
    c1f1f0055879...,
    6c2c0667393c...,
    e22bce619ae2...,
    e4cc67c3264e...,
    8a7806365bbd...,
    97b883cd8a2b...,
    5921708ce82f...,
    733e38d36a27...,
    99a2705ed38c...
  )
)
2026-04-08 00:53:48,577 [canton-env-ec-29] INFO  c.d.c.d.s.s.GrpcSequencerService:domain=local tid:2e3eb4e16704bc2e77db392ba4b48ef7 - 'DOM::local::12202030f2f7...' sends request with id '9d6575b4-de5b-4ca3-ad78-f3d746b0ba30' of size 519 bytes with 1 envelopes.
2026-04-08 00:53:48,625 [canton-env-ec-27] INFO  c.d.c.d.s.s.GrpcSequencerService:domain=local tid:2e3eb4e16704bc2e77db392ba4b48ef7 - 'DOM::local::12202030f2f7...' sends request with id '8908390e-aa3c-4a1d-915f-925d62ad1754' of size 2138 bytes with 1 envelopes.
2026-04-08 00:53:48,756 [canton-env-ec-42] INFO  c.d.c.p.p.DefaultMessageDispatcher:participant=sandbox/domainId=local::12202030f2f7 tid:2e3eb4e16704bc2e77db392ba4b48ef7 - Processing event at sc=7, ts=2026-04-07T19:53:48.608383Z, with contents=RegisterTopologyTransactionResponse
2026-04-08 00:53:48,816 [canton-env-ec-29] INFO  c.d.c.t.p.TopologyTransactionProcessor:domain=local/node=mediator/client=mediator tid:2e3eb4e16704bc2e77db392ba4b48ef7 - Storing topology transaction 1/1 Add VettedPackages(
  participant = sandbox::12209ec33c8f...,
  packages = Seq(
    52089ff5e5b1...,
    315cb5676675...,
    cb0552debf21...,
    3f4deaf145a1...,
    86828b984346...,
    f20de1e4e37b...,
    76bf0fd12bd9...,
    38e6274601b2...,
    d58cf9939847...,
    40f452260bef...,
    e491352788e5...,
    6839a6d3d430...,
    518032f41fd0...,
    d27a1030f237...,
    af2bdcd44f83...,
    10e0333b52bb...,
    bfcd37bd6b84...,
    cc348d369011...,
    057eed1fd48c...,
    6df2d1fd8ea9...,
    d14e08374fc7...,
    c1f1f0055879...,
    6c2c0667393c...,
    e22bce619ae2...,
    e4cc67c3264e...,
    8a7806365bbd...,
    97b883cd8a2b...,
    5921708ce82f...,
    733e38d36a27...,
    99a2705ed38c...
  )
) with ts=EffectiveTime(2026-04-07T19:53:48.908763Z) (epsilon=250 ms)
2026-04-08 00:53:48,892 [canton-env-ec-28] INFO  c.d.c.p.p.DefaultMessageDispatcher:participant=sandbox/domainId=local::12202030f2f7 tid:2e3eb4e16704bc2e77db392ba4b48ef7 - Processing event at sc=8, ts=2026-04-07T19:53:48.658763Z, with contents=DomainTopologyTransactionMessage
2026-04-08 00:53:48,895 [canton-env-ec-28] INFO  c.d.c.t.p.TopologyTransactionProcessor:domain=local/client=topology-manager tid:2e3eb4e16704bc2e77db392ba4b48ef7 - Storing topology transaction 1/1 Add VettedPackages(
  participant = sandbox::12209ec33c8f...,
  packages = Seq(
    52089ff5e5b1...,
    315cb5676675...,
    cb0552debf21...,
    3f4deaf145a1...,
    86828b984346...,
    f20de1e4e37b...,
    76bf0fd12bd9...,
    38e6274601b2...,
    d58cf9939847...,
    40f452260bef...,
    e491352788e5...,
    6839a6d3d430...,
    518032f41fd0...,
    d27a1030f237...,
    af2bdcd44f83...,
    10e0333b52bb...,
    bfcd37bd6b84...,
    cc348d369011...,
    057eed1fd48c...,
    6df2d1fd8ea9...,
    d14e08374fc7...,
    c1f1f0055879...,
    6c2c0667393c...,
    e22bce619ae2...,
    e4cc67c3264e...,
    8a7806365bbd...,
    97b883cd8a2b...,
    5921708ce82f...,
    733e38d36a27...,
    99a2705ed38c...
  )
) with ts=EffectiveTime(2026-04-07T19:53:48.908763Z) (epsilon=250 ms)
2026-04-08 00:53:48,911 [canton-env-ec-22] INFO  c.d.c.t.p.TopologyTransactionProcessor:participant=sandbox tid:2e3eb4e16704bc2e77db392ba4b48ef7 - Storing topology transaction 1/1 Add VettedPackages(
  participant = sandbox::12209ec33c8f...,
  packages = Seq(
    52089ff5e5b1...,
    315cb5676675...,
    cb0552debf21...,
    3f4deaf145a1...,
    86828b984346...,
    f20de1e4e37b...,
    76bf0fd12bd9...,
    38e6274601b2...,
    d58cf9939847...,
    40f452260bef...,
    e491352788e5...,
    6839a6d3d430...,
    518032f41fd0...,
    d27a1030f237...,
    af2bdcd44f83...,
    10e0333b52bb...,
    bfcd37bd6b84...,
    cc348d369011...,
    057eed1fd48c...,
    6df2d1fd8ea9...,
    d14e08374fc7...,
    c1f1f0055879...,
    6c2c0667393c...,
    e22bce619ae2...,
    e4cc67c3264e...,
    8a7806365bbd...,
    97b883cd8a2b...,
    5921708ce82f...,
    733e38d36a27...,
    99a2705ed38c...
  )
) with ts=EffectiveTime(2026-04-07T19:53:48.908763Z) (epsilon=250 ms)
2026-04-08 00:54:15,099 [canton-env-ec-66] INFO  c.d.c.p.a.s.ApiLedgerIdentityService:participant=sandbox tid:39fe096af47ac6c77f44f71571094477 - Received request for ledger identity: GetLedgerIdentityRequest().
2026-04-08 00:54:16,508 [canton-env-ec-41] INFO  c.d.c.p.a.s.a.ApiPartyManagementService:participant=sandbox tid:339c0de0cab5bc87438895122405302a - Allocating party, parties -> ['Admin'], submissionId -> 'Admin-279ac468-6a42-494c-a820-da6a8ce887a0'.
2026-04-08 00:54:16,601 [canton-env-ec-42] INFO  c.d.c.p.t.ParticipantTopologyManager:participant=sandbox tid:339c0de0cab5bc87438895122405302a - Applied topology transaction Add PartyToParticipant(Both, Admin::12209ec33c8f..., PAR::sandbox::12209ec33c8f..., Submission) at 2026-04-07T19:54:16.600350Z
2026-04-08 00:54:16,668 [canton-env-ec-42] INFO  c.d.c.d.s.s.GrpcSequencerService:domain=local tid:4f1b543020d186adc334644b35d0251b - 'PAR::sandbox::12209ec33c8f...' sends request with id '085195d9-a662-44d2-8ad8-8b483d669060' of size 822 bytes with 1 envelopes.
2026-04-08 00:54:16,739 [canton-env-ec-41] INFO  c.d.c.p.p.DefaultMessageDispatcher:participant=sandbox/domainId=local::12202030f2f7 tid:4f1b543020d186adc334644b35d0251b - Processing event at sc=9, ts=2026-04-07T19:54:16.681174Z, messageId=085195d9-a662-44d2-8ad8-8b483d669060, with contents=Seq()
2026-04-08 00:54:16,765 [canton-env-ec-28] INFO  c.d.c.d.t.DomainTopologyManager:domain=local tid:4f1b543020d186adc334644b35d0251b - Applied topology transaction Add PartyToParticipant(Both, Admin::12209ec33c8f..., PAR::sandbox::12209ec33c8f..., Submission) at 2026-04-07T19:54:16.764931Z
2026-04-08 00:54:16,772 [canton-env-ec-28] INFO  c.d.c.d.t.DomainTopologyManagerRequestService:domain=local tid:4f1b543020d186adc334644b35d0251b - Register topology request by PAR::sandbox::12209ec33c8f... for PAR::sandbox::12209ec33c8f... yielded
  Accepted -> Add PartyToParticipant(Both, Admin::12209ec33c8f..., PAR::sandbox::12209ec33c8f..., Submission)
2026-04-08 00:54:16,808 [canton-env-ec-22] INFO  c.d.c.d.s.s.GrpcSequencerService:domain=local tid:4f1b543020d186adc334644b35d0251b - 'DOM::local::12202030f2f7...' sends request with id '404295c2-a021-48f8-aef4-1d53a54ea543' of size 520 bytes with 1 envelopes.
2026-04-08 00:54:16,813 [canton-env-ec-41] INFO  c.d.c.d.s.s.GrpcSequencerService:domain=local tid:4f1b543020d186adc334644b35d0251b - 'DOM::local::12202030f2f7...' sends request with id '63004dad-6e7f-446e-9c15-abaa7dc39c89' of size 937 bytes with 1 envelopes.
2026-04-08 00:54:16,917 [canton-env-ec-28] INFO  c.d.c.p.p.DefaultMessageDispatcher:participant=sandbox/domainId=local::12202030f2f7 tid:4f1b543020d186adc334644b35d0251b - Processing event at sc=10, ts=2026-04-07T19:54:16.827482Z, with contents=RegisterTopologyTransactionResponse
2026-04-08 00:54:16,962 [canton-env-ec-28] INFO  c.d.c.p.p.DefaultMessageDispatcher:participant=sandbox/domainId=local::12202030f2f7 tid:4f1b543020d186adc334644b35d0251b - Processing event at sc=11, ts=2026-04-07T19:54:16.833481Z, with contents=DomainTopologyTransactionMessage
2026-04-08 00:54:16,969 [canton-env-ec-23] INFO  c.d.c.t.p.TopologyTransactionProcessor:domain=local/node=mediator/client=mediator tid:4f1b543020d186adc334644b35d0251b - Storing topology transaction 1/1 Add PartyToParticipant(Both, Admin::12209ec33c8f..., PAR::sandbox::12209ec33c8f..., Submission) with ts=EffectiveTime(2026-04-07T19:54:17.083481Z) (epsilon=250 ms)
2026-04-08 00:54:16,983 [canton-env-ec-28] INFO  c.d.c.t.p.TopologyTransactionProcessor:participant=sandbox tid:4f1b543020d186adc334644b35d0251b - Storing topology transaction 1/1 Add PartyToParticipant(Both, Admin::12209ec33c8f..., PAR::sandbox::12209ec33c8f..., Submission) with ts=EffectiveTime(2026-04-07T19:54:17.083481Z) (epsilon=250 ms)
2026-04-08 00:54:16,991 [canton-env-ec-42] INFO  c.d.c.t.p.TopologyTransactionProcessor:domain=local/client=topology-manager tid:4f1b543020d186adc334644b35d0251b - Storing topology transaction 1/1 Add PartyToParticipant(Both, Admin::12209ec33c8f..., PAR::sandbox::12209ec33c8f..., Submission) with ts=EffectiveTime(2026-04-07T19:54:17.083481Z) (epsilon=250 ms)
2026-04-08 00:54:17,254 [input-mapping-pool-4] INFO  c.d.c.p.i.p.ParallelIndexerSubscription:participant=sandbox tid:4f1b543020d186adc334644b35d0251b - Storing at offset=000000000000000005 PartyAddedToParticipant(recordTime = 2026-04-07T19:54:17.244633Z, party = Admin::12209ec33c8f..., displayName = 'Admin', participantId = sandbox::12209ec33c8f..., ...)
2026-04-08 00:54:17,343 [daml.index.db.threadpool.connection.api-server-0] INFO  c.d.c.p.l.PersistentPartyRecordStore:participant=sandbox tid:339c0de0cab5bc87438895122405302a - Created new party record in participant local store: PartyRecord(party=Admin::12209ec33c8f0f879e68d7b113cfa5c10119b345863deaab5c87055c199ab471e774, metadata=ObjectMeta(None,Map()), identityProviderId=Default)
2026-04-08 00:54:17,435 [canton-env-ec-27] INFO  c.d.c.p.a.s.a.ApiPartyManagementService:participant=sandbox tid:5ea614ee4fd236e927569e476fef3ddb - Allocating party, parties -> ['Operator'], submissionId -> 'Operator-9030ddd7-0afa-46d8-888c-65c37097e03c'.
2026-04-08 00:54:17,452 [canton-env-ec-28] INFO  c.d.c.p.t.ParticipantTopologyManager:participant=sandbox tid:5ea614ee4fd236e927569e476fef3ddb - Applied topology transaction Add PartyToParticipant(Both, Operator::12209ec33c8f..., PAR::sandbox::12209ec33c8f..., Submission) at 2026-04-07T19:54:17.451820Z
2026-04-08 00:54:17,510 [canton-env-ec-22] INFO  c.d.c.d.s.s.GrpcSequencerService:domain=local tid:f43c552e467363fe67bcdaf27084b94c - 'PAR::sandbox::12209ec33c8f...' sends request with id '8b0eb5b1-3c2f-4285-9372-8afde13b4098' of size 830 bytes with 1 envelopes.
2026-04-08 00:54:17,576 [canton-env-ec-42] INFO  c.d.c.p.p.DefaultMessageDispatcher:participant=sandbox/domainId=local::12202030f2f7 tid:f43c552e467363fe67bcdaf27084b94c - Processing event at sc=12, ts=2026-04-07T19:54:17.521984Z, messageId=8b0eb5b1-3c2f-4285-9372-8afde13b4098, with contents=Seq()
2026-04-08 00:54:17,583 [canton-env-ec-27] INFO  c.d.c.d.t.DomainTopologyManager:domain=local tid:f43c552e467363fe67bcdaf27084b94c - Applied topology transaction Add PartyToParticipant(Both, Operator::12209ec33c8f..., PAR::sandbox::12209ec33c8f..., Submission) at 2026-04-07T19:54:17.582902Z
2026-04-08 00:54:17,588 [canton-env-ec-27] INFO  c.d.c.d.t.DomainTopologyManagerRequestService:domain=local tid:f43c552e467363fe67bcdaf27084b94c - Register topology request by PAR::sandbox::12209ec33c8f... for PAR::sandbox::12209ec33c8f... yielded
  Accepted -> Add PartyToParticipant(Both, Operator::12209ec33c8f..., PAR::sandbox::12209ec33c8f..., Submission)
2026-04-08 00:54:17,619 [canton-env-ec-22] INFO  c.d.c.d.s.s.GrpcSequencerService:domain=local tid:f43c552e467363fe67bcdaf27084b94c - 'DOM::local::12202030f2f7...' sends request with id '715bd180-7f93-4ca9-b135-526a848f5eb4' of size 941 bytes with 1 envelopes.
2026-04-08 00:54:17,628 [canton-env-ec-42] INFO  c.d.c.d.s.s.GrpcSequencerService:domain=local tid:f43c552e467363fe67bcdaf27084b94c - 'DOM::local::12202030f2f7...' sends request with id '51c30738-8ab7-4fd1-917d-000f648ed898' of size 521 bytes with 1 envelopes.
2026-04-08 00:54:17,696 [canton-env-ec-23] INFO  c.d.c.p.p.DefaultMessageDispatcher:participant=sandbox/domainId=local::12202030f2f7 tid:f43c552e467363fe67bcdaf27084b94c - Processing event at sc=13, ts=2026-04-07T19:54:17.628509Z, with contents=DomainTopologyTransactionMessage
2026-04-08 00:54:17,708 [canton-env-ec-29] INFO  c.d.c.t.p.TopologyTransactionProcessor:participant=sandbox tid:f43c552e467363fe67bcdaf27084b94c - Storing topology transaction 1/1 Add PartyToParticipant(Both, Operator::12209ec33c8f..., PAR::sandbox::12209ec33c8f..., Submission) with ts=EffectiveTime(2026-04-07T19:54:17.878509Z) (epsilon=250 ms)
2026-04-08 00:54:17,750 [canton-env-ec-27] INFO  c.d.c.t.p.TopologyTransactionProcessor:domain=local/client=topology-manager tid:f43c552e467363fe67bcdaf27084b94c - Storing topology transaction 1/1 Add PartyToParticipant(Both, Operator::12209ec33c8f..., PAR::sandbox::12209ec33c8f..., Submission) with ts=EffectiveTime(2026-04-07T19:54:17.878509Z) (epsilon=250 ms)
2026-04-08 00:54:17,757 [canton-env-ec-22] INFO  c.d.c.p.p.DefaultMessageDispatcher:participant=sandbox/domainId=local::12202030f2f7 tid:f43c552e467363fe67bcdaf27084b94c - Processing event at sc=14, ts=2026-04-07T19:54:17.648974Z, with contents=RegisterTopologyTransactionResponse
2026-04-08 00:54:17,757 [canton-env-ec-23] INFO  c.d.c.t.p.TopologyTransactionProcessor:domain=local/node=mediator/client=mediator tid:f43c552e467363fe67bcdaf27084b94c - Storing topology transaction 1/1 Add PartyToParticipant(Both, Operator::12209ec33c8f..., PAR::sandbox::12209ec33c8f..., Submission) with ts=EffectiveTime(2026-04-07T19:54:17.878509Z) (epsilon=250 ms)
2026-04-08 00:54:17,975 [input-mapping-pool-5] INFO  c.d.c.p.i.p.ParallelIndexerSubscription:participant=sandbox tid:f43c552e467363fe67bcdaf27084b94c - Storing at offset=000000000000000006 PartyAddedToParticipant(recordTime = 2026-04-07T19:54:17.966921Z, party = Operator::12209ec33c8f..., displayName = 'Operator', participantId = sandbox::12209ec33c8f..., ...)
2026-04-08 00:54:18,024 [daml.index.db.threadpool.connection.api-server-0] INFO  c.d.c.p.l.PersistentPartyRecordStore:participant=sandbox tid:5ea614ee4fd236e927569e476fef3ddb - Created new party record in participant local store: PartyRecord(party=Operator::12209ec33c8f0f879e68d7b113cfa5c10119b345863deaab5c87055c199ab471e774, metadata=ObjectMeta(None,Map()), identityProviderId=Default)
2026-04-08 00:54:18,058 [canton-env-ec-67] INFO  c.d.c.p.a.s.a.ApiPartyManagementService:participant=sandbox tid:0c87853390a9a9b853850e8ca248522c - Allocating party, parties -> ['Investor1'], submissionId -> 'Investor1-9104f724-f9c9-477b-9990-afafd4b8c60a'.
2026-04-08 00:54:18,072 [canton-env-ec-41] INFO  c.d.c.p.t.ParticipantTopologyManager:participant=sandbox tid:0c87853390a9a9b853850e8ca248522c - Applied topology transaction Add PartyToParticipant(Both, Investor1::12209ec33c8f..., PAR::sandbox::12209ec33c8f..., Submission) at 2026-04-07T19:54:18.071459Z
2026-04-08 00:54:18,140 [canton-env-ec-41] INFO  c.d.c.d.s.s.GrpcSequencerService:domain=local tid:19ef0ba3f97e4545e28ea7c55eab6844 - 'PAR::sandbox::12209ec33c8f...' sends request with id '7e432434-4fe8-472a-bb4f-4f28f9e38587' of size 826 bytes with 1 envelopes.
2026-04-08 00:54:18,212 [canton-env-ec-22] INFO  c.d.c.p.p.DefaultMessageDispatcher:participant=sandbox/domainId=local::12202030f2f7 tid:19ef0ba3f97e4545e28ea7c55eab6844 - Processing event at sc=15, ts=2026-04-07T19:54:18.155790Z, messageId=7e432434-4fe8-472a-bb4f-4f28f9e38587, with contents=Seq()
2026-04-08 00:54:18,234 [canton-env-ec-22] INFO  c.d.c.d.t.DomainTopologyManager:domain=local tid:19ef0ba3f97e4545e28ea7c55eab6844 - Applied topology transaction Add PartyToParticipant(Both, Investor1::12209ec33c8f..., PAR::sandbox::12209ec33c8f..., Submission) at 2026-04-07T19:54:18.234156Z
2026-04-08 00:54:18,250 [canton-env-ec-41] INFO  c.d.c.d.t.DomainTopologyManagerRequestService:domain=local tid:19ef0ba3f97e4545e28ea7c55eab6844 - Register topology request by PAR::sandbox::12209ec33c8f... for PAR::sandbox::12209ec33c8f... yielded
  Accepted -> Add PartyToParticipant(Both, Investor1::12209ec33c8f..., PAR::sandbox::12209ec33c8f..., Submission)
2026-04-08 00:54:18,283 [canton-env-ec-41] INFO  c.d.c.d.s.s.GrpcSequencerService:domain=local tid:19ef0ba3f97e4545e28ea7c55eab6844 - 'DOM::local::12202030f2f7...' sends request with id 'f9f3040f-e5b9-4303-949a-2969009cf5f4' of size 518 bytes with 1 envelopes.
2026-04-08 00:54:18,283 [canton-env-ec-40] INFO  c.d.c.d.s.s.GrpcSequencerService:domain=local tid:19ef0ba3f97e4545e28ea7c55eab6844 - 'DOM::local::12202030f2f7...' sends request with id '8e71c70b-f23a-4f9e-8bfb-896479c38845' of size 944 bytes with 1 envelopes.
2026-04-08 00:54:18,400 [canton-env-ec-40] INFO  c.d.c.p.p.DefaultMessageDispatcher:participant=sandbox/domainId=local::12202030f2f7 tid:19ef0ba3f97e4545e28ea7c55eab6844 - Processing event at sc=16, ts=2026-04-07T19:54:18.297054Z, with contents=RegisterTopologyTransactionResponse
2026-04-08 00:54:18,428 [canton-env-ec-42] INFO  c.d.c.t.p.TopologyTransactionProcessor:domain=local/node=mediator/client=mediator tid:19ef0ba3f97e4545e28ea7c55eab6844 - Storing topology transaction 1/1 Add PartyToParticipant(Both, Investor1::12209ec33c8f..., PAR::sandbox::12209ec33c8f..., Submission) with ts=EffectiveTime(2026-04-07T19:54:18.550922Z) (epsilon=250 ms)
2026-04-08 00:54:18,431 [canton-env-ec-40] INFO  c.d.c.p.p.DefaultMessageDispatcher:participant=sandbox/domainId=local::12202030f2f7 tid:19ef0ba3f97e4545e28ea7c55eab6844 - Processing event at sc=17, ts=2026-04-07T19:54:18.300922Z, with contents=DomainTopologyTransactionMessage
2026-04-08 00:54:18,438 [canton-env-ec-40] INFO  c.d.c.t.p.TopologyTransactionProcessor:domain=local/client=topology-manager tid:19ef0ba3f97e4545e28ea7c55eab6844 - Storing topology transaction 1/1 Add PartyToParticipant(Both, Investor1::12209ec33c8f..., PAR::sandbox::12209ec33c8f..., Submission) with ts=EffectiveTime(2026-04-07T19:54:18.550922Z) (epsilon=250 ms)
2026-04-08 00:54:18,440 [canton-env-ec-42] INFO  c.d.c.t.p.TopologyTransactionProcessor:participant=sandbox tid:19ef0ba3f97e4545e28ea7c55eab6844 - Storing topology transaction 1/1 Add PartyToParticipant(Both, Investor1::12209ec33c8f..., PAR::sandbox::12209ec33c8f..., Submission) with ts=EffectiveTime(2026-04-07T19:54:18.550922Z) (epsilon=250 ms)
2026-04-08 00:54:18,703 [input-mapping-pool-6] INFO  c.d.c.p.i.p.ParallelIndexerSubscription:participant=sandbox tid:19ef0ba3f97e4545e28ea7c55eab6844 - Storing at offset=000000000000000007 PartyAddedToParticipant(recordTime = 2026-04-07T19:54:18.695054Z, party = Investor1::12209ec33c8f..., displayName = 'Investor1', participantId = sandbox::12209ec33c8f..., ...)
2026-04-08 00:54:18,735 [daml.index.db.threadpool.connection.api-server-1] INFO  c.d.c.p.l.PersistentPartyRecordStore:participant=sandbox tid:0c87853390a9a9b853850e8ca248522c - Created new party record in participant local store: PartyRecord(party=Investor1::12209ec33c8f0f879e68d7b113cfa5c10119b345863deaab5c87055c199ab471e774, metadata=ObjectMeta(None,Map()), identityProviderId=Default)
2026-04-08 00:54:18,764 [canton-env-ec-67] INFO  c.d.c.p.a.s.a.ApiPartyManagementService:participant=sandbox tid:03c5f85ea8ef0f8a653bb76e8df2117d - Allocating party, parties -> ['Investor2'], submissionId -> 'Investor2-7cced7c9-7a35-4065-b6f5-40d4a2eced16'.
2026-04-08 00:54:18,780 [canton-env-ec-23] INFO  c.d.c.p.t.ParticipantTopologyManager:participant=sandbox tid:03c5f85ea8ef0f8a653bb76e8df2117d - Applied topology transaction Add PartyToParticipant(Both, Investor2::12209ec33c8f..., PAR::sandbox::12209ec33c8f..., Submission) at 2026-04-07T19:54:18.778690Z
2026-04-08 00:54:18,809 [canton-env-ec-23] INFO  c.d.c.d.s.s.GrpcSequencerService:domain=local tid:aee0228f7dedce25051433d88c111c17 - 'PAR::sandbox::12209ec33c8f...' sends request with id 'b9368374-4320-4f11-b43e-083baf18e678' of size 832 bytes with 1 envelopes.
2026-04-08 00:54:18,866 [canton-env-ec-40] INFO  c.d.c.p.p.DefaultMessageDispatcher:participant=sandbox/domainId=local::12202030f2f7 tid:aee0228f7dedce25051433d88c111c17 - Processing event at sc=18, ts=2026-04-07T19:54:18.816579Z, messageId=b9368374-4320-4f11-b43e-083baf18e678, with contents=Seq()
2026-04-08 00:54:18,888 [canton-env-ec-41] INFO  c.d.c.d.t.DomainTopologyManager:domain=local tid:aee0228f7dedce25051433d88c111c17 - Applied topology transaction Add PartyToParticipant(Both, Investor2::12209ec33c8f..., PAR::sandbox::12209ec33c8f..., Submission) at 2026-04-07T19:54:18.887796Z
2026-04-08 00:54:18,909 [canton-env-ec-27] INFO  c.d.c.d.t.DomainTopologyManagerRequestService:domain=local tid:aee0228f7dedce25051433d88c111c17 - Register topology request by PAR::sandbox::12209ec33c8f... for PAR::sandbox::12209ec33c8f... yielded
  Accepted -> Add PartyToParticipant(Both, Investor2::12209ec33c8f..., PAR::sandbox::12209ec33c8f..., Submission)
2026-04-08 00:54:18,935 [canton-env-ec-40] INFO  c.d.c.d.s.s.GrpcSequencerService:domain=local tid:aee0228f7dedce25051433d88c111c17 - 'DOM::local::12202030f2f7...' sends request with id '14863474-0d2a-4f5e-abbe-0c4a961dd374' of size 943 bytes with 1 envelopes.
2026-04-08 00:54:18,942 [canton-env-ec-27] INFO  c.d.c.d.s.s.GrpcSequencerService:domain=local tid:aee0228f7dedce25051433d88c111c17 - 'DOM::local::12202030f2f7...' sends request with id '8a2fe2e8-3c28-468f-9c5f-136ae49c3f43' of size 520 bytes with 1 envelopes.
2026-04-08 00:54:19,045 [canton-env-ec-27] INFO  c.d.c.p.p.DefaultMessageDispatcher:participant=sandbox/domainId=local::12202030f2f7 tid:aee0228f7dedce25051433d88c111c17 - Processing event at sc=19, ts=2026-04-07T19:54:18.953840Z, with contents=DomainTopologyTransactionMessage
2026-04-08 00:54:19,061 [canton-env-ec-41] INFO  c.d.c.t.p.TopologyTransactionProcessor:domain=local/client=topology-manager tid:aee0228f7dedce25051433d88c111c17 - Storing topology transaction 1/1 Add PartyToParticipant(Both, Investor2::12209ec33c8f..., PAR::sandbox::12209ec33c8f..., Submission) with ts=EffectiveTime(2026-04-07T19:54:19.203840Z) (epsilon=250 ms)
2026-04-08 00:54:19,046 [canton-env-ec-28] INFO  c.d.c.t.p.TopologyTransactionProcessor:domain=local/node=mediator/client=mediator tid:aee0228f7dedce25051433d88c111c17 - Storing topology transaction 1/1 Add PartyToParticipant(Both, Investor2::12209ec33c8f..., PAR::sandbox::12209ec33c8f..., Submission) with ts=EffectiveTime(2026-04-07T19:54:19.203840Z) (epsilon=250 ms)
2026-04-08 00:54:19,073 [canton-env-ec-67] INFO  c.d.c.t.p.TopologyTransactionProcessor:participant=sandbox tid:aee0228f7dedce25051433d88c111c17 - Storing topology transaction 1/1 Add PartyToParticipant(Both, Investor2::12209ec33c8f..., PAR::sandbox::12209ec33c8f..., Submission) with ts=EffectiveTime(2026-04-07T19:54:19.203840Z) (epsilon=250 ms)
2026-04-08 00:54:19,084 [canton-env-ec-40] INFO  c.d.c.p.p.DefaultMessageDispatcher:participant=sandbox/domainId=local::12202030f2f7 tid:aee0228f7dedce25051433d88c111c17 - Processing event at sc=20, ts=2026-04-07T19:54:18.957339Z, with contents=RegisterTopologyTransactionResponse
2026-04-08 00:54:19,338 [input-mapping-pool-7] INFO  c.d.c.p.i.p.ParallelIndexerSubscription:participant=sandbox tid:aee0228f7dedce25051433d88c111c17 - Storing at offset=000000000000000008 PartyAddedToParticipant(recordTime = 2026-04-07T19:54:19.329735Z, party = Investor2::12209ec33c8f..., displayName = 'Investor2', participantId = sandbox::12209ec33c8f..., ...)
2026-04-08 00:54:19,390 [daml.index.db.threadpool.connection.api-server-1] INFO  c.d.c.p.l.PersistentPartyRecordStore:participant=sandbox tid:03c5f85ea8ef0f8a653bb76e8df2117d - Created new party record in participant local store: PartyRecord(party=Investor2::12209ec33c8f0f879e68d7b113cfa5c10119b345863deaab5c87055c199ab471e774, metadata=ObjectMeta(None,Map()), identityProviderId=Default)
2026-04-08 00:54:19,463 [canton-env-ec-66] INFO  c.d.c.p.a.s.a.ApiPartyManagementService:participant=sandbox tid:5d325b992a85d7b5daecee6edf6a7f16 - Allocating party, parties -> ['Investor3'], submissionId -> 'Investor3-0a85a4c8-888e-4b8f-baa8-376ae5fa7962'.
2026-04-08 00:54:19,493 [canton-env-ec-66] INFO  c.d.c.p.t.ParticipantTopologyManager:participant=sandbox tid:5d325b992a85d7b5daecee6edf6a7f16 - Applied topology transaction Add PartyToParticipant(Both, Investor3::12209ec33c8f..., PAR::sandbox::12209ec33c8f..., Submission) at 2026-04-07T19:54:19.493217Z
2026-04-08 00:54:19,542 [canton-env-ec-41] INFO  c.d.c.d.s.s.GrpcSequencerService:domain=local tid:d454eba9f9c0377656161dbb0ae33a5c - 'PAR::sandbox::12209ec33c8f...' sends request with id '8b759d7c-4250-4c57-8653-d61000228c68' of size 828 bytes with 1 envelopes.
2026-04-08 00:54:19,645 [canton-env-ec-29] INFO  c.d.c.p.p.DefaultMessageDispatcher:participant=sandbox/domainId=local::12202030f2f7 tid:d454eba9f9c0377656161dbb0ae33a5c - Processing event at sc=21, ts=2026-04-07T19:54:19.560987Z, messageId=8b759d7c-4250-4c57-8653-d61000228c68, with contents=Seq()
2026-04-08 00:54:19,678 [canton-env-ec-40] INFO  c.d.c.d.t.DomainTopologyManager:domain=local tid:d454eba9f9c0377656161dbb0ae33a5c - Applied topology transaction Add PartyToParticipant(Both, Investor3::12209ec33c8f..., PAR::sandbox::12209ec33c8f..., Submission) at 2026-04-07T19:54:19.677353Z
2026-04-08 00:54:19,681 [canton-env-ec-67] INFO  c.d.c.d.t.DomainTopologyManagerRequestService:domain=local tid:d454eba9f9c0377656161dbb0ae33a5c - Register topology request by PAR::sandbox::12209ec33c8f... for PAR::sandbox::12209ec33c8f... yielded
  Accepted -> Add PartyToParticipant(Both, Investor3::12209ec33c8f..., PAR::sandbox::12209ec33c8f..., Submission)
2026-04-08 00:54:19,753 [canton-env-ec-67] INFO  c.d.c.d.s.s.GrpcSequencerService:domain=local tid:d454eba9f9c0377656161dbb0ae33a5c - 'DOM::local::12202030f2f7...' sends request with id '8d0f5042-c263-4b28-a589-0009dc8f9999' of size 520 bytes with 1 envelopes.
2026-04-08 00:54:19,763 [canton-env-ec-23] INFO  c.d.c.d.s.s.GrpcSequencerService:domain=local tid:d454eba9f9c0377656161dbb0ae33a5c - 'DOM::local::12202030f2f7...' sends request with id '23adf48d-c940-4942-b11e-1f7e9e6b890b' of size 949 bytes with 1 envelopes.
2026-04-08 00:54:19,918 [canton-env-ec-29] INFO  c.d.c.p.p.DefaultMessageDispatcher:participant=sandbox/domainId=local::12202030f2f7 tid:d454eba9f9c0377656161dbb0ae33a5c - Processing event at sc=22, ts=2026-04-07T19:54:19.783874Z, with contents=DomainTopologyTransactionMessage
2026-04-08 00:54:19,919 [canton-env-ec-23] INFO  c.d.c.t.p.TopologyTransactionProcessor:domain=local/client=topology-manager tid:d454eba9f9c0377656161dbb0ae33a5c - Storing topology transaction 1/1 Add PartyToParticipant(Both, Investor3::12209ec33c8f..., PAR::sandbox::12209ec33c8f..., Submission) with ts=EffectiveTime(2026-04-07T19:54:20.033874Z) (epsilon=250 ms)
2026-04-08 00:54:19,955 [canton-env-ec-23] INFO  c.d.c.t.p.TopologyTransactionProcessor:participant=sandbox tid:d454eba9f9c0377656161dbb0ae33a5c - Storing topology transaction 1/1 Add PartyToParticipant(Both, Investor3::12209ec33c8f..., PAR::sandbox::12209ec33c8f..., Submission) with ts=EffectiveTime(2026-04-07T19:54:20.033874Z) (epsilon=250 ms)
2026-04-08 00:54:19,968 [canton-env-ec-22] INFO  c.d.c.p.p.DefaultMessageDispatcher:participant=sandbox/domainId=local::12202030f2f7 tid:d454eba9f9c0377656161dbb0ae33a5c - Processing event at sc=23, ts=2026-04-07T19:54:19.792189Z, with contents=RegisterTopologyTransactionResponse
2026-04-08 00:54:19,972 [canton-env-ec-40] INFO  c.d.c.t.p.TopologyTransactionProcessor:domain=local/node=mediator/client=mediator tid:d454eba9f9c0377656161dbb0ae33a5c - Storing topology transaction 1/1 Add PartyToParticipant(Both, Investor3::12209ec33c8f..., PAR::sandbox::12209ec33c8f..., Submission) with ts=EffectiveTime(2026-04-07T19:54:20.033874Z) (epsilon=250 ms)
2026-04-08 00:54:20,221 [input-mapping-pool-8] INFO  c.d.c.p.i.p.ParallelIndexerSubscription:participant=sandbox tid:d454eba9f9c0377656161dbb0ae33a5c - Storing at offset=000000000000000009 PartyAddedToParticipant(recordTime = 2026-04-07T19:54:20.211376Z, party = Investor3::12209ec33c8f..., displayName = 'Investor3', participantId = sandbox::12209ec33c8f..., ...)
2026-04-08 00:54:20,286 [daml.index.db.threadpool.connection.api-server-0] INFO  c.d.c.p.l.PersistentPartyRecordStore:participant=sandbox tid:5d325b992a85d7b5daecee6edf6a7f16 - Created new party record in participant local store: PartyRecord(party=Investor3::12209ec33c8f0f879e68d7b113cfa5c10119b345863deaab5c87055c199ab471e774, metadata=ObjectMeta(None,Map()), identityProviderId=Default)
2026-04-08 00:54:20,891 [canton-env-ec-22] INFO  c.d.c.p.a.s.c.CommandSubmissionServiceImpl:participant=sandbox tid:b104d08dbde0635f19de696b762d6a57 - Phase 1 started: Submitting commands for interpretation: Commands(
  commandId = 15cdeee4-b176-4cd5-9bc1-3aa38b0aacd6,
  submissionId = ff3e61e2-2db3-457e-b295-c0b7b2c13a3f,
  applicationId = daml-script,
  actAs = Admin::12209ec33c8f...,
  submittedAt = 2026-04-07T19:54:20.856679Z,
  ledgerEffectiveTime = 2026-04-07T19:54:20.856667Z,
  deduplicationPeriod = (duration=PT168H),
  ...
).
2026-04-08 00:54:25,866 [canton-env-ec-29] INFO  c.d.c.p.p.TransactionProcessor:participant=sandbox/domainId=local::12202030f2f7 tid:b104d08dbde0635f19de696b762d6a57 - Phase 1 completed: Submitting 3 envelopes for Transaction request, submitters Admin::12209ec33c8f..., command-id 15cdeee4-b176-4cd5-9bc1-3aa38b0aacd6
2026-04-08 00:54:25,890 [canton-env-ec-22] INFO  c.d.c.d.s.s.GrpcSequencerService:domain=local tid:b104d08dbde0635f19de696b762d6a57 - 'PAR::sandbox::12209ec33c8f...' sends request with id '01fa3679-7c7c-40df-8aea-18b27cde963b' of size 2480 bytes with 3 envelopes.
2026-04-08 00:54:26,002 [canton-env-ec-40] INFO  c.d.c.p.p.DefaultMessageDispatcher:participant=sandbox/domainId=local::12202030f2f7 tid:b104d08dbde0635f19de696b762d6a57 - Processing event at sc=24, ts=2026-04-07T19:54:25.911898Z, messageId=01fa3679-7c7c-40df-8aea-18b27cde963b, with contents=Seq(RootHashMessage(root hash = SHA-256:8904862ee804..., payload size = 0), EncryptedViewMessageV2(view hash = ViewHash(SHA-256:93c30e094787...), view type = TransactionViewType, size = 1094))
2026-04-08 00:54:26,034 [canton-env-ec-27] INFO  c.d.c.p.p.TransactionProcessor:participant=sandbox/domainId=local::12202030f2f7 tid:b104d08dbde0635f19de696b762d6a57 - Phase 3: Validating Transaction request=2026-04-07T19:54:25.911898Z with 1 envelope(s)
2026-04-08 00:54:26,203 [canton-env-ec-23] INFO  c.d.c.d.m.ConfirmationResponseProcessor:domain=local/node=mediator tid:b104d08dbde0635f19de696b762d6a57 - Phase 2: Registered request=2026-04-07T19:54:25.911898Z with 1 view(s). Initial state: ViewPosition("") -> ViewState(
  quorumsState = Seq(Quorum(confirmers = Admin::12209ec33c8f... -> 1, threshold = 1), Quorum(confirmers = sandbox::12209ec33c8f... -> 1, threshold = 1)),
  consortiumVoting = Map(Admin::12209ec33c8f... -> ConsortiumVotingState(), sandbox::12209ec33c8f... -> ConsortiumVotingState()),
  rejections = Seq()
)
2026-04-08 00:54:27,119 [canton-env-ec-41] INFO  c.d.c.p.p.TransactionProcessor:participant=sandbox/domainId=local::12202030f2f7 tid:b104d08dbde0635f19de696b762d6a57 - Phase 4: Sending for request=2026-04-07T19:54:25.911898Z with msgId=15ce59fc-9128-4976-85ce-16800ad38cfe approved=1, rejected=0
2026-04-08 00:54:27,139 [canton-env-ec-41] INFO  c.d.c.d.s.s.GrpcSequencerService:domain=local tid:b104d08dbde0635f19de696b762d6a57 - 'PAR::sandbox::12209ec33c8f...' sends request with id '15ce59fc-9128-4976-85ce-16800ad38cfe' of size 730 bytes with 1 envelopes.
2026-04-08 00:54:27,182 [canton-env-ec-23] INFO  c.d.c.p.p.DefaultMessageDispatcher:participant=sandbox/domainId=local::12202030f2f7 tid:b104d08dbde0635f19de696b762d6a57 - Processing event at sc=25, ts=2026-04-07T19:54:27.146052Z, messageId=15ce59fc-9128-4976-85ce-16800ad38cfe, with contents=Seq()
2026-04-08 00:54:27,216 [canton-env-ec-27] INFO  c.d.c.d.m.ConfirmationResponseProcessor:domain=local/node=mediator tid:b104d08dbde0635f19de696b762d6a57 - Phase 5: Received responses for request=RequestId(2026-04-07T19:54:25.911898Z): ParticipantResponse(sender = PAR::sandbox::12209ec33c8f..., ts = 2026-04-07T19:54:27.146052Z, approved = 1)
2026-04-08 00:54:27,273 [canton-env-ec-27] INFO  c.d.c.d.m.ConfirmationResponseProcessor:domain=local/node=mediator tid:b104d08dbde0635f19de696b762d6a57 - Phase 6: Finalized request=RequestId(2026-04-07T19:54:25.911898Z) with verdict Approve
2026-04-08 00:54:27,309 [canton-env-ec-28] INFO  c.d.c.d.s.s.GrpcSequencerService:domain=local tid:b104d08dbde0635f19de696b762d6a57 - 'MED::local::12202030f2f7...' sends request with id 'mmid:verdict:1775591665911898' of size 704 bytes with 1 envelopes.
2026-04-08 00:54:27,365 [canton-env-ec-28] INFO  c.d.c.p.p.DefaultMessageDispatcher:participant=sandbox/domainId=local::12202030f2f7 tid:b104d08dbde0635f19de696b762d6a57 - Processing event at sc=26, ts=2026-04-07T19:54:27.317125Z, with contents=SignedProtocolMessage(
  TransactionResultMessage(requestId = 2026-04-07T19:54:25.911898Z, verdict = Approve, rootHash = SHA-256:8904862ee804..., domainId = local::12202030f2f7...),
  signatures = Signature(signature = 299c834ed038, signedBy = 12207592ba15...)
)
2026-04-08 00:54:27,568 [input-mapping-pool-9] INFO  c.d.c.p.i.p.ParallelIndexerSubscription:participant=sandbox tid:b104d08dbde0635f19de696b762d6a57 - Phase 7: Storing at offset=00000000000000000a TransactionAccepted(
  recordTime = 2026-04-07T19:54:25.911898Z,
  transactionId = 12208904862ee8043f42f0b15ac82ef6e1de0ea43950c0ee3866ae27813156a9106d,
  transactionMeta = TransactionMeta(ledgerEffectiveTime = 2026-04-07T19:54:20.856667Z, submissionTime = 2026-04-07T19:54:20.856667Z, domainId = local::12202030f2f7..., ...),
  completion = CompletionInfo(
    actAs = Admin::12209ec33c8f...,
    commandId = 15cdeee4-b176-4cd5-9bc1-3aa38b0aacd6,
    applicationId = daml-script,
    deduplication period = (offset=Offset(Bytes(000000000000000001))),
    submissionId = Some(ff3e61e2-2db3-457e-b295-c0b7b2c13a3f),
    ...
  ),
  nodes = 1,
  roots = 1,
  ...
)
2026-04-08 00:54:27,723 [canton-env-ec-27] INFO  c.d.c.p.a.s.t.TransactionServiceImpl:participant=sandbox - Received request for transaction by ID, ledgerId -> 'sandbox', transactionId -> '12208904862ee8043f42f0b15ac82ef6e1de0ea43950c0ee3866ae27813156a9106d', parties -> ['Admin::12209ec33c8f0f879e68d7b113cfa5c10119b345863deaab5c87055c199ab471e774'].
2026-04-08 00:54:27,990 [canton-env-ec-29] INFO  c.d.c.p.a.s.c.CommandSubmissionServiceImpl:participant=sandbox tid:4b240318871bbfaa86ad604a4e5ca3da - Phase 1 started: Submitting commands for interpretation: Commands(
  commandId = f9541274-60e1-403b-8287-b4e0160c51b8,
  submissionId = d9bc4f77-24b7-406b-9f13-db56ba8505e4,
  applicationId = daml-script,
  actAs = Admin::12209ec33c8f...,
  submittedAt = 2026-04-07T19:54:27.986602Z,
  ledgerEffectiveTime = 2026-04-07T19:54:27.986599Z,
  deduplicationPeriod = (duration=PT168H),
  ...
).
2026-04-08 00:54:28,136 [canton-env-ec-67] INFO  c.d.c.p.p.TransactionProcessor:participant=sandbox/domainId=local::12202030f2f7 tid:4b240318871bbfaa86ad604a4e5ca3da - Phase 1 completed: Submitting 3 envelopes for Transaction request, submitters Admin::12209ec33c8f..., command-id f9541274-60e1-403b-8287-b4e0160c51b8
2026-04-08 00:54:28,164 [canton-env-ec-23] INFO  c.d.c.d.s.s.GrpcSequencerService:domain=local tid:4b240318871bbfaa86ad604a4e5ca3da - 'PAR::sandbox::12209ec33c8f...' sends request with id 'b2d8ec20-655d-4e3f-9cb7-62ff81d89834' of size 2485 bytes with 3 envelopes.
2026-04-08 00:54:28,250 [canton-env-ec-40] INFO  c.d.c.d.m.ConfirmationResponseProcessor:domain=local/node=mediator tid:4b240318871bbfaa86ad604a4e5ca3da - Phase 2: Registered request=2026-04-07T19:54:28.181401Z with 1 view(s). Initial state: ViewPosition("") -> ViewState(
  quorumsState = Seq(Quorum(confirmers = Admin::12209ec33c8f... -> 1, threshold = 1), Quorum(confirmers = sandbox::12209ec33c8f... -> 1, threshold = 1)),
  consortiumVoting = Map(Admin::12209ec33c8f... -> ConsortiumVotingState(), sandbox::12209ec33c8f... -> ConsortiumVotingState()),
  rejections = Seq()
)
2026-04-08 00:54:28,254 [canton-env-ec-29] INFO  c.d.c.p.p.DefaultMessageDispatcher:participant=sandbox/domainId=local::12202030f2f7 tid:4b240318871bbfaa86ad604a4e5ca3da - Processing event at sc=27, ts=2026-04-07T19:54:28.181401Z, messageId=b2d8ec20-655d-4e3f-9cb7-62ff81d89834, with contents=Seq(RootHashMessage(root hash = SHA-256:ab30c81842d5..., payload size = 0), EncryptedViewMessageV2(view hash = ViewHash(SHA-256:e1c0d8f83676...), view type = TransactionViewType, size = 1088))
2026-04-08 00:54:28,283 [canton-env-ec-67] INFO  c.d.c.p.p.TransactionProcessor:participant=sandbox/domainId=local::12202030f2f7 tid:4b240318871bbfaa86ad604a4e5ca3da - Phase 3: Validating Transaction request=2026-04-07T19:54:28.181401Z with 1 envelope(s)
2026-04-08 00:54:28,416 [canton-env-ec-22] INFO  c.d.c.p.p.TransactionProcessor:participant=sandbox/domainId=local::12202030f2f7 tid:4b240318871bbfaa86ad604a4e5ca3da - Phase 4: Sending for request=2026-04-07T19:54:28.181401Z with msgId=64688c1b-c5d5-4b42-b66c-ef73851de081 approved=1, rejected=0
2026-04-08 00:54:28,434 [canton-env-ec-22] INFO  c.d.c.d.s.s.GrpcSequencerService:domain=local tid:4b240318871bbfaa86ad604a4e5ca3da - 'PAR::sandbox::12209ec33c8f...' sends request with id '64688c1b-c5d5-4b42-b66c-ef73851de081' of size 730 bytes with 1 envelopes.
2026-04-08 00:54:28,476 [canton-env-ec-29] INFO  c.d.c.p.p.DefaultMessageDispatcher:participant=sandbox/domainId=local::12202030f2f7 tid:4b240318871bbfaa86ad604a4e5ca3da - Processing event at sc=28, ts=2026-04-07T19:54:28.442555Z, messageId=64688c1b-c5d5-4b42-b66c-ef73851de081, with contents=Seq()
2026-04-08 00:54:28,494 [canton-env-ec-28] INFO  c.d.c.d.m.ConfirmationResponseProcessor:domain=local/node=mediator tid:4b240318871bbfaa86ad604a4e5ca3da - Phase 5: Received responses for request=RequestId(2026-04-07T19:54:28.181401Z): ParticipantResponse(sender = PAR::sandbox::12209ec33c8f..., ts = 2026-04-07T19:54:28.442555Z, approved = 1)
2026-04-08 00:54:28,504 [canton-env-ec-23] INFO  c.d.c.d.m.ConfirmationResponseProcessor:domain=local/node=mediator tid:4b240318871bbfaa86ad604a4e5ca3da - Phase 6: Finalized request=RequestId(2026-04-07T19:54:28.181401Z) with verdict Approve
2026-04-08 00:54:28,524 [canton-env-ec-22] INFO  c.d.c.d.s.s.GrpcSequencerService:domain=local tid:4b240318871bbfaa86ad604a4e5ca3da - 'MED::local::12202030f2f7...' sends request with id 'mmid:verdict:1775591668181401' of size 708 bytes with 1 envelopes.
2026-04-08 00:54:28,565 [canton-env-ec-41] INFO  c.d.c.p.p.DefaultMessageDispatcher:participant=sandbox/domainId=local::12202030f2f7 tid:4b240318871bbfaa86ad604a4e5ca3da - Processing event at sc=29, ts=2026-04-07T19:54:28.530247Z, with contents=SignedProtocolMessage(
  TransactionResultMessage(requestId = 2026-04-07T19:54:28.181401Z, verdict = Approve, rootHash = SHA-256:ab30c81842d5..., domainId = local::12202030f2f7...),
  signatures = Signature(signature = 740a4234da94, signedBy = 12207592ba15...)
)
2026-04-08 00:54:28,607 [input-mapping-pool-10] INFO  c.d.c.p.i.p.ParallelIndexerSubscription:participant=sandbox tid:4b240318871bbfaa86ad604a4e5ca3da - Phase 7: Storing at offset=00000000000000000b TransactionAccepted(
  recordTime = 2026-04-07T19:54:28.181401Z,
  transactionId = 1220ab30c81842d50a0d9f0b85854e7f134ad31df5f0568f1c582c0f3477afab2802,
  transactionMeta = TransactionMeta(ledgerEffectiveTime = 2026-04-07T19:54:27.986599Z, submissionTime = 2026-04-07T19:54:27.986599Z, domainId = local::12202030f2f7..., ...),
  completion = CompletionInfo(
    actAs = Admin::12209ec33c8f...,
    commandId = f9541274-60e1-403b-8287-b4e0160c51b8,
    applicationId = daml-script,
    deduplication period = (offset=Offset(Bytes(000000000000000001))),
    submissionId = Some(d9bc4f77-24b7-406b-9f13-db56ba8505e4),
    ...
  ),
  nodes = 1,
  roots = 1,
  ...
)
2026-04-08 00:54:28,646 [canton-env-ec-67] INFO  c.d.c.p.a.s.t.TransactionServiceImpl:participant=sandbox - Received request for transaction by ID, ledgerId -> 'sandbox', transactionId -> '1220ab30c81842d50a0d9f0b85854e7f134ad31df5f0568f1c582c0f3477afab2802', parties -> ['Admin::12209ec33c8f0f879e68d7b113cfa5c10119b345863deaab5c87055c199ab471e774'].
2026-04-08 00:54:28,678 [canton-env-ec-23] INFO  c.d.c.p.a.s.c.CommandSubmissionServiceImpl:participant=sandbox tid:657ec04b44cedc15bbae1b41e3924201 - Phase 1 started: Submitting commands for interpretation: Commands(
  commandId = 2e0ee58a-ccae-45fb-80ca-3714974e3a8a,
  submissionId = 91f70450-82b8-41de-84f8-aa630b5ddd25,
  applicationId = daml-script,
  actAs = Admin::12209ec33c8f...,
  submittedAt = 2026-04-07T19:54:28.675490Z,
  ledgerEffectiveTime = 2026-04-07T19:54:28.675488Z,
  deduplicationPeriod = (duration=PT168H),
  ...
).
2026-04-08 00:54:28,742 [canton-env-ec-23] INFO  c.d.c.p.p.TransactionProcessor:participant=sandbox/domainId=local::12202030f2f7 tid:657ec04b44cedc15bbae1b41e3924201 - Phase 1 completed: Submitting 3 envelopes for Transaction request, submitters Admin::12209ec33c8f..., command-id 2e0ee58a-ccae-45fb-80ca-3714974e3a8a
2026-04-08 00:54:28,760 [canton-env-ec-23] INFO  c.d.c.d.s.s.GrpcSequencerService:domain=local tid:657ec04b44cedc15bbae1b41e3924201 - 'PAR::sandbox::12209ec33c8f...' sends request with id 'e4ca7ff6-7945-4f79-bca3-482d4e596289' of size 2493 bytes with 3 envelopes.
2026-04-08 00:54:28,812 [canton-env-ec-41] INFO  c.d.c.p.p.DefaultMessageDispatcher:participant=sandbox/domainId=local::12202030f2f7 tid:657ec04b44cedc15bbae1b41e3924201 - Processing event at sc=30, ts=2026-04-07T19:54:28.772584Z, messageId=e4ca7ff6-7945-4f79-bca3-482d4e596289, with contents=Seq(RootHashMessage(root hash = SHA-256:af6bb619f777..., payload size = 0), EncryptedViewMessageV2(view hash = ViewHash(SHA-256:ce17cd18716b...), view type = TransactionViewType, size = 1100))
2026-04-08 00:54:28,820 [canton-env-ec-66] INFO  c.d.c.p.p.TransactionProcessor:participant=sandbox/domainId=local::12202030f2f7 tid:657ec04b44cedc15bbae1b41e3924201 - Phase 3: Validating Transaction request=2026-04-07T19:54:28.772584Z with 1 envelope(s)
2026-04-08 00:54:28,829 [canton-env-ec-41] INFO  c.d.c.d.m.ConfirmationResponseProcessor:domain=local/node=mediator tid:657ec04b44cedc15bbae1b41e3924201 - Phase 2: Registered request=2026-04-07T19:54:28.772584Z with 1 view(s). Initial state: ViewPosition("") -> ViewState(
  quorumsState = Seq(Quorum(confirmers = Admin::12209ec33c8f... -> 1, threshold = 1), Quorum(confirmers = sandbox::12209ec33c8f... -> 1, threshold = 1)),
  consortiumVoting = Map(Admin::12209ec33c8f... -> ConsortiumVotingState(), sandbox::12209ec33c8f... -> ConsortiumVotingState()),
  rejections = Seq()
)
2026-04-08 00:54:28,925 [canton-env-ec-66] INFO  c.d.c.p.p.TransactionProcessor:participant=sandbox/domainId=local::12202030f2f7 tid:657ec04b44cedc15bbae1b41e3924201 - Phase 4: Sending for request=2026-04-07T19:54:28.772584Z with msgId=2cdd2893-6f70-4c40-a97c-6d591bd85a09 approved=1, rejected=0
2026-04-08 00:54:28,941 [canton-env-ec-27] INFO  c.d.c.d.s.s.GrpcSequencerService:domain=local tid:657ec04b44cedc15bbae1b41e3924201 - 'PAR::sandbox::12209ec33c8f...' sends request with id '2cdd2893-6f70-4c40-a97c-6d591bd85a09' of size 733 bytes with 1 envelopes.
2026-04-08 00:54:28,990 [canton-env-ec-66] INFO  c.d.c.p.p.DefaultMessageDispatcher:participant=sandbox/domainId=local::12202030f2f7 tid:657ec04b44cedc15bbae1b41e3924201 - Processing event at sc=31, ts=2026-04-07T19:54:28.949546Z, messageId=2cdd2893-6f70-4c40-a97c-6d591bd85a09, with contents=Seq()
2026-04-08 00:54:29,005 [canton-env-ec-40] INFO  c.d.c.d.m.ConfirmationResponseProcessor:domain=local/node=mediator tid:657ec04b44cedc15bbae1b41e3924201 - Phase 5: Received responses for request=RequestId(2026-04-07T19:54:28.772584Z): ParticipantResponse(sender = PAR::sandbox::12209ec33c8f..., ts = 2026-04-07T19:54:28.949546Z, approved = 1)
2026-04-08 00:54:29,018 [canton-env-ec-41] INFO  c.d.c.d.m.ConfirmationResponseProcessor:domain=local/node=mediator tid:657ec04b44cedc15bbae1b41e3924201 - Phase 6: Finalized request=RequestId(2026-04-07T19:54:28.772584Z) with verdict Approve
2026-04-08 00:54:29,048 [canton-env-ec-40] INFO  c.d.c.d.s.s.GrpcSequencerService:domain=local tid:657ec04b44cedc15bbae1b41e3924201 - 'MED::local::12202030f2f7...' sends request with id 'mmid:verdict:1775591668772584' of size 707 bytes with 1 envelopes.
2026-04-08 00:54:29,110 [canton-env-ec-41] INFO  c.d.c.p.p.DefaultMessageDispatcher:participant=sandbox/domainId=local::12202030f2f7 tid:657ec04b44cedc15bbae1b41e3924201 - Processing event at sc=32, ts=2026-04-07T19:54:29.062317Z, with contents=SignedProtocolMessage(
  TransactionResultMessage(requestId = 2026-04-07T19:54:28.772584Z, verdict = Approve, rootHash = SHA-256:af6bb619f777..., domainId = local::12202030f2f7...),
  signatures = Signature(signature = 0111c8b51c50, signedBy = 12207592ba15...)
)
2026-04-08 00:54:29,198 [input-mapping-pool-11] INFO  c.d.c.p.i.p.ParallelIndexerSubscription:participant=sandbox tid:657ec04b44cedc15bbae1b41e3924201 - Phase 7: Storing at offset=00000000000000000c TransactionAccepted(
  recordTime = 2026-04-07T19:54:28.772584Z,
  transactionId = 1220af6bb619f77717f5d969b784a0051e3d1d09410e894e2ee4ee38c6aa5211f687,
  transactionMeta = TransactionMeta(ledgerEffectiveTime = 2026-04-07T19:54:28.675488Z, submissionTime = 2026-04-07T19:54:28.675488Z, domainId = local::12202030f2f7..., ...),
  completion = CompletionInfo(
    actAs = Admin::12209ec33c8f...,
    commandId = 2e0ee58a-ccae-45fb-80ca-3714974e3a8a,
    applicationId = daml-script,
    deduplication period = (offset=Offset(Bytes(000000000000000001))),
    submissionId = Some(91f70450-82b8-41de-84f8-aa630b5ddd25),
    ...
  ),
  nodes = 1,
  roots = 1,
  ...
)
2026-04-08 00:54:29,251 [canton-env-ec-66] INFO  c.d.c.p.a.s.t.TransactionServiceImpl:participant=sandbox - Received request for transaction by ID, ledgerId -> 'sandbox', transactionId -> '1220af6bb619f77717f5d969b784a0051e3d1d09410e894e2ee4ee38c6aa5211f687', parties -> ['Admin::12209ec33c8f0f879e68d7b113cfa5c10119b345863deaab5c87055c199ab471e774'].
2026-04-08 00:54:29,349 [canton-env-ec-23] INFO  c.d.c.p.a.s.c.CommandSubmissionServiceImpl:participant=sandbox tid:e303c7c06842a47f1077aae5af2cd159 - Phase 1 started: Submitting commands for interpretation: Commands(
  commandId = 29d26afc-4ac7-4549-965d-3374ba13fb4d,
  submissionId = c873006c-8f6e-4492-a5f0-2b61e078d6fc,
  applicationId = daml-script,
  actAs = Admin::12209ec33c8f...,
  submittedAt = 2026-04-07T19:54:29.335953Z,
  ledgerEffectiveTime = 2026-04-07T19:54:29.335949Z,
  deduplicationPeriod = (duration=PT168H),
  ...
).
2026-04-08 00:54:29,464 [canton-env-ec-66] INFO  c.d.c.p.p.TransactionProcessor:participant=sandbox/domainId=local::12202030f2f7 tid:e303c7c06842a47f1077aae5af2cd159 - Phase 1 completed: Submitting 3 envelopes for Transaction request, submitters Admin::12209ec33c8f..., command-id 29d26afc-4ac7-4549-965d-3374ba13fb4d
2026-04-08 00:54:29,493 [canton-env-ec-42] INFO  c.d.c.d.s.s.GrpcSequencerService:domain=local tid:e303c7c06842a47f1077aae5af2cd159 - 'PAR::sandbox::12209ec33c8f...' sends request with id '8dd6c832-6aba-4569-8e77-dd458f278c6e' of size 2478 bytes with 3 envelopes.
2026-04-08 00:54:29,546 [canton-env-ec-42] INFO  c.d.c.p.p.DefaultMessageDispatcher:participant=sandbox/domainId=local::12202030f2f7 tid:e303c7c06842a47f1077aae5af2cd159 - Processing event at sc=33, ts=2026-04-07T19:54:29.501283Z, messageId=8dd6c832-6aba-4569-8e77-dd458f278c6e, with contents=Seq(RootHashMessage(root hash = SHA-256:350c8fced38e..., payload size = 0), EncryptedViewMessageV2(view hash = ViewHash(SHA-256:8ce07ba0c928...), view type = TransactionViewType, size = 1083))
2026-04-08 00:54:29,555 [canton-env-ec-42] INFO  c.d.c.p.p.TransactionProcessor:participant=sandbox/domainId=local::12202030f2f7 tid:e303c7c06842a47f1077aae5af2cd159 - Phase 3: Validating Transaction request=2026-04-07T19:54:29.501283Z with 1 envelope(s)
2026-04-08 00:54:29,574 [canton-env-ec-67] INFO  c.d.c.d.m.ConfirmationResponseProcessor:domain=local/node=mediator tid:e303c7c06842a47f1077aae5af2cd159 - Phase 2: Registered request=2026-04-07T19:54:29.501283Z with 1 view(s). Initial state: ViewPosition("") -> ViewState(
  quorumsState = Seq(Quorum(confirmers = Admin::12209ec33c8f... -> 1, threshold = 1), Quorum(confirmers = sandbox::12209ec33c8f... -> 1, threshold = 1)),
  consortiumVoting = Map(Admin::12209ec33c8f... -> ConsortiumVotingState(), sandbox::12209ec33c8f... -> ConsortiumVotingState()),
  rejections = Seq()
)
2026-04-08 00:54:29,652 [canton-env-ec-42] INFO  c.d.c.p.p.TransactionProcessor:participant=sandbox/domainId=local::12202030f2f7 tid:e303c7c06842a47f1077aae5af2cd159 - Phase 4: Sending for request=2026-04-07T19:54:29.501283Z with msgId=47a2f0b8-4fd7-4233-a49e-92d2c7b9aea8 approved=1, rejected=0
2026-04-08 00:54:29,670 [canton-env-ec-66] INFO  c.d.c.d.s.s.GrpcSequencerService:domain=local tid:e303c7c06842a47f1077aae5af2cd159 - 'PAR::sandbox::12209ec33c8f...' sends request with id '47a2f0b8-4fd7-4233-a49e-92d2c7b9aea8' of size 724 bytes with 1 envelopes.
2026-04-08 00:54:29,725 [canton-env-ec-42] INFO  c.d.c.p.p.DefaultMessageDispatcher:participant=sandbox/domainId=local::12202030f2f7 tid:e303c7c06842a47f1077aae5af2cd159 - Processing event at sc=34, ts=2026-04-07T19:54:29.678629Z, messageId=47a2f0b8-4fd7-4233-a49e-92d2c7b9aea8, with contents=Seq()
2026-04-08 00:54:29,729 [canton-env-ec-27] INFO  c.d.c.d.m.ConfirmationResponseProcessor:domain=local/node=mediator tid:e303c7c06842a47f1077aae5af2cd159 - Phase 5: Received responses for request=RequestId(2026-04-07T19:54:29.501283Z): ParticipantResponse(sender = PAR::sandbox::12209ec33c8f..., ts = 2026-04-07T19:54:29.678629Z, approved = 1)
2026-04-08 00:54:29,739 [canton-env-ec-22] INFO  c.d.c.d.m.ConfirmationResponseProcessor:domain=local/node=mediator tid:e303c7c06842a47f1077aae5af2cd159 - Phase 6: Finalized request=RequestId(2026-04-07T19:54:29.501283Z) with verdict Approve
2026-04-08 00:54:29,760 [canton-env-ec-28] INFO  c.d.c.d.s.s.GrpcSequencerService:domain=local tid:e303c7c06842a47f1077aae5af2cd159 - 'MED::local::12202030f2f7...' sends request with id 'mmid:verdict:1775591669501283' of size 709 bytes with 1 envelopes.
2026-04-08 00:54:29,802 [canton-env-ec-67] INFO  c.d.c.p.p.DefaultMessageDispatcher:participant=sandbox/domainId=local::12202030f2f7 tid:e303c7c06842a47f1077aae5af2cd159 - Processing event at sc=35, ts=2026-04-07T19:54:29.768238Z, with contents=SignedProtocolMessage(
  TransactionResultMessage(requestId = 2026-04-07T19:54:29.501283Z, verdict = Approve, rootHash = SHA-256:350c8fced38e..., domainId = local::12202030f2f7...),
  signatures = Signature(signature = b82ddefbe295, signedBy = 12207592ba15...)
)
2026-04-08 00:54:29,847 [input-mapping-pool-12] INFO  c.d.c.p.i.p.ParallelIndexerSubscription:participant=sandbox tid:e303c7c06842a47f1077aae5af2cd159 - Phase 7: Storing at offset=00000000000000000d TransactionAccepted(
  recordTime = 2026-04-07T19:54:29.501283Z,
  transactionId = 1220350c8fced38e9f26b9caccc52e0584626f24219a9473079cad3614a852fc1003,
  transactionMeta = TransactionMeta(ledgerEffectiveTime = 2026-04-07T19:54:29.335949Z, submissionTime = 2026-04-07T19:54:29.335949Z, domainId = local::12202030f2f7..., ...),
  completion = CompletionInfo(
    actAs = Admin::12209ec33c8f...,
    commandId = 29d26afc-4ac7-4549-965d-3374ba13fb4d,
    applicationId = daml-script,
    deduplication period = (offset=Offset(Bytes(000000000000000001))),
    submissionId = Some(c873006c-8f6e-4492-a5f0-2b61e078d6fc),
    ...
  ),
  nodes = 1,
  roots = 1,
  ...
)
2026-04-08 00:54:29,885 [canton-env-ec-66] INFO  c.d.c.p.a.s.t.TransactionServiceImpl:participant=sandbox - Received request for transaction by ID, ledgerId -> 'sandbox', transactionId -> '1220350c8fced38e9f26b9caccc52e0584626f24219a9473079cad3614a852fc1003', parties -> ['Admin::12209ec33c8f0f879e68d7b113cfa5c10119b345863deaab5c87055c199ab471e774'].
2026-04-08 00:54:29,921 [canton-env-ec-66] INFO  c.d.c.p.a.s.c.CommandSubmissionServiceImpl:participant=sandbox tid:49b5be4ea31acd053aa5a1866ce09365 - Phase 1 started: Submitting commands for interpretation: Commands(
  commandId = 03dc804d-880a-41b6-acb6-a57029ce906c,
  submissionId = 2740a146-7e9a-4277-b8fc-017b966b00fc,
  applicationId = daml-script,
  actAs = Admin::12209ec33c8f...,
  submittedAt = 2026-04-07T19:54:29.920399Z,
  ledgerEffectiveTime = 2026-04-07T19:54:29.920397Z,
  deduplicationPeriod = (duration=PT168H),
  ...
).
2026-04-08 00:54:29,991 [canton-env-ec-66] INFO  c.d.c.p.p.TransactionProcessor:participant=sandbox/domainId=local::12202030f2f7 tid:49b5be4ea31acd053aa5a1866ce09365 - Phase 1 completed: Submitting 3 envelopes for Transaction request, submitters Admin::12209ec33c8f..., command-id 03dc804d-880a-41b6-acb6-a57029ce906c
2026-04-08 00:54:30,009 [canton-env-ec-67] INFO  c.d.c.d.s.s.GrpcSequencerService:domain=local tid:49b5be4ea31acd053aa5a1866ce09365 - 'PAR::sandbox::12209ec33c8f...' sends request with id 'be13fb11-d961-4d16-81fb-bc2e876bbd41' of size 2443 bytes with 3 envelopes.
2026-04-08 00:54:30,049 [canton-env-ec-66] INFO  c.d.c.p.p.DefaultMessageDispatcher:participant=sandbox/domainId=local::12202030f2f7 tid:49b5be4ea31acd053aa5a1866ce09365 - Processing event at sc=36, ts=2026-04-07T19:54:30.016506Z, messageId=be13fb11-d961-4d16-81fb-bc2e876bbd41, with contents=Seq(RootHashMessage(root hash = SHA-256:de31ba213d84..., payload size = 0), EncryptedViewMessageV2(view hash = ViewHash(SHA-256:de9718de88b6...), view type = TransactionViewType, size = 1059))
2026-04-08 00:54:30,055 [canton-env-ec-66] INFO  c.d.c.p.p.TransactionProcessor:participant=sandbox/domainId=local::12202030f2f7 tid:49b5be4ea31acd053aa5a1866ce09365 - Phase 3: Validating Transaction request=2026-04-07T19:54:30.016506Z with 1 envelope(s)
2026-04-08 00:54:30,076 [canton-env-ec-29] INFO  c.d.c.d.m.ConfirmationResponseProcessor:domain=local/node=mediator tid:49b5be4ea31acd053aa5a1866ce09365 - Phase 2: Registered request=2026-04-07T19:54:30.016506Z with 1 view(s). Initial state: ViewPosition("") -> ViewState(
  quorumsState = Seq(Quorum(confirmers = Admin::12209ec33c8f... -> 1, threshold = 1), Quorum(confirmers = sandbox::12209ec33c8f... -> 1, threshold = 1)),
  consortiumVoting = Map(Admin::12209ec33c8f... -> ConsortiumVotingState(), sandbox::12209ec33c8f... -> ConsortiumVotingState()),
  rejections = Seq()
)
2026-04-08 00:54:30,127 [canton-env-ec-29] INFO  c.d.c.p.p.TransactionProcessor:participant=sandbox/domainId=local::12202030f2f7 tid:49b5be4ea31acd053aa5a1866ce09365 - Phase 4: Sending for request=2026-04-07T19:54:30.016506Z with msgId=5da2ec60-9df0-436f-8082-6bf70d74be71 approved=1, rejected=0
2026-04-08 00:54:30,143 [canton-env-ec-29] INFO  c.d.c.d.s.s.GrpcSequencerService:domain=local tid:49b5be4ea31acd053aa5a1866ce09365 - 'PAR::sandbox::12209ec33c8f...' sends request with id '5da2ec60-9df0-436f-8082-6bf70d74be71' of size 731 bytes with 1 envelopes.
2026-04-08 00:54:30,180 [canton-env-ec-22] INFO  c.d.c.p.p.DefaultMessageDispatcher:participant=sandbox/domainId=local::12202030f2f7 tid:49b5be4ea31acd053aa5a1866ce09365 - Processing event at sc=37, ts=2026-04-07T19:54:30.150139Z, messageId=5da2ec60-9df0-436f-8082-6bf70d74be71, with contents=Seq()
2026-04-08 00:54:30,201 [canton-env-ec-29] INFO  c.d.c.d.m.ConfirmationResponseProcessor:domain=local/node=mediator tid:49b5be4ea31acd053aa5a1866ce09365 - Phase 5: Received responses for request=RequestId(2026-04-07T19:54:30.016506Z): ParticipantResponse(sender = PAR::sandbox::12209ec33c8f..., ts = 2026-04-07T19:54:30.150139Z, approved = 1)
2026-04-08 00:54:30,214 [canton-env-ec-22] INFO  c.d.c.d.m.ConfirmationResponseProcessor:domain=local/node=mediator tid:49b5be4ea31acd053aa5a1866ce09365 - Phase 6: Finalized request=RequestId(2026-04-07T19:54:30.016506Z) with verdict Approve
2026-04-08 00:54:30,248 [canton-env-ec-28] INFO  c.d.c.d.s.s.GrpcSequencerService:domain=local tid:49b5be4ea31acd053aa5a1866ce09365 - 'MED::local::12202030f2f7...' sends request with id 'mmid:verdict:1775591670016506' of size 700 bytes with 1 envelopes.
2026-04-08 00:54:30,295 [canton-env-ec-40] INFO  c.d.c.p.p.DefaultMessageDispatcher:participant=sandbox/domainId=local::12202030f2f7 tid:49b5be4ea31acd053aa5a1866ce09365 - Processing event at sc=38, ts=2026-04-07T19:54:30.256496Z, with contents=SignedProtocolMessage(
  TransactionResultMessage(requestId = 2026-04-07T19:54:30.016506Z, verdict = Approve, rootHash = SHA-256:de31ba213d84..., domainId = local::12202030f2f7...),
  signatures = Signature(signature = b5bc74b6bbea, signedBy = 12207592ba15...)
)
2026-04-08 00:54:30,371 [input-mapping-pool-13] INFO  c.d.c.p.i.p.ParallelIndexerSubscription:participant=sandbox tid:49b5be4ea31acd053aa5a1866ce09365 - Phase 7: Storing at offset=00000000000000000e TransactionAccepted(
  recordTime = 2026-04-07T19:54:30.016506Z,
  transactionId = 1220de31ba213d8424d9a1edba5e5baa7b01f248d04b97d56b770e702e853918394d,
  transactionMeta = TransactionMeta(ledgerEffectiveTime = 2026-04-07T19:54:29.920397Z, submissionTime = 2026-04-07T19:54:29.920397Z, domainId = local::12202030f2f7..., ...),
  completion = CompletionInfo(
    actAs = Admin::12209ec33c8f...,
    commandId = 03dc804d-880a-41b6-acb6-a57029ce906c,
    applicationId = daml-script,
    deduplication period = (offset=Offset(Bytes(000000000000000001))),
    submissionId = Some(2740a146-7e9a-4277-b8fc-017b966b00fc),
    ...
  ),
  nodes = 1,
  roots = 1,
  ...
)
2026-04-08 00:54:30,390 [canton-env-ec-22] INFO  c.d.c.p.a.s.t.TransactionServiceImpl:participant=sandbox - Received request for transaction by ID, ledgerId -> 'sandbox', transactionId -> '1220de31ba213d8424d9a1edba5e5baa7b01f248d04b97d56b770e702e853918394d', parties -> ['Admin::12209ec33c8f0f879e68d7b113cfa5c10119b345863deaab5c87055c199ab471e774'].
2026-04-08 00:54:30,587 [canton-env-ec-22] INFO  c.d.c.p.a.s.c.CommandSubmissionServiceImpl:participant=sandbox tid:b5462c2eab1e1cefd292fbaed0e25db9 - Phase 1 started: Submitting commands for interpretation: Commands(
  commandId = 656632a7-3843-4d35-a6f4-7389d65c4568,
  submissionId = 607beb8f-95f2-4e4b-b5f1-cceab252b1ed,
  applicationId = daml-script,
  actAs = Admin::12209ec33c8f...,
  submittedAt = 2026-04-07T19:54:30.584707Z,
  ledgerEffectiveTime = 2026-04-07T19:54:30.584705Z,
  deduplicationPeriod = (duration=PT168H),
  ...
).
2026-04-08 00:54:30,645 [canton-env-ec-22] INFO  c.d.c.p.p.TransactionProcessor:participant=sandbox/domainId=local::12202030f2f7 tid:b5462c2eab1e1cefd292fbaed0e25db9 - Phase 1 completed: Submitting 3 envelopes for Transaction request, submitters Admin::12209ec33c8f..., command-id 656632a7-3843-4d35-a6f4-7389d65c4568
2026-04-08 00:54:30,671 [canton-env-ec-42] INFO  c.d.c.d.s.s.GrpcSequencerService:domain=local tid:b5462c2eab1e1cefd292fbaed0e25db9 - 'PAR::sandbox::12209ec33c8f...' sends request with id 'c0ed2283-ac49-4523-a50b-5b4a4e91b56a' of size 2437 bytes with 3 envelopes.
2026-04-08 00:54:30,725 [canton-env-ec-42] INFO  c.d.c.p.p.DefaultMessageDispatcher:participant=sandbox/domainId=local::12202030f2f7 tid:b5462c2eab1e1cefd292fbaed0e25db9 - Processing event at sc=39, ts=2026-04-07T19:54:30.679047Z, messageId=c0ed2283-ac49-4523-a50b-5b4a4e91b56a, with contents=Seq(RootHashMessage(root hash = SHA-256:9f1fce19606f..., payload size = 0), EncryptedViewMessageV2(view hash = ViewHash(SHA-256:46f223d5efa3...), view type = TransactionViewType, size = 1054))
2026-04-08 00:54:30,732 [canton-env-ec-29] INFO  c.d.c.p.p.TransactionProcessor:participant=sandbox/domainId=local::12202030f2f7 tid:b5462c2eab1e1cefd292fbaed0e25db9 - Phase 3: Validating Transaction request=2026-04-07T19:54:30.679047Z with 1 envelope(s)
2026-04-08 00:54:30,751 [canton-env-ec-27] INFO  c.d.c.d.m.ConfirmationResponseProcessor:domain=local/node=mediator tid:b5462c2eab1e1cefd292fbaed0e25db9 - Phase 2: Registered request=2026-04-07T19:54:30.679047Z with 1 view(s). Initial state: ViewPosition("") -> ViewState(
  quorumsState = Seq(Quorum(confirmers = Admin::12209ec33c8f... -> 1, threshold = 1), Quorum(confirmers = sandbox::12209ec33c8f... -> 1, threshold = 1)),
  consortiumVoting = Map(Admin::12209ec33c8f... -> ConsortiumVotingState(), sandbox::12209ec33c8f... -> ConsortiumVotingState()),
  rejections = Seq()
)
2026-04-08 00:54:30,804 [canton-env-ec-67] INFO  c.d.c.p.p.TransactionProcessor:participant=sandbox/domainId=local::12202030f2f7 tid:b5462c2eab1e1cefd292fbaed0e25db9 - Phase 4: Sending for request=2026-04-07T19:54:30.679047Z with msgId=31463030-3d28-4c8a-99bc-09ce3def96e2 approved=1, rejected=0
2026-04-08 00:54:30,818 [canton-env-ec-67] INFO  c.d.c.d.s.s.GrpcSequencerService:domain=local tid:b5462c2eab1e1cefd292fbaed0e25db9 - 'PAR::sandbox::12209ec33c8f...' sends request with id '31463030-3d28-4c8a-99bc-09ce3def96e2' of size 730 bytes with 1 envelopes.
2026-04-08 00:54:30,858 [canton-env-ec-42] INFO  c.d.c.p.p.DefaultMessageDispatcher:participant=sandbox/domainId=local::12202030f2f7 tid:b5462c2eab1e1cefd292fbaed0e25db9 - Processing event at sc=40, ts=2026-04-07T19:54:30.825185Z, messageId=31463030-3d28-4c8a-99bc-09ce3def96e2, with contents=Seq()
2026-04-08 00:54:30,880 [canton-env-ec-29] INFO  c.d.c.d.m.ConfirmationResponseProcessor:domain=local/node=mediator tid:b5462c2eab1e1cefd292fbaed0e25db9 - Phase 5: Received responses for request=RequestId(2026-04-07T19:54:30.679047Z): ParticipantResponse(sender = PAR::sandbox::12209ec33c8f..., ts = 2026-04-07T19:54:30.825185Z, approved = 1)
2026-04-08 00:54:30,892 [canton-env-ec-40] INFO  c.d.c.d.m.ConfirmationResponseProcessor:domain=local/node=mediator tid:b5462c2eab1e1cefd292fbaed0e25db9 - Phase 6: Finalized request=RequestId(2026-04-07T19:54:30.679047Z) with verdict Approve
2026-04-08 00:54:30,911 [canton-env-ec-27] INFO  c.d.c.d.s.s.GrpcSequencerService:domain=local tid:b5462c2eab1e1cefd292fbaed0e25db9 - 'MED::local::12202030f2f7...' sends request with id 'mmid:verdict:1775591670679047' of size 709 bytes with 1 envelopes.
2026-04-08 00:54:30,968 [canton-env-ec-22] INFO  c.d.c.p.p.DefaultMessageDispatcher:participant=sandbox/domainId=local::12202030f2f7 tid:b5462c2eab1e1cefd292fbaed0e25db9 - Processing event at sc=41, ts=2026-04-07T19:54:30.916946Z, with contents=SignedProtocolMessage(
  TransactionResultMessage(requestId = 2026-04-07T19:54:30.679047Z, verdict = Approve, rootHash = SHA-256:9f1fce19606f..., domainId = local::12202030f2f7...),
  signatures = Signature(signature = dcaa9051a3b1, signedBy = 12207592ba15...)
)
2026-04-08 00:54:31,013 [input-mapping-pool-14] INFO  c.d.c.p.i.p.ParallelIndexerSubscription:participant=sandbox tid:b5462c2eab1e1cefd292fbaed0e25db9 - Phase 7: Storing at offset=00000000000000000f TransactionAccepted(
  recordTime = 2026-04-07T19:54:30.679047Z,
  transactionId = 12209f1fce19606f3dfe65a235ce8a69834896466825d164efa818a54feaed015244,
  transactionMeta = TransactionMeta(ledgerEffectiveTime = 2026-04-07T19:54:30.584705Z, submissionTime = 2026-04-07T19:54:30.584705Z, domainId = local::12202030f2f7..., ...),
  completion = CompletionInfo(
    actAs = Admin::12209ec33c8f...,
    commandId = 656632a7-3843-4d35-a6f4-7389d65c4568,
    applicationId = daml-script,
    deduplication period = (offset=Offset(Bytes(000000000000000001))),
    submissionId = Some(607beb8f-95f2-4e4b-b5f1-cceab252b1ed),
    ...
  ),
  nodes = 1,
  roots = 1,
  ...
)
2026-04-08 00:54:31,027 [canton-env-ec-27] INFO  c.d.c.p.a.s.t.TransactionServiceImpl:participant=sandbox - Received request for transaction by ID, ledgerId -> 'sandbox', transactionId -> '12209f1fce19606f3dfe65a235ce8a69834896466825d164efa818a54feaed015244', parties -> ['Admin::12209ec33c8f0f879e68d7b113cfa5c10119b345863deaab5c87055c199ab471e774'].
2026-04-08 00:54:31,077 [canton-env-ec-40] INFO  c.d.c.p.a.s.c.CommandSubmissionServiceImpl:participant=sandbox tid:fea169d4570a9057e907e61a7514aba1 - Phase 1 started: Submitting commands for interpretation: Commands(
  commandId = 0223f4d5-ff25-46c4-a94f-e40aeecb2158,
  submissionId = f585344a-5fdc-4dcb-8b60-f2350225da49,
  applicationId = daml-script,
  actAs = Operator::12209ec33c8f...,
  submittedAt = 2026-04-07T19:54:31.074689Z,
  ledgerEffectiveTime = 2026-04-07T19:54:31.074687Z,
  deduplicationPeriod = (duration=PT168H),
  ...
).
2026-04-08 00:54:31,143 [canton-env-ec-41] INFO  c.d.c.p.p.TransactionProcessor:participant=sandbox/domainId=local::12202030f2f7 tid:fea169d4570a9057e907e61a7514aba1 - Phase 1 completed: Submitting 3 envelopes for Transaction request, submitters Operator::12209ec33c8f..., command-id 0223f4d5-ff25-46c4-a94f-e40aeecb2158
2026-04-08 00:54:31,182 [canton-env-ec-41] INFO  c.d.c.d.s.s.GrpcSequencerService:domain=local tid:fea169d4570a9057e907e61a7514aba1 - 'PAR::sandbox::12209ec33c8f...' sends request with id 'fcf3c480-d2e7-40e7-8e69-0b9dee3513bb' of size 2582 bytes with 3 envelopes.
2026-04-08 00:54:31,274 [canton-env-ec-22] INFO  c.d.c.d.m.ConfirmationResponseProcessor:domain=local/node=mediator tid:fea169d4570a9057e907e61a7514aba1 - Phase 2: Registered request=2026-04-07T19:54:31.189790Z with 1 view(s). Initial state: ViewPosition("") -> ViewState(
  quorumsState = Seq(Quorum(confirmers = Operator::12209ec33c8f... -> 1, threshold = 1), Quorum(confirmers = sandbox::12209ec33c8f... -> 1, threshold = 1)),
  consortiumVoting = Map(Operator::12209ec33c8f... -> ConsortiumVotingState(), sandbox::12209ec33c8f... -> ConsortiumVotingState()),
  rejections = Seq()
)
2026-04-08 00:54:31,276 [canton-env-ec-67] INFO  c.d.c.p.p.DefaultMessageDispatcher:participant=sandbox/domainId=local::12202030f2f7 tid:fea169d4570a9057e907e61a7514aba1 - Processing event at sc=42, ts=2026-04-07T19:54:31.189790Z, messageId=fcf3c480-d2e7-40e7-8e69-0b9dee3513bb, with contents=Seq(RootHashMessage(root hash = SHA-256:5e07a8e7290a..., payload size = 0), EncryptedViewMessageV2(view hash = ViewHash(SHA-256:8fc5c7921fb0...), view type = TransactionViewType, size = 1187))
2026-04-08 00:54:31,284 [canton-env-ec-42] INFO  c.d.c.p.p.TransactionProcessor:participant=sandbox/domainId=local::12202030f2f7 tid:fea169d4570a9057e907e61a7514aba1 - Phase 3: Validating Transaction request=2026-04-07T19:54:31.189790Z with 1 envelope(s)
2026-04-08 00:54:31,361 [canton-env-ec-40] INFO  c.d.c.p.p.TransactionProcessor:participant=sandbox/domainId=local::12202030f2f7 tid:fea169d4570a9057e907e61a7514aba1 - Phase 4: Sending for request=2026-04-07T19:54:31.189790Z with msgId=1c41e11d-36aa-4b5e-86be-4b5866a0d289 approved=1, rejected=0
2026-04-08 00:54:31,389 [canton-env-ec-41] INFO  c.d.c.d.s.s.GrpcSequencerService:domain=local tid:fea169d4570a9057e907e61a7514aba1 - 'PAR::sandbox::12209ec33c8f...' sends request with id '1c41e11d-36aa-4b5e-86be-4b5866a0d289' of size 732 bytes with 1 envelopes.
2026-04-08 00:54:31,444 [canton-env-ec-66] INFO  c.d.c.p.p.DefaultMessageDispatcher:participant=sandbox/domainId=local::12202030f2f7 tid:fea169d4570a9057e907e61a7514aba1 - Processing event at sc=43, ts=2026-04-07T19:54:31.398744Z, messageId=1c41e11d-36aa-4b5e-86be-4b5866a0d289, with contents=Seq()
2026-04-08 00:54:31,458 [canton-env-ec-41] INFO  c.d.c.d.m.ConfirmationResponseProcessor:domain=local/node=mediator tid:fea169d4570a9057e907e61a7514aba1 - Phase 5: Received responses for request=RequestId(2026-04-07T19:54:31.189790Z): ParticipantResponse(sender = PAR::sandbox::12209ec33c8f..., ts = 2026-04-07T19:54:31.398744Z, approved = 1)
2026-04-08 00:54:31,470 [canton-env-ec-23] INFO  c.d.c.d.m.ConfirmationResponseProcessor:domain=local/node=mediator tid:fea169d4570a9057e907e61a7514aba1 - Phase 6: Finalized request=RequestId(2026-04-07T19:54:31.189790Z) with verdict Approve
2026-04-08 00:54:31,490 [canton-env-ec-66] INFO  c.d.c.d.s.s.GrpcSequencerService:domain=local tid:fea169d4570a9057e907e61a7514aba1 - 'MED::local::12202030f2f7...' sends request with id 'mmid:verdict:1775591671189790' of size 700 bytes with 1 envelopes.
2026-04-08 00:54:31,541 [canton-env-ec-66] INFO  c.d.c.p.p.DefaultMessageDispatcher:participant=sandbox/domainId=local::12202030f2f7 tid:fea169d4570a9057e907e61a7514aba1 - Processing event at sc=44, ts=2026-04-07T19:54:31.496501Z, with contents=SignedProtocolMessage(
  TransactionResultMessage(requestId = 2026-04-07T19:54:31.189790Z, verdict = Approve, rootHash = SHA-256:5e07a8e7290a..., domainId = local::12202030f2f7...),
  signatures = Signature(signature = 85f99c2d6c52, signedBy = 12207592ba15...)
)
2026-04-08 00:54:31,593 [input-mapping-pool-15] INFO  c.d.c.p.i.p.ParallelIndexerSubscription:participant=sandbox tid:fea169d4570a9057e907e61a7514aba1 - Phase 7: Storing at offset=000000000000000010 TransactionAccepted(
  recordTime = 2026-04-07T19:54:31.189790Z,
  transactionId = 12205e07a8e7290a7d4c68dc5b30b30a0ab50c4ccf84310287ac704a95b909c1e02f,
  transactionMeta = TransactionMeta(ledgerEffectiveTime = 2026-04-07T19:54:31.074687Z, submissionTime = 2026-04-07T19:54:31.074687Z, domainId = local::12202030f2f7..., ...),
  completion = CompletionInfo(
    actAs = Operator::12209ec33c8f...,
    commandId = 0223f4d5-ff25-46c4-a94f-e40aeecb2158,
    applicationId = daml-script,
    deduplication period = (offset=Offset(Bytes(000000000000000001))),
    submissionId = Some(f585344a-5fdc-4dcb-8b60-f2350225da49),
    ...
  ),
  nodes = 1,
  roots = 1,
  ...
)
2026-04-08 00:54:31,629 [canton-env-ec-27] INFO  c.d.c.p.a.s.t.TransactionServiceImpl:participant=sandbox - Received request for transaction by ID, ledgerId -> 'sandbox', transactionId -> '12205e07a8e7290a7d4c68dc5b30b30a0ab50c4ccf84310287ac704a95b909c1e02f', parties -> ['Operator::12209ec33c8f0f879e68d7b113cfa5c10119b345863deaab5c87055c199ab471e774'].
2026-04-08 00:54:31,734 [canton-env-ec-22] INFO  c.d.c.p.a.s.c.CommandSubmissionServiceImpl:participant=sandbox tid:217f57f464ce279322330ecdb23dd246 - Phase 1 started: Submitting commands for interpretation: Commands(
  commandId = 298c7412-e3e4-49c6-943e-0864ff5b589c,
  submissionId = 0dba7aa8-5d35-4d54-b299-cf5e7aa5e39b,
  applicationId = daml-script,
  actAs = Admin::12209ec33c8f...,
  submittedAt = 2026-04-07T19:54:31.731526Z,
  ledgerEffectiveTime = 2026-04-07T19:54:31.731523Z,
  deduplicationPeriod = (duration=PT168H),
  ...
).
2026-04-08 00:54:32,072 [canton-env-ec-67] INFO  c.d.c.p.p.TransactionProcessor:participant=sandbox/domainId=local::12202030f2f7 tid:217f57f464ce279322330ecdb23dd246 - Phase 1 completed: Submitting 3 envelopes for Transaction request, submitters Admin::12209ec33c8f..., command-id 298c7412-e3e4-49c6-943e-0864ff5b589c
2026-04-08 00:54:32,099 [canton-env-ec-27] INFO  c.d.c.d.s.s.GrpcSequencerService:domain=local tid:217f57f464ce279322330ecdb23dd246 - 'PAR::sandbox::12209ec33c8f...' sends request with id 'c4e637cd-f5a6-407f-b23e-71c44a9fdda5' of size 2878 bytes with 3 envelopes.
2026-04-08 00:54:32,175 [canton-env-ec-28] INFO  c.d.c.p.p.DefaultMessageDispatcher:participant=sandbox/domainId=local::12202030f2f7 tid:217f57f464ce279322330ecdb23dd246 - Processing event at sc=45, ts=2026-04-07T19:54:32.108501Z, messageId=c4e637cd-f5a6-407f-b23e-71c44a9fdda5, with contents=Seq(RootHashMessage(root hash = SHA-256:7c9c1efbf07b..., payload size = 0), EncryptedViewMessageV2(view hash = ViewHash(SHA-256:c967c046d598...), view type = TransactionViewType, size = 1464))
2026-04-08 00:54:32,183 [canton-env-ec-27] INFO  c.d.c.p.p.TransactionProcessor:participant=sandbox/domainId=local::12202030f2f7 tid:217f57f464ce279322330ecdb23dd246 - Phase 3: Validating Transaction request=2026-04-07T19:54:32.108501Z with 1 envelope(s)
2026-04-08 00:54:32,186 [canton-env-ec-22] INFO  c.d.c.d.m.ConfirmationResponseProcessor:domain=local/node=mediator tid:217f57f464ce279322330ecdb23dd246 - Phase 2: Registered request=2026-04-07T19:54:32.108501Z with 1 view(s). Initial state: ViewPosition("") -> ViewState(
  quorumsState = Seq(
    Quorum(confirmers = Map(Admin::12209ec33c8f... -> 1, Operator::12209ec33c8f... -> 1), threshold = 2),
    Quorum(confirmers = Admin::12209ec33c8f... -> 1, threshold = 1),
    Quorum(confirmers = sandbox::12209ec33c8f... -> 1, threshold = 1)
  ),
  consortiumVoting = Map(Admin::12209ec33c8f... -> ConsortiumVotingState(), Operator::12209ec33c8f... -> ConsortiumVotingState(), sandbox::12209ec33c8f... -> ConsortiumVotingState()),
  rejections = Seq()
)
2026-04-08 00:54:32,373 [canton-env-ec-27] INFO  c.d.c.p.p.TransactionProcessor:participant=sandbox/domainId=local::12202030f2f7 tid:217f57f464ce279322330ecdb23dd246 - Phase 4: Sending for request=2026-04-07T19:54:32.108501Z with msgId=933c96f5-f53b-410d-8967-acc5d97215c5 approved=1, rejected=0
2026-04-08 00:54:32,392 [canton-env-ec-28] INFO  c.d.c.d.s.s.GrpcSequencerService:domain=local tid:217f57f464ce279322330ecdb23dd246 - 'PAR::sandbox::12209ec33c8f...' sends request with id '933c96f5-f53b-410d-8967-acc5d97215c5' of size 740 bytes with 1 envelopes.
2026-04-08 00:54:32,450 [canton-env-ec-67] INFO  c.d.c.p.p.DefaultMessageDispatcher:participant=sandbox/domainId=local::12202030f2f7 tid:217f57f464ce279322330ecdb23dd246 - Processing event at sc=46, ts=2026-04-07T19:54:32.405261Z, messageId=933c96f5-f53b-410d-8967-acc5d97215c5, with contents=Seq()
2026-04-08 00:54:32,455 [canton-env-ec-22] INFO  c.d.c.d.m.ConfirmationResponseProcessor:domain=local/node=mediator tid:217f57f464ce279322330ecdb23dd246 - Phase 5: Received responses for request=RequestId(2026-04-07T19:54:32.108501Z): ParticipantResponse(sender = PAR::sandbox::12209ec33c8f..., ts = 2026-04-07T19:54:32.405261Z, approved = 1)
2026-04-08 00:54:32,471 [canton-env-ec-40] INFO  c.d.c.d.m.ConfirmationResponseProcessor:domain=local/node=mediator tid:217f57f464ce279322330ecdb23dd246 - Phase 6: Finalized request=RequestId(2026-04-07T19:54:32.108501Z) with verdict Approve
2026-04-08 00:54:32,506 [canton-env-ec-28] INFO  c.d.c.d.s.s.GrpcSequencerService:domain=local tid:217f57f464ce279322330ecdb23dd246 - 'MED::local::12202030f2f7...' sends request with id 'mmid:verdict:1775591672108501' of size 703 bytes with 1 envelopes.
2026-04-08 00:54:32,558 [canton-env-ec-40] INFO  c.d.c.p.p.DefaultMessageDispatcher:participant=sandbox/domainId=local::12202030f2f7 tid:217f57f464ce279322330ecdb23dd246 - Processing event at sc=47, ts=2026-04-07T19:54:32.514059Z, with contents=SignedProtocolMessage(
  TransactionResultMessage(requestId = 2026-04-07T19:54:32.108501Z, verdict = Approve, rootHash = SHA-256:7c9c1efbf07b..., domainId = local::12202030f2f7...),
  signatures = Signature(signature = 8fb98cfd6189, signedBy = 12207592ba15...)
)
2026-04-08 00:54:32,650 [input-mapping-pool-0] INFO  c.d.c.p.i.p.ParallelIndexerSubscription:participant=sandbox tid:217f57f464ce279322330ecdb23dd246 - Phase 7: Storing at offset=000000000000000011 TransactionAccepted(
  recordTime = 2026-04-07T19:54:32.108501Z,
  transactionId = 12207c9c1efbf07baa297d4bcbad959e7c31233654b36d0be564df6a4b52e32a05c2,
  transactionMeta = TransactionMeta(ledgerEffectiveTime = 2026-04-07T19:54:31.731523Z, submissionTime = 2026-04-07T19:54:31.731523Z, domainId = local::12202030f2f7..., ...),
  completion = CompletionInfo(
    actAs = Admin::12209ec33c8f...,
    commandId = 298c7412-e3e4-49c6-943e-0864ff5b589c,
    applicationId = daml-script,
    deduplication period = (offset=Offset(Bytes(000000000000000001))),
    submissionId = Some(0dba7aa8-5d35-4d54-b299-cf5e7aa5e39b),
    ...
  ),
  nodes = 2,
  roots = 1,
  ...
)
2026-04-08 00:54:32,768 [canton-env-ec-66] INFO  c.d.c.p.a.s.t.TransactionServiceImpl:participant=sandbox - Received request for transaction by ID, ledgerId -> 'sandbox', transactionId -> '12207c9c1efbf07baa297d4bcbad959e7c31233654b36d0be564df6a4b52e32a05c2', parties -> ['Admin::12209ec33c8f0f879e68d7b113cfa5c10119b345863deaab5c87055c199ab471e774'].
2026-04-08 00:54:32,936 [canton-env-ec-42] INFO  c.d.c.p.a.s.c.CommandSubmissionServiceImpl:participant=sandbox tid:3ec28eadaf75d4797dd445897b7f839e - Phase 1 started: Submitting commands for interpretation: Commands(
  commandId = 042d0728-8fed-407d-a823-0c12e064acdd,
  submissionId = 364d4ce8-29ec-4ac4-8246-d0bbec54bc84,
  applicationId = daml-script,
  actAs = Admin::12209ec33c8f...,
  submittedAt = 2026-04-07T19:54:32.932284Z,
  ledgerEffectiveTime = 2026-04-07T19:54:32.932281Z,
  deduplicationPeriod = (duration=PT168H),
  ...
).
2026-04-08 00:54:33,016 [canton-env-ec-28] INFO  c.d.c.p.p.TransactionProcessor:participant=sandbox/domainId=local::12202030f2f7 tid:3ec28eadaf75d4797dd445897b7f839e - Phase 1 completed: Submitting 3 envelopes for Transaction request, submitters Admin::12209ec33c8f..., command-id 042d0728-8fed-407d-a823-0c12e064acdd
2026-04-08 00:54:33,036 [canton-env-ec-67] INFO  c.d.c.d.s.s.GrpcSequencerService:domain=local tid:3ec28eadaf75d4797dd445897b7f839e - 'PAR::sandbox::12209ec33c8f...' sends request with id '5f493da0-0f72-4972-8f40-c3dc4afbf872' of size 2469 bytes with 3 envelopes.
2026-04-08 00:54:33,155 [canton-env-ec-22] INFO  c.d.c.p.p.DefaultMessageDispatcher:participant=sandbox/domainId=local::12202030f2f7 tid:3ec28eadaf75d4797dd445897b7f839e - Processing event at sc=48, ts=2026-04-07T19:54:33.053471Z, messageId=5f493da0-0f72-4972-8f40-c3dc4afbf872, with contents=Seq(RootHashMessage(root hash = SHA-256:92bbf4e9cf7c..., payload size = 0), EncryptedViewMessageV2(view hash = ViewHash(SHA-256:e4cfe7b438cb...), view type = TransactionViewType, size = 1068))
2026-04-08 00:54:33,161 [canton-env-ec-29] INFO  c.d.c.p.p.TransactionProcessor:participant=sandbox/domainId=local::12202030f2f7 tid:3ec28eadaf75d4797dd445897b7f839e - Phase 3: Validating Transaction request=2026-04-07T19:54:33.053471Z with 1 envelope(s)
2026-04-08 00:54:33,186 [canton-env-ec-22] INFO  c.d.c.d.m.ConfirmationResponseProcessor:domain=local/node=mediator tid:3ec28eadaf75d4797dd445897b7f839e - Phase 2: Registered request=2026-04-07T19:54:33.053471Z with 1 view(s). Initial state: ViewPosition("") -> ViewState(
  quorumsState = Seq(Quorum(confirmers = Admin::12209ec33c8f... -> 1, threshold = 1), Quorum(confirmers = sandbox::12209ec33c8f... -> 1, threshold = 1)),
  consortiumVoting = Map(Admin::12209ec33c8f... -> ConsortiumVotingState(), sandbox::12209ec33c8f... -> ConsortiumVotingState()),
  rejections = Seq()
)
2026-04-08 00:54:33,262 [canton-env-ec-66] INFO  c.d.c.p.p.TransactionProcessor:participant=sandbox/domainId=local::12202030f2f7 tid:3ec28eadaf75d4797dd445897b7f839e - Phase 4: Sending for request=2026-04-07T19:54:33.053471Z with msgId=bac12a33-9c8b-4e5d-aaae-f7f87018a33c approved=1, rejected=0
2026-04-08 00:54:33,279 [canton-env-ec-28] INFO  c.d.c.d.s.s.GrpcSequencerService:domain=local tid:3ec28eadaf75d4797dd445897b7f839e - 'PAR::sandbox::12209ec33c8f...' sends request with id 'bac12a33-9c8b-4e5d-aaae-f7f87018a33c' of size 725 bytes with 1 envelopes.
2026-04-08 00:54:33,315 [canton-env-ec-27] INFO  c.d.c.p.p.DefaultMessageDispatcher:participant=sandbox/domainId=local::12202030f2f7 tid:3ec28eadaf75d4797dd445897b7f839e - Processing event at sc=49, ts=2026-04-07T19:54:33.287972Z, messageId=bac12a33-9c8b-4e5d-aaae-f7f87018a33c, with contents=Seq()
2026-04-08 00:54:33,331 [canton-env-ec-28] INFO  c.d.c.d.m.ConfirmationResponseProcessor:domain=local/node=mediator tid:3ec28eadaf75d4797dd445897b7f839e - Phase 5: Received responses for request=RequestId(2026-04-07T19:54:33.053471Z): ParticipantResponse(sender = PAR::sandbox::12209ec33c8f..., ts = 2026-04-07T19:54:33.287972Z, approved = 1)
2026-04-08 00:54:33,340 [canton-env-ec-66] INFO  c.d.c.d.m.ConfirmationResponseProcessor:domain=local/node=mediator tid:3ec28eadaf75d4797dd445897b7f839e - Phase 6: Finalized request=RequestId(2026-04-07T19:54:33.053471Z) with verdict Approve
2026-04-08 00:54:33,388 [canton-env-ec-28] INFO  c.d.c.d.s.s.GrpcSequencerService:domain=local tid:3ec28eadaf75d4797dd445897b7f839e - 'MED::local::12202030f2f7...' sends request with id 'mmid:verdict:1775591673053471' of size 704 bytes with 1 envelopes.
2026-04-08 00:54:33,430 [canton-env-ec-40] INFO  c.d.c.p.p.DefaultMessageDispatcher:participant=sandbox/domainId=local::12202030f2f7 tid:3ec28eadaf75d4797dd445897b7f839e - Processing event at sc=50, ts=2026-04-07T19:54:33.394448Z, with contents=SignedProtocolMessage(
  TransactionResultMessage(requestId = 2026-04-07T19:54:33.053471Z, verdict = Approve, rootHash = SHA-256:92bbf4e9cf7c..., domainId = local::12202030f2f7...),
  signatures = Signature(signature = 71b9273775c2, signedBy = 12207592ba15...)
)
2026-04-08 00:54:33,486 [input-mapping-pool-1] INFO  c.d.c.p.i.p.ParallelIndexerSubscription:participant=sandbox tid:3ec28eadaf75d4797dd445897b7f839e - Phase 7: Storing at offset=000000000000000012 TransactionAccepted(
  recordTime = 2026-04-07T19:54:33.053471Z,
  transactionId = 122092bbf4e9cf7cfe61dd1f77ac7ef7b77f6d0da7a970d82c19a8c9637a6860fd68,
  transactionMeta = TransactionMeta(ledgerEffectiveTime = 2026-04-07T19:54:32.932281Z, submissionTime = 2026-04-07T19:54:32.932281Z, domainId = local::12202030f2f7..., ...),
  completion = CompletionInfo(
    actAs = Admin::12209ec33c8f...,
    commandId = 042d0728-8fed-407d-a823-0c12e064acdd,
    applicationId = daml-script,
    deduplication period = (offset=Offset(Bytes(000000000000000001))),
    submissionId = Some(364d4ce8-29ec-4ac4-8246-d0bbec54bc84),
    ...
  ),
  nodes = 1,
  roots = 1,
  ...
)
2026-04-08 00:54:33,524 [canton-env-ec-22] INFO  c.d.c.p.a.s.t.TransactionServiceImpl:participant=sandbox - Received request for transaction by ID, ledgerId -> 'sandbox', transactionId -> '122092bbf4e9cf7cfe61dd1f77ac7ef7b77f6d0da7a970d82c19a8c9637a6860fd68', parties -> ['Admin::12209ec33c8f0f879e68d7b113cfa5c10119b345863deaab5c87055c199ab471e774'].
2026-04-08 00:54:50,683 [canton-env-ec-40] INFO  c.d.c.p.a.s.a.ApiPartyManagementService:participant=sandbox tid:1c8954b8edbfdc7f97eaf84e22a325d7 - Listing known parties.
2026-04-08 00:54:56,188 [canton-env-ec-27] INFO  c.d.c.d.s.s.GrpcSequencerService:domain=local tid:b104d08dbde0635f19de696b762d6a57 - 'MED::local::12202030f2f7...' sends request with id 'tick-c5cbdf90-ffbd-4598-9479-405acfe8ccbf' of size 336 bytes with 0 envelopes.
2026-04-08 00:54:58,442 [canton-env-ec-29] INFO  c.d.c.d.s.s.GrpcSequencerService:domain=local tid:b104d08dbde0635f19de696b762d6a57 - 'MED::local::12202030f2f7...' sends request with id 'tick-fe897612-9746-4364-bbe7-ff77829fbf47' of size 335 bytes with 0 envelopes.
2026-04-08 00:54:59,044 [canton-env-ec-27] INFO  c.d.c.d.s.s.GrpcSequencerService:domain=local tid:b104d08dbde0635f19de696b762d6a57 - 'MED::local::12202030f2f7...' sends request with id 'tick-4ab23ec7-4f30-4982-8224-b7927f3430e1' of size 336 bytes with 0 envelopes.
2026-04-08 00:54:59,763 [canton-env-ec-22] INFO  c.d.c.d.s.s.GrpcSequencerService:domain=local tid:b104d08dbde0635f19de696b762d6a57 - 'MED::local::12202030f2f7...' sends request with id 'tick-b44ec34e-5754-4315-82cd-319338b55664' of size 335 bytes with 0 envelopes.
2026-04-08 00:55:00,300 [canton-env-ec-66] INFO  c.d.c.d.s.s.GrpcSequencerService:domain=local tid:b104d08dbde0635f19de696b762d6a57 - 'MED::local::12202030f2f7...' sends request with id 'tick-917e382d-9f24-4234-9ce4-092c0ff7655f' of size 336 bytes with 0 envelopes.
2026-04-08 00:55:00,943 [canton-env-ec-40] INFO  c.d.c.d.s.s.GrpcSequencerService:domain=local tid:b104d08dbde0635f19de696b762d6a57 - 'MED::local::12202030f2f7...' sends request with id 'tick-e025b589-6973-44b9-b051-63ece1b79b23' of size 336 bytes with 0 envelopes.
2026-04-08 00:55:01,482 [canton-env-ec-29] INFO  c.d.c.d.s.s.GrpcSequencerService:domain=local tid:b104d08dbde0635f19de696b762d6a57 - 'MED::local::12202030f2f7...' sends request with id 'tick-b3fea450-e120-422d-b01c-5bf2ba630641' of size 336 bytes with 0 envelopes.
2026-04-08 00:55:02,370 [canton-env-ec-29] INFO  c.d.c.d.s.s.GrpcSequencerService:domain=local tid:b104d08dbde0635f19de696b762d6a57 - 'MED::local::12202030f2f7...' sends request with id 'tick-9fa79d54-1fd6-4ffc-a088-3dca8b00ad33' of size 336 bytes with 0 envelopes.
2026-04-08 00:55:03,315 [canton-env-ec-27] INFO  c.d.c.d.s.s.GrpcSequencerService:domain=local tid:b104d08dbde0635f19de696b762d6a57 - 'MED::local::12202030f2f7...' sends request with id 'tick-62a769f7-7374-488f-a6c3-562fc072bbe7' of size 336 bytes with 0 envelopes.
2026-04-08 00:55:21,119 [canton-env-ec-28] INFO  c.d.c.d.s.s.GrpcSequencerService:domain=local tid:b104d08dbde0635f19de696b762d6a57 - 'PAR::sandbox::12209ec33c8f...' sends request with id 'tick-e4db8713-8472-4c02-a3d0-a72d0f4f6348' of size 338 bytes with 0 envelopes.
2026-04-08 00:55:26,177 [canton-env-ec-40] INFO  c.d.c.d.s.s.GrpcSequencerService:domain=local tid:b104d08dbde0635f19de696b762d6a57 - 'PAR::sandbox::12209ec33c8f...' sends request with id 'tick-fc5ec760-a9d4-463a-8edb-d15e74c6a6f4' of size 337 bytes with 0 envelopes.
2026-04-08 00:55:28,252 [canton-env-ec-66] INFO  c.d.c.d.s.s.GrpcSequencerService:domain=local tid:b104d08dbde0635f19de696b762d6a57 - 'PAR::sandbox::12209ec33c8f...' sends request with id 'tick-de77ed00-61a9-430b-908e-abf141797bb9' of size 337 bytes with 0 envelopes.
2026-04-08 00:55:28,939 [canton-env-ec-40] INFO  c.d.c.d.s.s.GrpcSequencerService:domain=local tid:b104d08dbde0635f19de696b762d6a57 - 'PAR::sandbox::12209ec33c8f...' sends request with id 'tick-4ead9c48-c1a6-4810-a6f4-c177ec1c4926' of size 337 bytes with 0 envelopes.
2026-04-08 00:55:29,600 [canton-env-ec-27] INFO  c.d.c.d.s.s.GrpcSequencerService:domain=local tid:b104d08dbde0635f19de696b762d6a57 - 'PAR::sandbox::12209ec33c8f...' sends request with id 'tick-6f08e0b6-e563-49d1-bb83-78a0a1c137e4' of size 338 bytes with 0 envelopes.
2026-04-08 00:55:30,183 [canton-env-ec-22] INFO  c.d.c.d.s.s.GrpcSequencerService:domain=local tid:b104d08dbde0635f19de696b762d6a57 - 'PAR::sandbox::12209ec33c8f...' sends request with id 'tick-362357b4-104a-42e7-8192-789b3f24879e' of size 338 bytes with 0 envelopes.
2026-04-08 00:55:30,852 [canton-env-ec-22] INFO  c.d.c.d.s.s.GrpcSequencerService:domain=local tid:b104d08dbde0635f19de696b762d6a57 - 'PAR::sandbox::12209ec33c8f...' sends request with id 'tick-04ac7bab-858b-4cc2-8dd4-e66067d552e6' of size 337 bytes with 0 envelopes.
2026-04-08 00:55:31,400 [canton-env-ec-22] INFO  c.d.c.d.s.s.GrpcSequencerService:domain=local tid:b104d08dbde0635f19de696b762d6a57 - 'PAR::sandbox::12209ec33c8f...' sends request with id 'tick-4e851488-764d-4070-9825-b7d18f8897c1' of size 338 bytes with 0 envelopes.
2026-04-08 00:55:31,995 [canton-env-ec-28] INFO  c.d.c.d.s.s.GrpcSequencerService:domain=local tid:b104d08dbde0635f19de696b762d6a57 - 'PAR::sandbox::12209ec33c8f...' sends request with id 'tick-a40c273c-bbd2-476b-85f4-59345eba734e' of size 338 bytes with 0 envelopes.
2026-04-08 00:55:32,538 [canton-env-ec-41] INFO  c.d.c.d.s.s.GrpcSequencerService:domain=local tid:b104d08dbde0635f19de696b762d6a57 - 'PAR::sandbox::12209ec33c8f...' sends request with id 'tick-252dcd2b-732f-40e5-ba9d-4a726c0a2886' of size 336 bytes with 0 envelopes.
2026-04-08 00:55:33,196 [canton-env-ec-22] INFO  c.d.c.d.s.s.GrpcSequencerService:domain=local tid:b104d08dbde0635f19de696b762d6a57 - 'PAR::sandbox::12209ec33c8f...' sends request with id 'tick-23a6798c-1424-4351-b636-c8a10bb13a01' of size 338 bytes with 0 envelopes.
2026-04-08 00:57:45,540 [canton-env-ec-40] INFO  c.d.c.p.a.s.ApiPackageService:participant=sandbox tid:024f3b2f89e14dc1cb3dc15e7d57f8fd - Received request to list packages: ListPackagesRequest(sandbox).
2026-04-08 00:57:45,696 [canton-env-ec-28] INFO  c.d.c.p.a.s.ApiPackageService:participant=sandbox tid:fa9f3499b90009f4eaa101ece72ea59b - Received request for a package: GetPackageRequest(sandbox,7748754b5e4d9392d6b485367e7b4d5e1b0142ff4d4ce3327911166633c5da04), packageId -> '7748754b5e4d9392d6b485367e7b4d5e1b0142ff4d4ce3327911166633c5da04'.
2026-04-08 00:57:45,700 [canton-env-ec-66] INFO  c.d.c.p.a.s.ApiPackageService:participant=sandbox tid:c0305f52288b47622dbc688114af2948 - Received request for a package: GetPackageRequest(sandbox,af2bdcd44f839e851f3193421f3e1b827d9e5703e28ca107a25466e75ec42eb0), packageId -> 'af2bdcd44f839e851f3193421f3e1b827d9e5703e28ca107a25466e75ec42eb0'.
2026-04-08 00:57:45,697 [canton-env-ec-67] INFO  c.d.c.p.a.s.ApiPackageService:participant=sandbox tid:ae5537bdb589f862f634605ed9a49980 - Received request for a package: GetPackageRequest(sandbox,10e0333b52bba1ff147fc408a6b7d68465b157635ee230493bd6029b750dcb05), packageId -> '10e0333b52bba1ff147fc408a6b7d68465b157635ee230493bd6029b750dcb05'.
2026-04-08 00:57:45,701 [canton-env-ec-42] INFO  c.d.c.p.a.s.ApiPackageService:participant=sandbox tid:a52ffedf1cdba96b53bb546aef878262 - Received request for a package: GetPackageRequest(sandbox,76bf0fd12bd945762a01f8fc5bbcdfa4d0ff20f8762af490f8f41d6237c6524f), packageId -> '76bf0fd12bd945762a01f8fc5bbcdfa4d0ff20f8762af490f8f41d6237c6524f'.
2026-04-08 00:57:45,701 [canton-env-ec-41] INFO  c.d.c.p.a.s.ApiPackageService:participant=sandbox tid:476b2c8972e776f127b0656fd3f78e40 - Received request for a package: GetPackageRequest(sandbox,852d8e3a8ccf952acc73e17522846bc1eb41498e840d637e519ddcca7dbc7671), packageId -> '852d8e3a8ccf952acc73e17522846bc1eb41498e840d637e519ddcca7dbc7671'.
2026-04-08 00:57:45,701 [canton-env-ec-29] INFO  c.d.c.p.a.s.ApiPackageService:participant=sandbox tid:89f7dce196e46eaf0c9c4a451fcca3d6 - Received request for a package: GetPackageRequest(sandbox,cb0552debf219cc909f51cbb5c3b41e9981d39f8f645b1f35e2ef5be2e0b858a), packageId -> 'cb0552debf219cc909f51cbb5c3b41e9981d39f8f645b1f35e2ef5be2e0b858a'.
2026-04-08 00:57:45,718 [canton-env-ec-40] INFO  c.d.c.p.a.s.ApiPackageService:participant=sandbox tid:12580a5f5c858035c99b37bb8399664b - Received request for a package: GetPackageRequest(sandbox,6839a6d3d430c569b2425e9391717b44ca324b88ba621d597778811b2d05031d), packageId -> '6839a6d3d430c569b2425e9391717b44ca324b88ba621d597778811b2d05031d'.
2026-04-08 00:57:45,700 [canton-env-ec-27] INFO  c.d.c.p.a.s.ApiPackageService:participant=sandbox tid:87dcfc1db75201a548031d6ea67654fa - Received request for a package: GetPackageRequest(sandbox,d14e08374fc7197d6a0de468c968ae8ba3aadbf9315476fd39071831f5923662), packageId -> 'd14e08374fc7197d6a0de468c968ae8ba3aadbf9315476fd39071831f5923662'.
2026-04-08 00:57:47,638 [canton-env-ec-102] INFO  c.d.c.p.a.s.ApiPackageService:participant=sandbox tid:1b7d38efb5fb8ce7b3d8bc0837a3c896 - Received request for a package: GetPackageRequest(sandbox,97b883cd8a2b7f49f90d5d39c981cf6e110cf1f1c64427a28a6d58ec88c43657), packageId -> '97b883cd8a2b7f49f90d5d39c981cf6e110cf1f1c64427a28a6d58ec88c43657'.
2026-04-08 00:57:47,645 [canton-env-ec-41] INFO  c.d.c.p.a.s.ApiPackageService:participant=sandbox tid:2f24c43b9006538af8fa8b32b8856ca9 - Received request for a package: GetPackageRequest(sandbox,057eed1fd48c238491b8ea06b9b5bf85a5d4c9275dd3f6183e0e6b01730cc2ba), packageId -> '057eed1fd48c238491b8ea06b9b5bf85a5d4c9275dd3f6183e0e6b01730cc2ba'.
2026-04-08 00:57:47,650 [canton-env-ec-40] INFO  c.d.c.p.a.s.ApiPackageService:participant=sandbox tid:5ae7fa1f16c8aea4d8267708424e0e92 - Received request for a package: GetPackageRequest(sandbox,38e6274601b21d7202bb995bc5ec147decda5a01b68d57dda422425038772af7), packageId -> '38e6274601b21d7202bb995bc5ec147decda5a01b68d57dda422425038772af7'.
2026-04-08 00:57:47,645 [canton-env-ec-27] INFO  c.d.c.p.a.s.ApiPackageService:participant=sandbox tid:ba0d2cc59d914c4f75d16c96f6fd786d - Received request for a package: GetPackageRequest(sandbox,e491352788e56ca4603acc411ffe1a49fefd76ed8b163af86cf5ee5f4c38645b), packageId -> 'e491352788e56ca4603acc411ffe1a49fefd76ed8b163af86cf5ee5f4c38645b'.
2026-04-08 00:57:47,651 [canton-env-ec-23] INFO  c.d.c.p.a.s.ApiPackageService:participant=sandbox tid:84b2a77c5833bb450432659c76545e75 - Received request for a package: GetPackageRequest(sandbox,40f452260bef3f29dede136108fc08a88d5a5250310281067087da6f0baddff7), packageId -> '40f452260bef3f29dede136108fc08a88d5a5250310281067087da6f0baddff7'.
2026-04-08 00:57:47,780 [canton-env-ec-41] INFO  c.d.c.p.a.s.ApiPackageService:participant=sandbox tid:d1a3a32016c2a65d2e17465cac991934 - Received request for a package: GetPackageRequest(sandbox,6851f194e144b693e63e9034b956c76cef6b5088dd8c66a657ab652a204dba2b), packageId -> '6851f194e144b693e63e9034b956c76cef6b5088dd8c66a657ab652a204dba2b'.
2026-04-08 00:57:47,783 [canton-env-ec-23] INFO  c.d.c.p.a.s.ApiPackageService:participant=sandbox tid:67fced256f3cc4e3e38049fc401cf1f5 - Received request for a package: GetPackageRequest(sandbox,518032f41fd0175461b35ae0c9691e08b4aea55e62915f8360af2cc7a1f2ba6c), packageId -> '518032f41fd0175461b35ae0c9691e08b4aea55e62915f8360af2cc7a1f2ba6c'.
2026-04-08 00:57:47,781 [canton-env-ec-27] INFO  c.d.c.p.a.s.ApiPackageService:participant=sandbox tid:5f8ce22f1ebb984b6324d7358fccb36f - Received request for a package: GetPackageRequest(sandbox,82fa64bf7428c614565513731b36464c411b8f252b6f2188aeaca9236f013c84), packageId -> '82fa64bf7428c614565513731b36464c411b8f252b6f2188aeaca9236f013c84'.
2026-04-08 00:57:47,818 [canton-env-ec-40] INFO  c.d.c.p.a.s.ApiPackageService:participant=sandbox tid:b5b5a941d6795cc2ff10e7a7d1ac783d - Received request for a package: GetPackageRequest(sandbox,57b5c520512c24035057aa4c783cb7ac7f3f49db29806280962e188be7aadb66), packageId -> '57b5c520512c24035057aa4c783cb7ac7f3f49db29806280962e188be7aadb66'.
2026-04-08 00:57:47,828 [canton-env-ec-28] INFO  c.d.c.p.a.s.ApiPackageService:participant=sandbox tid:1e61ab987524cb997b4cebedd5c00768 - Received request for a package: GetPackageRequest(sandbox,bfcd37bd6b84768e86e432f5f6c33e25d9e7724a9d42e33875ff74f6348e733f), packageId -> 'bfcd37bd6b84768e86e432f5f6c33e25d9e7724a9d42e33875ff74f6348e733f'.
2026-04-08 00:57:47,838 [canton-env-ec-102] INFO  c.d.c.p.a.s.ApiPackageService:participant=sandbox tid:224809e74aec8da794f80f13cbc8406c - Received request for a package: GetPackageRequest(sandbox,6df2d1fd8ea994ed048a79587b2722e3a887ac7592abf31ecf46fe09ac02d689), packageId -> '6df2d1fd8ea994ed048a79587b2722e3a887ac7592abf31ecf46fe09ac02d689'.
2026-04-08 00:57:47,847 [canton-env-ec-42] INFO  c.d.c.p.a.s.ApiPackageService:participant=sandbox tid:2af864780da3242836e2f7e9ffd6c353 - Received request for a package: GetPackageRequest(sandbox,e4cc67c3264eba4a19c080cac5ab32d87551578e0f5f58b6a9460f91c7abc254), packageId -> 'e4cc67c3264eba4a19c080cac5ab32d87551578e0f5f58b6a9460f91c7abc254'.
2026-04-08 00:57:47,822 [canton-env-ec-23] INFO  c.d.c.p.a.s.ApiPackageService:participant=sandbox tid:e493aea9f542a83b2f7021139aeeb461 - Received request for a package: GetPackageRequest(sandbox,52089ff5e5b1454a0963dedc140a5c6ad3f1a73de423d9076f47b871c8ed6cdd), packageId -> '52089ff5e5b1454a0963dedc140a5c6ad3f1a73de423d9076f47b871c8ed6cdd'.
2026-04-08 00:57:49,425 [canton-env-ec-28] INFO  c.d.c.p.a.s.ApiPackageService:participant=sandbox tid:19865a404f1583a987a1d1ff6833f1b7 - Received request for a package: GetPackageRequest(sandbox,3f4deaf145a15cdcfa762c058005e2edb9baa75bb7f95a4f8f6f937378e86415), packageId -> '3f4deaf145a15cdcfa762c058005e2edb9baa75bb7f95a4f8f6f937378e86415'.
2026-04-08 00:57:49,430 [canton-env-ec-28] INFO  c.d.c.p.a.s.ApiPackageService:participant=sandbox tid:2006a9e848be8cedfb03bf34dac9385d - Received request for a package: GetPackageRequest(sandbox,f20de1e4e37b92280264c08bf15eca0be0bc5babd7a7b5e574997f154c00cb78), packageId -> 'f20de1e4e37b92280264c08bf15eca0be0bc5babd7a7b5e574997f154c00cb78'.
2026-04-08 00:57:49,438 [canton-env-ec-40] INFO  c.d.c.p.a.s.ApiPackageService:participant=sandbox tid:3b5c43af1f456d860c016445d471ffcd - Received request for a package: GetPackageRequest(sandbox,733e38d36a2759688a4b2c4cec69d48e7b55ecc8dedc8067b815926c917a182a), packageId -> '733e38d36a2759688a4b2c4cec69d48e7b55ecc8dedc8067b815926c917a182a'.
2026-04-08 00:57:49,444 [canton-env-ec-22] INFO  c.d.c.p.a.s.ApiPackageService:participant=sandbox tid:7a6343ee0c7eece8c01665ef0a1e6400 - Received request for a package: GetPackageRequest(sandbox,8a7806365bbd98d88b4c13832ebfa305f6abaeaf32cfa2b7dd25c4fa489b79fb), packageId -> '8a7806365bbd98d88b4c13832ebfa305f6abaeaf32cfa2b7dd25c4fa489b79fb'.
2026-04-08 00:57:49,445 [canton-env-ec-23] INFO  c.d.c.p.a.s.ApiPackageService:participant=sandbox tid:ebcf780703063cbe6f1d326d9213efb8 - Received request for a package: GetPackageRequest(sandbox,65921e553a353588e950cbc87e98a127730e63295f7ad8d3adae952ef0133b3e), packageId -> '65921e553a353588e950cbc87e98a127730e63295f7ad8d3adae952ef0133b3e'.
2026-04-08 00:57:49,459 [canton-env-ec-66] INFO  c.d.c.p.a.s.ApiPackageService:participant=sandbox tid:44187f3f5c8f3b381786c8210ef533d9 - Received request for a package: GetPackageRequest(sandbox,c1f1f00558799eec139fb4f4c76f95fb52fa1837a5dd29600baa1c8ed1bdccfd), packageId -> 'c1f1f00558799eec139fb4f4c76f95fb52fa1837a5dd29600baa1c8ed1bdccfd'.
2026-04-08 00:57:49,469 [canton-env-ec-28] INFO  c.d.c.p.a.s.ApiPackageService:participant=sandbox tid:7622e6919be77768c9d97cdf3e0536f4 - Received request for a package: GetPackageRequest(sandbox,315cb5676675c14e71453d4a9a2a58900e5b50d6665cba4cdf21f58b22abff83), packageId -> '315cb5676675c14e71453d4a9a2a58900e5b50d6665cba4cdf21f58b22abff83'.
2026-04-08 00:57:49,474 [canton-env-ec-40] INFO  c.d.c.p.a.s.ApiPackageService:participant=sandbox tid:0aa5a6e048a260d36ea9eb45aae69e57 - Received request for a package: GetPackageRequest(sandbox,6c2c0667393c5f92f1885163068cd31800d2264eb088eb6fc740e11241b2bf06), packageId -> '6c2c0667393c5f92f1885163068cd31800d2264eb088eb6fc740e11241b2bf06'.
2026-04-08 00:57:50,103 [canton-env-ec-22] INFO  c.d.c.p.a.s.ApiPackageService:participant=sandbox tid:022d6e5938996ecc4d1a19044612403e - Received request for a package: GetPackageRequest(sandbox,d58cf9939847921b2aab78eaa7b427dc4c649d25e6bee3c749ace4c3f52f5c97), packageId -> 'd58cf9939847921b2aab78eaa7b427dc4c649d25e6bee3c749ace4c3f52f5c97'.
2026-04-08 00:57:50,154 [canton-env-ec-40] INFO  c.d.c.p.a.s.ApiPackageService:participant=sandbox tid:7a41d68154a7f233ec3de1e967c50153 - Received request for a package: GetPackageRequest(sandbox,e22bce619ae24ca3b8e6519281cb5a33b64b3190cc763248b4c3f9ad5087a92c), packageId -> 'e22bce619ae24ca3b8e6519281cb5a33b64b3190cc763248b4c3f9ad5087a92c'.
2026-04-08 00:57:50,159 [canton-env-ec-66] INFO  c.d.c.p.a.s.ApiPackageService:participant=sandbox tid:247ebf57352667d9acf9f2d85559df2c - Received request for a package: GetPackageRequest(sandbox,d27a1030f23715794aedb59a36c507a35d32fa56df68065f343b6c02acf9cd68), packageId -> 'd27a1030f23715794aedb59a36c507a35d32fa56df68065f343b6c02acf9cd68'.
2026-04-08 00:57:50,165 [canton-env-ec-67] INFO  c.d.c.p.a.s.ApiPackageService:participant=sandbox tid:7e0c5b7afd511c8ea926eeb7816cf681 - Received request for a package: GetPackageRequest(sandbox,86828b9843465f419db1ef8a8ee741d1eef645df02375ebf509cdc8c3ddd16cb), packageId -> '86828b9843465f419db1ef8a8ee741d1eef645df02375ebf509cdc8c3ddd16cb'.
2026-04-08 00:57:50,174 [canton-env-ec-27] INFO  c.d.c.p.a.s.ApiPackageService:participant=sandbox tid:09f9aabea1a39bf179070de62c39f1a5 - Received request for a package: GetPackageRequest(sandbox,cc348d369011362a5190fe96dd1f0dfbc697fdfd10e382b9e9666f0da05961b7), packageId -> 'cc348d369011362a5190fe96dd1f0dfbc697fdfd10e382b9e9666f0da05961b7'.
2026-04-08 00:57:50,155 [canton-env-ec-22] INFO  c.d.c.p.a.s.ApiPackageService:participant=sandbox tid:7501ef064445397968bb9efbcc4d384a - Received request for a package: GetPackageRequest(sandbox,99a2705ed38c1c26cbb8fe7acf36bbf626668e167a33335de932599219e0a235), packageId -> '99a2705ed38c1c26cbb8fe7acf36bbf626668e167a33335de932599219e0a235'.
2026-04-08 00:57:50,176 [canton-env-ec-29] INFO  c.d.c.p.a.s.ApiPackageService:participant=sandbox tid:4466b7d183102daf34cd2ecd15a70277 - Received request for a package: GetPackageRequest(sandbox,d704ffbe610258c670d226b969e861dfcaf2f51bf0d205ef6ff6362af45985a1), packageId -> 'd704ffbe610258c670d226b969e861dfcaf2f51bf0d205ef6ff6362af45985a1'.
2026-04-08 00:57:50,174 [canton-env-ec-28] INFO  c.d.c.p.a.s.ApiPackageService:participant=sandbox tid:855124fba04be6a4c5d22fc9982db4cf - Received request for a package: GetPackageRequest(sandbox,5921708ce82f4255deb1b26d2c05358b548720938a5a325718dc69f381ba47ff), packageId -> '5921708ce82f4255deb1b26d2c05358b548720938a5a325718dc69f381ba47ff'.
2026-04-08 00:57:51,324 [canton-env-ec-29] INFO  c.d.c.p.a.s.ApiActiveContractsService:participant=sandbox tid:10afa593010eb7b4df417eab519eb6c5 - Received request for active contracts: GetActiveContractsRequest(sandbox,Some(TransactionFilter(HashMap(Investor3::12209ec33c8f0f879e68d7b113cfa5c10119b345863deaab5c87055c199ab471e774 -> Filters(Some(InclusiveFilters(Vector(Identifier(52089ff5e5b1454a0963dedc140a5c6ad3f1a73de423d9076f47b871c8ed6cdd,Sawa.Identity.UserRole,UserRole)),Vector(),Vector()))), Operator::12209ec33c8f0f879e68d7b113cfa5c10119b345863deaab5c87055c199ab471e774 -> Filters(Some(InclusiveFilters(Vector(Identifier(52089ff5e5b1454a0963dedc140a5c6ad3f1a73de423d9076f47b871c8ed6cdd,Sawa.Identity.UserRole,UserRole)),Vector(),Vector()))), Investor1::12209ec33c8f0f879e68d7b113cfa5c10119b345863deaab5c87055c199ab471e774 -> Filters(Some(InclusiveFilters(Vector(Identifier(52089ff5e5b1454a0963dedc140a5c6ad3f1a73de423d9076f47b871c8ed6cdd,Sawa.Identity.UserRole,UserRole)),Vector(),Vector()))), Admin::12209ec33c8f0f879e68d7b113cfa5c10119b345863deaab5c87055c199ab471e774 -> Filters(Some(InclusiveFilters(Vector(Identifier(52089ff5e5b1454a0963dedc140a5c6ad3f1a73de423d9076f47b871c8ed6cdd,Sawa.Identity.UserRole,UserRole)),Vector(),Vector()))), sandbox::12209ec33c8f0f879e68d7b113cfa5c10119b345863deaab5c87055c199ab471e774 -> Filters(Some(InclusiveFilters(Vector(Identifier(52089ff5e5b1454a0963dedc140a5c6ad3f1a73de423d9076f47b871c8ed6cdd,Sawa.Identity.UserRole,UserRole)),Vector(),Vector()))), Investor2::12209ec33c8f0f879e68d7b113cfa5c10119b345863deaab5c87055c199ab471e774 -> Filters(Some(InclusiveFilters(Vector(Identifier(52089ff5e5b1454a0963dedc140a5c6ad3f1a73de423d9076f47b871c8ed6cdd,Sawa.Identity.UserRole,UserRole)),Vector(),Vector())))))),true,), filters -> {Investor3::12209ec33c8f0f879e68d7b113cfa5c10119b345863deaab5c87055c199ab471e774: ['52089ff5e5b1454a0963dedc140a5c6ad3f1a73de423d9076f47b871c8ed6cdd:Sawa.Identity.UserRole:UserRole'], Operator::12209ec33c8f0f879e68d7b113cfa5c10119b345863deaab5c87055c199ab471e774: ['52089ff5e5b1454a0963dedc140a5c6ad3f1a73de423d9076f47b871c8ed6cdd:Sawa.Identity.UserRole:UserRole'], Investor1::12209ec33c8f0f879e68d7b113cfa5c10119b345863deaab5c87055c199ab471e774: ['52089ff5e5b1454a0963dedc140a5c6ad3f1a73de423d9076f47b871c8ed6cdd:Sawa.Identity.UserRole:UserRole'], Admin::12209ec33c8f0f879e68d7b113cfa5c10119b345863deaab5c87055c199ab471e774: ['52089ff5e5b1454a0963dedc140a5c6ad3f1a73de423d9076f47b871c8ed6cdd:Sawa.Identity.UserRole:UserRole'], sandbox::12209ec33c8f0f879e68d7b113cfa5c10119b345863deaab5c87055c199ab471e774: ['52089ff5e5b1454a0963dedc140a5c6ad3f1a73de423d9076f47b871c8ed6cdd:Sawa.Identity.UserRole:UserRole'], Investor2::12209ec33c8f0f879e68d7b113cfa5c10119b345863deaab5c87055c199ab471e774: ['52089ff5e5b1454a0963dedc140a5c6ad3f1a73de423d9076f47b871c8ed6cdd:Sawa.Identity.UserRole:UserRole']}.
2026-04-08 00:57:51,636 [canton-env-ec-29] INFO  c.d.c.p.a.s.t.TransactionServiceImpl:participant=sandbox tid:cbbc128ca1160f7dba8d1cc81aaa99e9 - Received request for transactions, startExclusive -> '000000000000000012', endInclusive -> '%end%', filters -> {Investor3::12209ec33c8f0f879e68d7b113cfa5c10119b345863deaab5c87055c199ab471e774: ['52089ff5e5b1454a0963dedc140a5c6ad3f1a73de423d9076f47b871c8ed6cdd:Sawa.Identity.UserRole:UserRole'], Operator::12209ec33c8f0f879e68d7b113cfa5c10119b345863deaab5c87055c199ab471e774: ['52089ff5e5b1454a0963dedc140a5c6ad3f1a73de423d9076f47b871c8ed6cdd:Sawa.Identity.UserRole:UserRole'], Investor1::12209ec33c8f0f879e68d7b113cfa5c10119b345863deaab5c87055c199ab471e774: ['52089ff5e5b1454a0963dedc140a5c6ad3f1a73de423d9076f47b871c8ed6cdd:Sawa.Identity.UserRole:UserRole'], Admin::12209ec33c8f0f879e68d7b113cfa5c10119b345863deaab5c87055c199ab471e774: ['52089ff5e5b1454a0963dedc140a5c6ad3f1a73de423d9076f47b871c8ed6cdd:Sawa.Identity.UserRole:UserRole'], sandbox::12209ec33c8f0f879e68d7b113cfa5c10119b345863deaab5c87055c199ab471e774: ['52089ff5e5b1454a0963dedc140a5c6ad3f1a73de423d9076f47b871c8ed6cdd:Sawa.Identity.UserRole:UserRole'], Investor2::12209ec33c8f0f879e68d7b113cfa5c10119b345863deaab5c87055c199ab471e774: ['52089ff5e5b1454a0963dedc140a5c6ad3f1a73de423d9076f47b871c8ed6cdd:Sawa.Identity.UserRole:UserRole']}, verbose -> true, ledgerId -> 'sandbox'.
2026-04-08 00:57:51,786 [canton-env-ec-67] INFO  c.d.c.p.a.s.ApiActiveContractsService:participant=sandbox tid:5e2f6ee38e33b4bebf9cffb1998b5cdf - Received request for active contracts: GetActiveContractsRequest(sandbox,Some(TransactionFilter(HashMap(Investor3::12209ec33c8f0f879e68d7b113cfa5c10119b345863deaab5c87055c199ab471e774 -> Filters(Some(InclusiveFilters(Vector(Identifier(52089ff5e5b1454a0963dedc140a5c6ad3f1a73de423d9076f47b871c8ed6cdd,Sawa.Asset.ProjectSPV,ProjectSPV)),Vector(),Vector()))), Operator::12209ec33c8f0f879e68d7b113cfa5c10119b345863deaab5c87055c199ab471e774 -> Filters(Some(InclusiveFilters(Vector(Identifier(52089ff5e5b1454a0963dedc140a5c6ad3f1a73de423d9076f47b871c8ed6cdd,Sawa.Asset.ProjectSPV,ProjectSPV)),Vector(),Vector()))), Investor1::12209ec33c8f0f879e68d7b113cfa5c10119b345863deaab5c87055c199ab471e774 -> Filters(Some(InclusiveFilters(Vector(Identifier(52089ff5e5b1454a0963dedc140a5c6ad3f1a73de423d9076f47b871c8ed6cdd,Sawa.Asset.ProjectSPV,ProjectSPV)),Vector(),Vector()))), Admin::12209ec33c8f0f879e68d7b113cfa5c10119b345863deaab5c87055c199ab471e774 -> Filters(Some(InclusiveFilters(Vector(Identifier(52089ff5e5b1454a0963dedc140a5c6ad3f1a73de423d9076f47b871c8ed6cdd,Sawa.Asset.ProjectSPV,ProjectSPV)),Vector(),Vector()))), sandbox::12209ec33c8f0f879e68d7b113cfa5c10119b345863deaab5c87055c199ab471e774 -> Filters(Some(InclusiveFilters(Vector(Identifier(52089ff5e5b1454a0963dedc140a5c6ad3f1a73de423d9076f47b871c8ed6cdd,Sawa.Asset.ProjectSPV,ProjectSPV)),Vector(),Vector()))), Investor2::12209ec33c8f0f879e68d7b113cfa5c10119b345863deaab5c87055c199ab471e774 -> Filters(Some(InclusiveFilters(Vector(Identifier(52089ff5e5b1454a0963dedc140a5c6ad3f1a73de423d9076f47b871c8ed6cdd,Sawa.Asset.ProjectSPV,ProjectSPV)),Vector(),Vector())))))),true,), filters -> {Investor3::12209ec33c8f0f879e68d7b113cfa5c10119b345863deaab5c87055c199ab471e774: ['52089ff5e5b1454a0963dedc140a5c6ad3f1a73de423d9076f47b871c8ed6cdd:Sawa.Asset.ProjectSPV:ProjectSPV'], Operator::12209ec33c8f0f879e68d7b113cfa5c10119b345863deaab5c87055c199ab471e774: ['52089ff5e5b1454a0963dedc140a5c6ad3f1a73de423d9076f47b871c8ed6cdd:Sawa.Asset.ProjectSPV:ProjectSPV'], Investor1::12209ec33c8f0f879e68d7b113cfa5c10119b345863deaab5c87055c199ab471e774: ['52089ff5e5b1454a0963dedc140a5c6ad3f1a73de423d9076f47b871c8ed6cdd:Sawa.Asset.ProjectSPV:ProjectSPV'], Admin::12209ec33c8f0f879e68d7b113cfa5c10119b345863deaab5c87055c199ab471e774: ['52089ff5e5b1454a0963dedc140a5c6ad3f1a73de423d9076f47b871c8ed6cdd:Sawa.Asset.ProjectSPV:ProjectSPV'], sandbox::12209ec33c8f0f879e68d7b113cfa5c10119b345863deaab5c87055c199ab471e774: ['52089ff5e5b1454a0963dedc140a5c6ad3f1a73de423d9076f47b871c8ed6cdd:Sawa.Asset.ProjectSPV:ProjectSPV'], Investor2::12209ec33c8f0f879e68d7b113cfa5c10119b345863deaab5c87055c199ab471e774: ['52089ff5e5b1454a0963dedc140a5c6ad3f1a73de423d9076f47b871c8ed6cdd:Sawa.Asset.ProjectSPV:ProjectSPV']}.
2026-04-08 00:57:51,863 [canton-env-ec-102] INFO  c.d.c.p.a.s.t.TransactionServiceImpl:participant=sandbox tid:9f933657bfddc78fee57c861f74aeaf8 - Received request for transactions, startExclusive -> '000000000000000012', endInclusive -> '%end%', filters -> {Investor3::12209ec33c8f0f879e68d7b113cfa5c10119b345863deaab5c87055c199ab471e774: ['52089ff5e5b1454a0963dedc140a5c6ad3f1a73de423d9076f47b871c8ed6cdd:Sawa.Asset.ProjectSPV:ProjectSPV'], Operator::12209ec33c8f0f879e68d7b113cfa5c10119b345863deaab5c87055c199ab471e774: ['52089ff5e5b1454a0963dedc140a5c6ad3f1a73de423d9076f47b871c8ed6cdd:Sawa.Asset.ProjectSPV:ProjectSPV'], Investor1::12209ec33c8f0f879e68d7b113cfa5c10119b345863deaab5c87055c199ab471e774: ['52089ff5e5b1454a0963dedc140a5c6ad3f1a73de423d9076f47b871c8ed6cdd:Sawa.Asset.ProjectSPV:ProjectSPV'], Admin::12209ec33c8f0f879e68d7b113cfa5c10119b345863deaab5c87055c199ab471e774: ['52089ff5e5b1454a0963dedc140a5c6ad3f1a73de423d9076f47b871c8ed6cdd:Sawa.Asset.ProjectSPV:ProjectSPV'], sandbox::12209ec33c8f0f879e68d7b113cfa5c10119b345863deaab5c87055c199ab471e774: ['52089ff5e5b1454a0963dedc140a5c6ad3f1a73de423d9076f47b871c8ed6cdd:Sawa.Asset.ProjectSPV:ProjectSPV'], Investor2::12209ec33c8f0f879e68d7b113cfa5c10119b345863deaab5c87055c199ab471e774: ['52089ff5e5b1454a0963dedc140a5c6ad3f1a73de423d9076f47b871c8ed6cdd:Sawa.Asset.ProjectSPV:ProjectSPV']}, verbose -> true, ledgerId -> 'sandbox'.
2026-04-08 00:57:51,978 [canton-env-ec-28] INFO  c.d.c.p.a.s.ApiActiveContractsService:participant=sandbox tid:c0c40bd77c1e36903c3b90da149801fe - Received request for active contracts: GetActiveContractsRequest(sandbox,Some(TransactionFilter(HashMap(Investor3::12209ec33c8f0f879e68d7b113cfa5c10119b345863deaab5c87055c199ab471e774 -> Filters(Some(InclusiveFilters(Vector(Identifier(52089ff5e5b1454a0963dedc140a5c6ad3f1a73de423d9076f47b871c8ed6cdd,Sawa.Portfolio.RegionalPortfolio,RegionalPortfolio)),Vector(),Vector()))), Operator::12209ec33c8f0f879e68d7b113cfa5c10119b345863deaab5c87055c199ab471e774 -> Filters(Some(InclusiveFilters(Vector(Identifier(52089ff5e5b1454a0963dedc140a5c6ad3f1a73de423d9076f47b871c8ed6cdd,Sawa.Portfolio.RegionalPortfolio,RegionalPortfolio)),Vector(),Vector()))), Investor1::12209ec33c8f0f879e68d7b113cfa5c10119b345863deaab5c87055c199ab471e774 -> Filters(Some(InclusiveFilters(Vector(Identifier(52089ff5e5b1454a0963dedc140a5c6ad3f1a73de423d9076f47b871c8ed6cdd,Sawa.Portfolio.RegionalPortfolio,RegionalPortfolio)),Vector(),Vector()))), Admin::12209ec33c8f0f879e68d7b113cfa5c10119b345863deaab5c87055c199ab471e774 -> Filters(Some(InclusiveFilters(Vector(Identifier(52089ff5e5b1454a0963dedc140a5c6ad3f1a73de423d9076f47b871c8ed6cdd,Sawa.Portfolio.RegionalPortfolio,RegionalPortfolio)),Vector(),Vector()))), sandbox::12209ec33c8f0f879e68d7b113cfa5c10119b345863deaab5c87055c199ab471e774 -> Filters(Some(InclusiveFilters(Vector(Identifier(52089ff5e5b1454a0963dedc140a5c6ad3f1a73de423d9076f47b871c8ed6cdd,Sawa.Portfolio.RegionalPortfolio,RegionalPortfolio)),Vector(),Vector()))), Investor2::12209ec33c8f0f879e68d7b113cfa5c10119b345863deaab5c87055c199ab471e774 -> Filters(Some(InclusiveFilters(Vector(Identifier(52089ff5e5b1454a0963dedc140a5c6ad3f1a73de423d9076f47b871c8ed6cdd,Sawa.Portfolio.RegionalPortfolio,RegionalPortfolio)),Vector(),Vector())))))),true,), filters -> {Investor3::12209ec33c8f0f879e68d7b113cfa5c10119b345863deaab5c87055c199ab471e774: ['52089ff5e5b1454a0963dedc140a5c6ad3f1a73de423d9076f47b871c8ed6cdd:Sawa.Portfolio.RegionalPortfolio:RegionalPortfolio'], Operator::12209ec33c8f0f879e68d7b113cfa5c10119b345863deaab5c87055c199ab471e774: ['52089ff5e5b1454a0963dedc140a5c6ad3f1a73de423d9076f47b871c8ed6cdd:Sawa.Portfolio.RegionalPortfolio:RegionalPortfolio'], Investor1::12209ec33c8f0f879e68d7b113cfa5c10119b345863deaab5c87055c199ab471e774: ['52089ff5e5b1454a0963dedc140a5c6ad3f1a73de423d9076f47b871c8ed6cdd:Sawa.Portfolio.RegionalPortfolio:RegionalPortfolio'], Admin::12209ec33c8f0f879e68d7b113cfa5c10119b345863deaab5c87055c199ab471e774: ['52089ff5e5b1454a0963dedc140a5c6ad3f1a73de423d9076f47b871c8ed6cdd:Sawa.Portfolio.RegionalPortfolio:RegionalPortfolio'], sandbox::12209ec33c8f0f879e68d7b113cfa5c10119b345863deaab5c87055c199ab471e774: ['52089ff5e5b1454a0963dedc140a5c6ad3f1a73de423d9076f47b871c8ed6cdd:Sawa.Portfolio.RegionalPortfolio:RegionalPortfolio'], Investor2::12209ec33c8f0f879e68d7b113cfa5c10119b345863deaab5c87055c199ab471e774: ['52089ff5e5b1454a0963dedc140a5c6ad3f1a73de423d9076f47b871c8ed6cdd:Sawa.Portfolio.RegionalPortfolio:RegionalPortfolio']}.
2026-04-08 00:57:52,060 [canton-env-ec-102] INFO  c.d.c.p.a.s.t.TransactionServiceImpl:participant=sandbox tid:13e172fd06ec8950fef01315ab488dc9 - Received request for transactions, startExclusive -> '000000000000000012', endInclusive -> '%end%', filters -> {Investor3::12209ec33c8f0f879e68d7b113cfa5c10119b345863deaab5c87055c199ab471e774: ['52089ff5e5b1454a0963dedc140a5c6ad3f1a73de423d9076f47b871c8ed6cdd:Sawa.Portfolio.RegionalPortfolio:RegionalPortfolio'], Operator::12209ec33c8f0f879e68d7b113cfa5c10119b345863deaab5c87055c199ab471e774: ['52089ff5e5b1454a0963dedc140a5c6ad3f1a73de423d9076f47b871c8ed6cdd:Sawa.Portfolio.RegionalPortfolio:RegionalPortfolio'], Investor1::12209ec33c8f0f879e68d7b113cfa5c10119b345863deaab5c87055c199ab471e774: ['52089ff5e5b1454a0963dedc140a5c6ad3f1a73de423d9076f47b871c8ed6cdd:Sawa.Portfolio.RegionalPortfolio:RegionalPortfolio'], Admin::12209ec33c8f0f879e68d7b113cfa5c10119b345863deaab5c87055c199ab471e774: ['52089ff5e5b1454a0963dedc140a5c6ad3f1a73de423d9076f47b871c8ed6cdd:Sawa.Portfolio.RegionalPortfolio:RegionalPortfolio'], sandbox::12209ec33c8f0f879e68d7b113cfa5c10119b345863deaab5c87055c199ab471e774: ['52089ff5e5b1454a0963dedc140a5c6ad3f1a73de423d9076f47b871c8ed6cdd:Sawa.Portfolio.RegionalPortfolio:RegionalPortfolio'], Investor2::12209ec33c8f0f879e68d7b113cfa5c10119b345863deaab5c87055c199ab471e774: ['52089ff5e5b1454a0963dedc140a5c6ad3f1a73de423d9076f47b871c8ed6cdd:Sawa.Portfolio.RegionalPortfolio:RegionalPortfolio']}, verbose -> true, ledgerId -> 'sandbox'.
2026-04-08 00:57:52,160 [canton-env-ec-40] INFO  c.d.c.p.a.s.ApiActiveContractsService:participant=sandbox tid:a5817fbe14009f3991ea8b445da610c9 - Received request for active contracts: GetActiveContractsRequest(sandbox,Some(TransactionFilter(HashMap(Investor3::12209ec33c8f0f879e68d7b113cfa5c10119b345863deaab5c87055c199ab471e774 -> Filters(Some(InclusiveFilters(Vector(Identifier(52089ff5e5b1454a0963dedc140a5c6ad3f1a73de423d9076f47b871c8ed6cdd,Sawa.Access.PortfolioAccess,PortfolioAccess)),Vector(),Vector()))), Operator::12209ec33c8f0f879e68d7b113cfa5c10119b345863deaab5c87055c199ab471e774 -> Filters(Some(InclusiveFilters(Vector(Identifier(52089ff5e5b1454a0963dedc140a5c6ad3f1a73de423d9076f47b871c8ed6cdd,Sawa.Access.PortfolioAccess,PortfolioAccess)),Vector(),Vector()))), Investor1::12209ec33c8f0f879e68d7b113cfa5c10119b345863deaab5c87055c199ab471e774 -> Filters(Some(InclusiveFilters(Vector(Identifier(52089ff5e5b1454a0963dedc140a5c6ad3f1a73de423d9076f47b871c8ed6cdd,Sawa.Access.PortfolioAccess,PortfolioAccess)),Vector(),Vector()))), Admin::12209ec33c8f0f879e68d7b113cfa5c10119b345863deaab5c87055c199ab471e774 -> Filters(Some(InclusiveFilters(Vector(Identifier(52089ff5e5b1454a0963dedc140a5c6ad3f1a73de423d9076f47b871c8ed6cdd,Sawa.Access.PortfolioAccess,PortfolioAccess)),Vector(),Vector()))), sandbox::12209ec33c8f0f879e68d7b113cfa5c10119b345863deaab5c87055c199ab471e774 -> Filters(Some(InclusiveFilters(Vector(Identifier(52089ff5e5b1454a0963dedc140a5c6ad3f1a73de423d9076f47b871c8ed6cdd,Sawa.Access.PortfolioAccess,PortfolioAccess)),Vector(),Vector()))), Investor2::12209ec33c8f0f879e68d7b113cfa5c10119b345863deaab5c87055c199ab471e774 -> Filters(Some(InclusiveFilters(Vector(Identifier(52089ff5e5b1454a0963dedc140a5c6ad3f1a73de423d9076f47b871c8ed6cdd,Sawa.Access.PortfolioAccess,PortfolioAccess)),Vector(),Vector())))))),true,), filters -> {Investor3::12209ec33c8f0f879e68d7b113cfa5c10119b345863deaab5c87055c199ab471e774: ['52089ff5e5b1454a0963dedc140a5c6ad3f1a73de423d9076f47b871c8ed6cdd:Sawa.Access.PortfolioAccess:PortfolioAccess'], Operator::12209ec33c8f0f879e68d7b113cfa5c10119b345863deaab5c87055c199ab471e774: ['52089ff5e5b1454a0963dedc140a5c6ad3f1a73de423d9076f47b871c8ed6cdd:Sawa.Access.PortfolioAccess:PortfolioAccess'], Investor1::12209ec33c8f0f879e68d7b113cfa5c10119b345863deaab5c87055c199ab471e774: ['52089ff5e5b1454a0963dedc140a5c6ad3f1a73de423d9076f47b871c8ed6cdd:Sawa.Access.PortfolioAccess:PortfolioAccess'], Admin::12209ec33c8f0f879e68d7b113cfa5c10119b345863deaab5c87055c199ab471e774: ['52089ff5e5b1454a0963dedc140a5c6ad3f1a73de423d9076f47b871c8ed6cdd:Sawa.Access.PortfolioAccess:PortfolioAccess'], sandbox::12209ec33c8f0f879e68d7b113cfa5c10119b345863deaab5c87055c199ab471e774: ['52089ff5e5b1454a0963dedc140a5c6ad3f1a73de423d9076f47b871c8ed6cdd:Sawa.Access.PortfolioAccess:PortfolioAccess'], Investor2::12209ec33c8f0f879e68d7b113cfa5c10119b345863deaab5c87055c199ab471e774: ['52089ff5e5b1454a0963dedc140a5c6ad3f1a73de423d9076f47b871c8ed6cdd:Sawa.Access.PortfolioAccess:PortfolioAccess']}.
2026-04-08 00:57:52,244 [canton-env-ec-29] INFO  c.d.c.p.a.s.t.TransactionServiceImpl:participant=sandbox tid:5cf9bb05e6be9b7f1bb946ba3628712d - Received request for transactions, startExclusive -> '000000000000000012', endInclusive -> '%end%', filters -> {Investor3::12209ec33c8f0f879e68d7b113cfa5c10119b345863deaab5c87055c199ab471e774: ['52089ff5e5b1454a0963dedc140a5c6ad3f1a73de423d9076f47b871c8ed6cdd:Sawa.Access.PortfolioAccess:PortfolioAccess'], Operator::12209ec33c8f0f879e68d7b113cfa5c10119b345863deaab5c87055c199ab471e774: ['52089ff5e5b1454a0963dedc140a5c6ad3f1a73de423d9076f47b871c8ed6cdd:Sawa.Access.PortfolioAccess:PortfolioAccess'], Investor1::12209ec33c8f0f879e68d7b113cfa5c10119b345863deaab5c87055c199ab471e774: ['52089ff5e5b1454a0963dedc140a5c6ad3f1a73de423d9076f47b871c8ed6cdd:Sawa.Access.PortfolioAccess:PortfolioAccess'], Admin::12209ec33c8f0f879e68d7b113cfa5c10119b345863deaab5c87055c199ab471e774: ['52089ff5e5b1454a0963dedc140a5c6ad3f1a73de423d9076f47b871c8ed6cdd:Sawa.Access.PortfolioAccess:PortfolioAccess'], sandbox::12209ec33c8f0f879e68d7b113cfa5c10119b345863deaab5c87055c199ab471e774: ['52089ff5e5b1454a0963dedc140a5c6ad3f1a73de423d9076f47b871c8ed6cdd:Sawa.Access.PortfolioAccess:PortfolioAccess'], Investor2::12209ec33c8f0f879e68d7b113cfa5c10119b345863deaab5c87055c199ab471e774: ['52089ff5e5b1454a0963dedc140a5c6ad3f1a73de423d9076f47b871c8ed6cdd:Sawa.Access.PortfolioAccess:PortfolioAccess']}, verbose -> true, ledgerId -> 'sandbox'.
2026-04-08 00:57:52,640 [canton-env-ec-29] INFO  c.d.c.p.a.s.ApiActiveContractsService:participant=sandbox tid:2827fd596cd860f9358293654775b1c5 - Received request for active contracts: GetActiveContractsRequest(sandbox,Some(TransactionFilter(HashMap(Investor3::12209ec33c8f0f879e68d7b113cfa5c10119b345863deaab5c87055c199ab471e774 -> Filters(Some(InclusiveFilters(Vector(Identifier(52089ff5e5b1454a0963dedc140a5c6ad3f1a73de423d9076f47b871c8ed6cdd,Sawa.Settlement.WaterfallSettlement,WaterfallState)),Vector(),Vector()))), Operator::12209ec33c8f0f879e68d7b113cfa5c10119b345863deaab5c87055c199ab471e774 -> Filters(Some(InclusiveFilters(Vector(Identifier(52089ff5e5b1454a0963dedc140a5c6ad3f1a73de423d9076f47b871c8ed6cdd,Sawa.Settlement.WaterfallSettlement,WaterfallState)),Vector(),Vector()))), Investor1::12209ec33c8f0f879e68d7b113cfa5c10119b345863deaab5c87055c199ab471e774 -> Filters(Some(InclusiveFilters(Vector(Identifier(52089ff5e5b1454a0963dedc140a5c6ad3f1a73de423d9076f47b871c8ed6cdd,Sawa.Settlement.WaterfallSettlement,WaterfallState)),Vector(),Vector()))), Admin::12209ec33c8f0f879e68d7b113cfa5c10119b345863deaab5c87055c199ab471e774 -> Filters(Some(InclusiveFilters(Vector(Identifier(52089ff5e5b1454a0963dedc140a5c6ad3f1a73de423d9076f47b871c8ed6cdd,Sawa.Settlement.WaterfallSettlement,WaterfallState)),Vector(),Vector()))), sandbox::12209ec33c8f0f879e68d7b113cfa5c10119b345863deaab5c87055c199ab471e774 -> Filters(Some(InclusiveFilters(Vector(Identifier(52089ff5e5b1454a0963dedc140a5c6ad3f1a73de423d9076f47b871c8ed6cdd,Sawa.Settlement.WaterfallSettlement,WaterfallState)),Vector(),Vector()))), Investor2::12209ec33c8f0f879e68d7b113cfa5c10119b345863deaab5c87055c199ab471e774 -> Filters(Some(InclusiveFilters(Vector(Identifier(52089ff5e5b1454a0963dedc140a5c6ad3f1a73de423d9076f47b871c8ed6cdd,Sawa.Settlement.WaterfallSettlement,WaterfallState)),Vector(),Vector())))))),true,), filters -> {Investor3::12209ec33c8f0f879e68d7b113cfa5c10119b345863deaab5c87055c199ab471e774: ['52089ff5e5b1454a0963dedc140a5c6ad3f1a73de423d9076f47b871c8ed6cdd:Sawa.Settlement.WaterfallSettlement:WaterfallState'], Operator::12209ec33c8f0f879e68d7b113cfa5c10119b345863deaab5c87055c199ab471e774: ['52089ff5e5b1454a0963dedc140a5c6ad3f1a73de423d9076f47b871c8ed6cdd:Sawa.Settlement.WaterfallSettlement:WaterfallState'], Investor1::12209ec33c8f0f879e68d7b113cfa5c10119b345863deaab5c87055c199ab471e774: ['52089ff5e5b1454a0963dedc140a5c6ad3f1a73de423d9076f47b871c8ed6cdd:Sawa.Settlement.WaterfallSettlement:WaterfallState'], Admin::12209ec33c8f0f879e68d7b113cfa5c10119b345863deaab5c87055c199ab471e774: ['52089ff5e5b1454a0963dedc140a5c6ad3f1a73de423d9076f47b871c8ed6cdd:Sawa.Settlement.WaterfallSettlement:WaterfallState'], sandbox::12209ec33c8f0f879e68d7b113cfa5c10119b345863deaab5c87055c199ab471e774: ['52089ff5e5b1454a0963dedc140a5c6ad3f1a73de423d9076f47b871c8ed6cdd:Sawa.Settlement.WaterfallSettlement:WaterfallState'], Investor2::12209ec33c8f0f879e68d7b113cfa5c10119b345863deaab5c87055c199ab471e774: ['52089ff5e5b1454a0963dedc140a5c6ad3f1a73de423d9076f47b871c8ed6cdd:Sawa.Settlement.WaterfallSettlement:WaterfallState']}.
2026-04-08 00:57:52,673 [canton-env-ec-40] INFO  c.d.c.p.a.s.t.TransactionServiceImpl:participant=sandbox tid:4bf0e9d5f3112aebed9f921faa40f691 - Received request for transactions, startExclusive -> '000000000000000012', endInclusive -> '%end%', filters -> {Investor3::12209ec33c8f0f879e68d7b113cfa5c10119b345863deaab5c87055c199ab471e774: ['52089ff5e5b1454a0963dedc140a5c6ad3f1a73de423d9076f47b871c8ed6cdd:Sawa.Settlement.WaterfallSettlement:WaterfallState'], Operator::12209ec33c8f0f879e68d7b113cfa5c10119b345863deaab5c87055c199ab471e774: ['52089ff5e5b1454a0963dedc140a5c6ad3f1a73de423d9076f47b871c8ed6cdd:Sawa.Settlement.WaterfallSettlement:WaterfallState'], Investor1::12209ec33c8f0f879e68d7b113cfa5c10119b345863deaab5c87055c199ab471e774: ['52089ff5e5b1454a0963dedc140a5c6ad3f1a73de423d9076f47b871c8ed6cdd:Sawa.Settlement.WaterfallSettlement:WaterfallState'], Admin::12209ec33c8f0f879e68d7b113cfa5c10119b345863deaab5c87055c199ab471e774: ['52089ff5e5b1454a0963dedc140a5c6ad3f1a73de423d9076f47b871c8ed6cdd:Sawa.Settlement.WaterfallSettlement:WaterfallState'], sandbox::12209ec33c8f0f879e68d7b113cfa5c10119b345863deaab5c87055c199ab471e774: ['52089ff5e5b1454a0963dedc140a5c6ad3f1a73de423d9076f47b871c8ed6cdd:Sawa.Settlement.WaterfallSettlement:WaterfallState'], Investor2::12209ec33c8f0f879e68d7b113cfa5c10119b345863deaab5c87055c199ab471e774: ['52089ff5e5b1454a0963dedc140a5c6ad3f1a73de423d9076f47b871c8ed6cdd:Sawa.Settlement.WaterfallSettlement:WaterfallState']}, verbose -> true, ledgerId -> 'sandbox'.
2026-04-08 00:57:52,902 [canton-env-ec-40] INFO  c.d.c.p.a.s.ApiActiveContractsService:participant=sandbox tid:7e5f6770badddbeadb7b3110a942b31a - Received request for active contracts: GetActiveContractsRequest(sandbox,Some(TransactionFilter(HashMap(Investor3::12209ec33c8f0f879e68d7b113cfa5c10119b345863deaab5c87055c199ab471e774 -> Filters(Some(InclusiveFilters(Vector(Identifier(52089ff5e5b1454a0963dedc140a5c6ad3f1a73de423d9076f47b871c8ed6cdd,Sawa.Asset.ProjectSPV,ProjectSPV)),Vector(),Vector()))), Operator::12209ec33c8f0f879e68d7b113cfa5c10119b345863deaab5c87055c199ab471e774 -> Filters(Some(InclusiveFilters(Vector(Identifier(52089ff5e5b1454a0963dedc140a5c6ad3f1a73de423d9076f47b871c8ed6cdd,Sawa.Asset.ProjectSPV,ProjectSPV)),Vector(),Vector()))), Investor1::12209ec33c8f0f879e68d7b113cfa5c10119b345863deaab5c87055c199ab471e774 -> Filters(Some(InclusiveFilters(Vector(Identifier(52089ff5e5b1454a0963dedc140a5c6ad3f1a73de423d9076f47b871c8ed6cdd,Sawa.Asset.ProjectSPV,ProjectSPV)),Vector(),Vector()))), Admin::12209ec33c8f0f879e68d7b113cfa5c10119b345863deaab5c87055c199ab471e774 -> Filters(Some(InclusiveFilters(Vector(Identifier(52089ff5e5b1454a0963dedc140a5c6ad3f1a73de423d9076f47b871c8ed6cdd,Sawa.Asset.ProjectSPV,ProjectSPV)),Vector(),Vector()))), sandbox::12209ec33c8f0f879e68d7b113cfa5c10119b345863deaab5c87055c199ab471e774 -> Filters(Some(InclusiveFilters(Vector(Identifier(52089ff5e5b1454a0963dedc140a5c6ad3f1a73de423d9076f47b871c8ed6cdd,Sawa.Asset.ProjectSPV,ProjectSPV)),Vector(),Vector()))), Investor2::12209ec33c8f0f879e68d7b113cfa5c10119b345863deaab5c87055c199ab471e774 -> Filters(Some(InclusiveFilters(Vector(Identifier(52089ff5e5b1454a0963dedc140a5c6ad3f1a73de423d9076f47b871c8ed6cdd,Sawa.Asset.ProjectSPV,ProjectSPV)),Vector(),Vector())))))),true,), filters -> {Investor3::12209ec33c8f0f879e68d7b113cfa5c10119b345863deaab5c87055c199ab471e774: ['52089ff5e5b1454a0963dedc140a5c6ad3f1a73de423d9076f47b871c8ed6cdd:Sawa.Asset.ProjectSPV:ProjectSPV'], Operator::12209ec33c8f0f879e68d7b113cfa5c10119b345863deaab5c87055c199ab471e774: ['52089ff5e5b1454a0963dedc140a5c6ad3f1a73de423d9076f47b871c8ed6cdd:Sawa.Asset.ProjectSPV:ProjectSPV'], Investor1::12209ec33c8f0f879e68d7b113cfa5c10119b345863deaab5c87055c199ab471e774: ['52089ff5e5b1454a0963dedc140a5c6ad3f1a73de423d9076f47b871c8ed6cdd:Sawa.Asset.ProjectSPV:ProjectSPV'], Admin::12209ec33c8f0f879e68d7b113cfa5c10119b345863deaab5c87055c199ab471e774: ['52089ff5e5b1454a0963dedc140a5c6ad3f1a73de423d9076f47b871c8ed6cdd:Sawa.Asset.ProjectSPV:ProjectSPV'], sandbox::12209ec33c8f0f879e68d7b113cfa5c10119b345863deaab5c87055c199ab471e774: ['52089ff5e5b1454a0963dedc140a5c6ad3f1a73de423d9076f47b871c8ed6cdd:Sawa.Asset.ProjectSPV:ProjectSPV'], Investor2::12209ec33c8f0f879e68d7b113cfa5c10119b345863deaab5c87055c199ab471e774: ['52089ff5e5b1454a0963dedc140a5c6ad3f1a73de423d9076f47b871c8ed6cdd:Sawa.Asset.ProjectSPV:ProjectSPV']}.
2026-04-08 00:57:52,974 [canton-env-ec-28] INFO  c.d.c.p.a.s.t.TransactionServiceImpl:participant=sandbox tid:198b492bf838ffdf89914fe803047240 - Received request for transactions, startExclusive -> '000000000000000012', endInclusive -> '%end%', filters -> {Investor3::12209ec33c8f0f879e68d7b113cfa5c10119b345863deaab5c87055c199ab471e774: ['52089ff5e5b1454a0963dedc140a5c6ad3f1a73de423d9076f47b871c8ed6cdd:Sawa.Asset.ProjectSPV:ProjectSPV'], Operator::12209ec33c8f0f879e68d7b113cfa5c10119b345863deaab5c87055c199ab471e774: ['52089ff5e5b1454a0963dedc140a5c6ad3f1a73de423d9076f47b871c8ed6cdd:Sawa.Asset.ProjectSPV:ProjectSPV'], Investor1::12209ec33c8f0f879e68d7b113cfa5c10119b345863deaab5c87055c199ab471e774: ['52089ff5e5b1454a0963dedc140a5c6ad3f1a73de423d9076f47b871c8ed6cdd:Sawa.Asset.ProjectSPV:ProjectSPV'], Admin::12209ec33c8f0f879e68d7b113cfa5c10119b345863deaab5c87055c199ab471e774: ['52089ff5e5b1454a0963dedc140a5c6ad3f1a73de423d9076f47b871c8ed6cdd:Sawa.Asset.ProjectSPV:ProjectSPV'], sandbox::12209ec33c8f0f879e68d7b113cfa5c10119b345863deaab5c87055c199ab471e774: ['52089ff5e5b1454a0963dedc140a5c6ad3f1a73de423d9076f47b871c8ed6cdd:Sawa.Asset.ProjectSPV:ProjectSPV'], Investor2::12209ec33c8f0f879e68d7b113cfa5c10119b345863deaab5c87055c199ab471e774: ['52089ff5e5b1454a0963dedc140a5c6ad3f1a73de423d9076f47b871c8ed6cdd:Sawa.Asset.ProjectSPV:ProjectSPV']}, verbose -> true, ledgerId -> 'sandbox'.
2026-04-08 00:57:53,051 [canton-env-ec-40] INFO  c.d.c.p.a.s.ApiActiveContractsService:participant=sandbox tid:a79484e900314b178041e3765a98ab7e - Received request for active contracts: GetActiveContractsRequest(sandbox,Some(TransactionFilter(HashMap(Investor3::12209ec33c8f0f879e68d7b113cfa5c10119b345863deaab5c87055c199ab471e774 -> Filters(Some(InclusiveFilters(Vector(Identifier(52089ff5e5b1454a0963dedc140a5c6ad3f1a73de423d9076f47b871c8ed6cdd,Sawa.Settlement.WaterfallSettlement,WaterfallState)),Vector(),Vector()))), Operator::12209ec33c8f0f879e68d7b113cfa5c10119b345863deaab5c87055c199ab471e774 -> Filters(Some(InclusiveFilters(Vector(Identifier(52089ff5e5b1454a0963dedc140a5c6ad3f1a73de423d9076f47b871c8ed6cdd,Sawa.Settlement.WaterfallSettlement,WaterfallState)),Vector(),Vector()))), Investor1::12209ec33c8f0f879e68d7b113cfa5c10119b345863deaab5c87055c199ab471e774 -> Filters(Some(InclusiveFilters(Vector(Identifier(52089ff5e5b1454a0963dedc140a5c6ad3f1a73de423d9076f47b871c8ed6cdd,Sawa.Settlement.WaterfallSettlement,WaterfallState)),Vector(),Vector()))), Admin::12209ec33c8f0f879e68d7b113cfa5c10119b345863deaab5c87055c199ab471e774 -> Filters(Some(InclusiveFilters(Vector(Identifier(52089ff5e5b1454a0963dedc140a5c6ad3f1a73de423d9076f47b871c8ed6cdd,Sawa.Settlement.WaterfallSettlement,WaterfallState)),Vector(),Vector()))), sandbox::12209ec33c8f0f879e68d7b113cfa5c10119b345863deaab5c87055c199ab471e774 -> Filters(Some(InclusiveFilters(Vector(Identifier(52089ff5e5b1454a0963dedc140a5c6ad3f1a73de423d9076f47b871c8ed6cdd,Sawa.Settlement.WaterfallSettlement,WaterfallState)),Vector(),Vector()))), Investor2::12209ec33c8f0f879e68d7b113cfa5c10119b345863deaab5c87055c199ab471e774 -> Filters(Some(InclusiveFilters(Vector(Identifier(52089ff5e5b1454a0963dedc140a5c6ad3f1a73de423d9076f47b871c8ed6cdd,Sawa.Settlement.WaterfallSettlement,WaterfallState)),Vector(),Vector())))))),true,), filters -> {Investor3::12209ec33c8f0f879e68d7b113cfa5c10119b345863deaab5c87055c199ab471e774: ['52089ff5e5b1454a0963dedc140a5c6ad3f1a73de423d9076f47b871c8ed6cdd:Sawa.Settlement.WaterfallSettlement:WaterfallState'], Operator::12209ec33c8f0f879e68d7b113cfa5c10119b345863deaab5c87055c199ab471e774: ['52089ff5e5b1454a0963dedc140a5c6ad3f1a73de423d9076f47b871c8ed6cdd:Sawa.Settlement.WaterfallSettlement:WaterfallState'], Investor1::12209ec33c8f0f879e68d7b113cfa5c10119b345863deaab5c87055c199ab471e774: ['52089ff5e5b1454a0963dedc140a5c6ad3f1a73de423d9076f47b871c8ed6cdd:Sawa.Settlement.WaterfallSettlement:WaterfallState'], Admin::12209ec33c8f0f879e68d7b113cfa5c10119b345863deaab5c87055c199ab471e774: ['52089ff5e5b1454a0963dedc140a5c6ad3f1a73de423d9076f47b871c8ed6cdd:Sawa.Settlement.WaterfallSettlement:WaterfallState'], sandbox::12209ec33c8f0f879e68d7b113cfa5c10119b345863deaab5c87055c199ab471e774: ['52089ff5e5b1454a0963dedc140a5c6ad3f1a73de423d9076f47b871c8ed6cdd:Sawa.Settlement.WaterfallSettlement:WaterfallState'], Investor2::12209ec33c8f0f879e68d7b113cfa5c10119b345863deaab5c87055c199ab471e774: ['52089ff5e5b1454a0963dedc140a5c6ad3f1a73de423d9076f47b871c8ed6cdd:Sawa.Settlement.WaterfallSettlement:WaterfallState']}.
2026-04-08 00:57:53,084 [canton-env-ec-28] INFO  c.d.c.p.a.s.t.TransactionServiceImpl:participant=sandbox tid:56fad7eb3b6f6e1406aec44825ef4ef4 - Received request for transactions, startExclusive -> '000000000000000012', endInclusive -> '%end%', filters -> {Investor3::12209ec33c8f0f879e68d7b113cfa5c10119b345863deaab5c87055c199ab471e774: ['52089ff5e5b1454a0963dedc140a5c6ad3f1a73de423d9076f47b871c8ed6cdd:Sawa.Settlement.WaterfallSettlement:WaterfallState'], Operator::12209ec33c8f0f879e68d7b113cfa5c10119b345863deaab5c87055c199ab471e774: ['52089ff5e5b1454a0963dedc140a5c6ad3f1a73de423d9076f47b871c8ed6cdd:Sawa.Settlement.WaterfallSettlement:WaterfallState'], Investor1::12209ec33c8f0f879e68d7b113cfa5c10119b345863deaab5c87055c199ab471e774: ['52089ff5e5b1454a0963dedc140a5c6ad3f1a73de423d9076f47b871c8ed6cdd:Sawa.Settlement.WaterfallSettlement:WaterfallState'], Admin::12209ec33c8f0f879e68d7b113cfa5c10119b345863deaab5c87055c199ab471e774: ['52089ff5e5b1454a0963dedc140a5c6ad3f1a73de423d9076f47b871c8ed6cdd:Sawa.Settlement.WaterfallSettlement:WaterfallState'], sandbox::12209ec33c8f0f879e68d7b113cfa5c10119b345863deaab5c87055c199ab471e774: ['52089ff5e5b1454a0963dedc140a5c6ad3f1a73de423d9076f47b871c8ed6cdd:Sawa.Settlement.WaterfallSettlement:WaterfallState'], Investor2::12209ec33c8f0f879e68d7b113cfa5c10119b345863deaab5c87055c199ab471e774: ['52089ff5e5b1454a0963dedc140a5c6ad3f1a73de423d9076f47b871c8ed6cdd:Sawa.Settlement.WaterfallSettlement:WaterfallState']}, verbose -> true, ledgerId -> 'sandbox'.
2026-04-08 00:57:53,141 [canton-env-ec-40] INFO  c.d.c.p.a.s.ApiActiveContractsService:participant=sandbox tid:31a2d364c95bbd4c61fafce7d771ff6d - Received request for active contracts: GetActiveContractsRequest(sandbox,Some(TransactionFilter(HashMap(Investor3::12209ec33c8f0f879e68d7b113cfa5c10119b345863deaab5c87055c199ab471e774 -> Filters(Some(InclusiveFilters(Vector(Identifier(52089ff5e5b1454a0963dedc140a5c6ad3f1a73de423d9076f47b871c8ed6cdd,Sawa.Settlement.WaterfallSettlement,OperatorToken)),Vector(),Vector()))), Operator::12209ec33c8f0f879e68d7b113cfa5c10119b345863deaab5c87055c199ab471e774 -> Filters(Some(InclusiveFilters(Vector(Identifier(52089ff5e5b1454a0963dedc140a5c6ad3f1a73de423d9076f47b871c8ed6cdd,Sawa.Settlement.WaterfallSettlement,OperatorToken)),Vector(),Vector()))), Investor1::12209ec33c8f0f879e68d7b113cfa5c10119b345863deaab5c87055c199ab471e774 -> Filters(Some(InclusiveFilters(Vector(Identifier(52089ff5e5b1454a0963dedc140a5c6ad3f1a73de423d9076f47b871c8ed6cdd,Sawa.Settlement.WaterfallSettlement,OperatorToken)),Vector(),Vector()))), Admin::12209ec33c8f0f879e68d7b113cfa5c10119b345863deaab5c87055c199ab471e774 -> Filters(Some(InclusiveFilters(Vector(Identifier(52089ff5e5b1454a0963dedc140a5c6ad3f1a73de423d9076f47b871c8ed6cdd,Sawa.Settlement.WaterfallSettlement,OperatorToken)),Vector(),Vector()))), sandbox::12209ec33c8f0f879e68d7b113cfa5c10119b345863deaab5c87055c199ab471e774 -> Filters(Some(InclusiveFilters(Vector(Identifier(52089ff5e5b1454a0963dedc140a5c6ad3f1a73de423d9076f47b871c8ed6cdd,Sawa.Settlement.WaterfallSettlement,OperatorToken)),Vector(),Vector()))), Investor2::12209ec33c8f0f879e68d7b113cfa5c10119b345863deaab5c87055c199ab471e774 -> Filters(Some(InclusiveFilters(Vector(Identifier(52089ff5e5b1454a0963dedc140a5c6ad3f1a73de423d9076f47b871c8ed6cdd,Sawa.Settlement.WaterfallSettlement,OperatorToken)),Vector(),Vector())))))),true,), filters -> {Investor3::12209ec33c8f0f879e68d7b113cfa5c10119b345863deaab5c87055c199ab471e774: ['52089ff5e5b1454a0963dedc140a5c6ad3f1a73de423d9076f47b871c8ed6cdd:Sawa.Settlement.WaterfallSettlement:OperatorToken'], Operator::12209ec33c8f0f879e68d7b113cfa5c10119b345863deaab5c87055c199ab471e774: ['52089ff5e5b1454a0963dedc140a5c6ad3f1a73de423d9076f47b871c8ed6cdd:Sawa.Settlement.WaterfallSettlement:OperatorToken'], Investor1::12209ec33c8f0f879e68d7b113cfa5c10119b345863deaab5c87055c199ab471e774: ['52089ff5e5b1454a0963dedc140a5c6ad3f1a73de423d9076f47b871c8ed6cdd:Sawa.Settlement.WaterfallSettlement:OperatorToken'], Admin::12209ec33c8f0f879e68d7b113cfa5c10119b345863deaab5c87055c199ab471e774: ['52089ff5e5b1454a0963dedc140a5c6ad3f1a73de423d9076f47b871c8ed6cdd:Sawa.Settlement.WaterfallSettlement:OperatorToken'], sandbox::12209ec33c8f0f879e68d7b113cfa5c10119b345863deaab5c87055c199ab471e774: ['52089ff5e5b1454a0963dedc140a5c6ad3f1a73de423d9076f47b871c8ed6cdd:Sawa.Settlement.WaterfallSettlement:OperatorToken'], Investor2::12209ec33c8f0f879e68d7b113cfa5c10119b345863deaab5c87055c199ab471e774: ['52089ff5e5b1454a0963dedc140a5c6ad3f1a73de423d9076f47b871c8ed6cdd:Sawa.Settlement.WaterfallSettlement:OperatorToken']}.
2026-04-08 00:57:53,175 [canton-env-ec-40] INFO  c.d.c.p.a.s.t.TransactionServiceImpl:participant=sandbox tid:aa929a9cf28babe1b178b7484c7fad7b - Received request for transactions, startExclusive -> '000000000000000012', endInclusive -> '%end%', filters -> {Investor3::12209ec33c8f0f879e68d7b113cfa5c10119b345863deaab5c87055c199ab471e774: ['52089ff5e5b1454a0963dedc140a5c6ad3f1a73de423d9076f47b871c8ed6cdd:Sawa.Settlement.WaterfallSettlement:OperatorToken'], Operator::12209ec33c8f0f879e68d7b113cfa5c10119b345863deaab5c87055c199ab471e774: ['52089ff5e5b1454a0963dedc140a5c6ad3f1a73de423d9076f47b871c8ed6cdd:Sawa.Settlement.WaterfallSettlement:OperatorToken'], Investor1::12209ec33c8f0f879e68d7b113cfa5c10119b345863deaab5c87055c199ab471e774: ['52089ff5e5b1454a0963dedc140a5c6ad3f1a73de423d9076f47b871c8ed6cdd:Sawa.Settlement.WaterfallSettlement:OperatorToken'], Admin::12209ec33c8f0f879e68d7b113cfa5c10119b345863deaab5c87055c199ab471e774: ['52089ff5e5b1454a0963dedc140a5c6ad3f1a73de423d9076f47b871c8ed6cdd:Sawa.Settlement.WaterfallSettlement:OperatorToken'], sandbox::12209ec33c8f0f879e68d7b113cfa5c10119b345863deaab5c87055c199ab471e774: ['52089ff5e5b1454a0963dedc140a5c6ad3f1a73de423d9076f47b871c8ed6cdd:Sawa.Settlement.WaterfallSettlement:OperatorToken'], Investor2::12209ec33c8f0f879e68d7b113cfa5c10119b345863deaab5c87055c199ab471e774: ['52089ff5e5b1454a0963dedc140a5c6ad3f1a73de423d9076f47b871c8ed6cdd:Sawa.Settlement.WaterfallSettlement:OperatorToken']}, verbose -> true, ledgerId -> 'sandbox'.
2026-04-08 00:57:53,237 [canton-env-ec-40] INFO  c.d.c.p.a.s.ApiActiveContractsService:participant=sandbox tid:d1d5fb0e5d2ee94cbad554c01db00a58 - Received request for active contracts: GetActiveContractsRequest(sandbox,Some(TransactionFilter(HashMap(Investor3::12209ec33c8f0f879e68d7b113cfa5c10119b345863deaab5c87055c199ab471e774 -> Filters(Some(InclusiveFilters(Vector(Identifier(52089ff5e5b1454a0963dedc140a5c6ad3f1a73de423d9076f47b871c8ed6cdd,Sawa.Settlement.WaterfallSettlement,DevFeeDisbursement)),Vector(),Vector()))), Operator::12209ec33c8f0f879e68d7b113cfa5c10119b345863deaab5c87055c199ab471e774 -> Filters(Some(InclusiveFilters(Vector(Identifier(52089ff5e5b1454a0963dedc140a5c6ad3f1a73de423d9076f47b871c8ed6cdd,Sawa.Settlement.WaterfallSettlement,DevFeeDisbursement)),Vector(),Vector()))), Investor1::12209ec33c8f0f879e68d7b113cfa5c10119b345863deaab5c87055c199ab471e774 -> Filters(Some(InclusiveFilters(Vector(Identifier(52089ff5e5b1454a0963dedc140a5c6ad3f1a73de423d9076f47b871c8ed6cdd,Sawa.Settlement.WaterfallSettlement,DevFeeDisbursement)),Vector(),Vector()))), Admin::12209ec33c8f0f879e68d7b113cfa5c10119b345863deaab5c87055c199ab471e774 -> Filters(Some(InclusiveFilters(Vector(Identifier(52089ff5e5b1454a0963dedc140a5c6ad3f1a73de423d9076f47b871c8ed6cdd,Sawa.Settlement.WaterfallSettlement,DevFeeDisbursement)),Vector(),Vector()))), sandbox::12209ec33c8f0f879e68d7b113cfa5c10119b345863deaab5c87055c199ab471e774 -> Filters(Some(InclusiveFilters(Vector(Identifier(52089ff5e5b1454a0963dedc140a5c6ad3f1a73de423d9076f47b871c8ed6cdd,Sawa.Settlement.WaterfallSettlement,DevFeeDisbursement)),Vector(),Vector()))), Investor2::12209ec33c8f0f879e68d7b113cfa5c10119b345863deaab5c87055c199ab471e774 -> Filters(Some(InclusiveFilters(Vector(Identifier(52089ff5e5b1454a0963dedc140a5c6ad3f1a73de423d9076f47b871c8ed6cdd,Sawa.Settlement.WaterfallSettlement,DevFeeDisbursement)),Vector(),Vector())))))),true,), filters -> {Investor3::12209ec33c8f0f879e68d7b113cfa5c10119b345863deaab5c87055c199ab471e774: ['52089ff5e5b1454a0963dedc140a5c6ad3f1a73de423d9076f47b871c8ed6cdd:Sawa.Settlement.WaterfallSettlement:DevFeeDisbursement'], Operator::12209ec33c8f0f879e68d7b113cfa5c10119b345863deaab5c87055c199ab471e774: ['52089ff5e5b1454a0963dedc140a5c6ad3f1a73de423d9076f47b871c8ed6cdd:Sawa.Settlement.WaterfallSettlement:DevFeeDisbursement'], Investor1::12209ec33c8f0f879e68d7b113cfa5c10119b345863deaab5c87055c199ab471e774: ['52089ff5e5b1454a0963dedc140a5c6ad3f1a73de423d9076f47b871c8ed6cdd:Sawa.Settlement.WaterfallSettlement:DevFeeDisbursement'], Admin::12209ec33c8f0f879e68d7b113cfa5c10119b345863deaab5c87055c199ab471e774: ['52089ff5e5b1454a0963dedc140a5c6ad3f1a73de423d9076f47b871c8ed6cdd:Sawa.Settlement.WaterfallSettlement:DevFeeDisbursement'], sandbox::12209ec33c8f0f879e68d7b113cfa5c10119b345863deaab5c87055c199ab471e774: ['52089ff5e5b1454a0963dedc140a5c6ad3f1a73de423d9076f47b871c8ed6cdd:Sawa.Settlement.WaterfallSettlement:DevFeeDisbursement'], Investor2::12209ec33c8f0f879e68d7b113cfa5c10119b345863deaab5c87055c199ab471e774: ['52089ff5e5b1454a0963dedc140a5c6ad3f1a73de423d9076f47b871c8ed6cdd:Sawa.Settlement.WaterfallSettlement:DevFeeDisbursement']}.
2026-04-08 00:57:53,273 [canton-env-ec-29] INFO  c.d.c.p.a.s.t.TransactionServiceImpl:participant=sandbox tid:83c19efded9e7aff85efca2f7f29d740 - Received request for transactions, startExclusive -> '000000000000000012', endInclusive -> '%end%', filters -> {Investor3::12209ec33c8f0f879e68d7b113cfa5c10119b345863deaab5c87055c199ab471e774: ['52089ff5e5b1454a0963dedc140a5c6ad3f1a73de423d9076f47b871c8ed6cdd:Sawa.Settlement.WaterfallSettlement:DevFeeDisbursement'], Operator::12209ec33c8f0f879e68d7b113cfa5c10119b345863deaab5c87055c199ab471e774: ['52089ff5e5b1454a0963dedc140a5c6ad3f1a73de423d9076f47b871c8ed6cdd:Sawa.Settlement.WaterfallSettlement:DevFeeDisbursement'], Investor1::12209ec33c8f0f879e68d7b113cfa5c10119b345863deaab5c87055c199ab471e774: ['52089ff5e5b1454a0963dedc140a5c6ad3f1a73de423d9076f47b871c8ed6cdd:Sawa.Settlement.WaterfallSettlement:DevFeeDisbursement'], Admin::12209ec33c8f0f879e68d7b113cfa5c10119b345863deaab5c87055c199ab471e774: ['52089ff5e5b1454a0963dedc140a5c6ad3f1a73de423d9076f47b871c8ed6cdd:Sawa.Settlement.WaterfallSettlement:DevFeeDisbursement'], sandbox::12209ec33c8f0f879e68d7b113cfa5c10119b345863deaab5c87055c199ab471e774: ['52089ff5e5b1454a0963dedc140a5c6ad3f1a73de423d9076f47b871c8ed6cdd:Sawa.Settlement.WaterfallSettlement:DevFeeDisbursement'], Investor2::12209ec33c8f0f879e68d7b113cfa5c10119b345863deaab5c87055c199ab471e774: ['52089ff5e5b1454a0963dedc140a5c6ad3f1a73de423d9076f47b871c8ed6cdd:Sawa.Settlement.WaterfallSettlement:DevFeeDisbursement']}, verbose -> true, ledgerId -> 'sandbox'.
2026-04-08 00:57:53,329 [canton-env-ec-40] INFO  c.d.c.p.a.s.ApiActiveContractsService:participant=sandbox tid:5c7f45c85ca11b56499aa8172245ed14 - Received request for active contracts: GetActiveContractsRequest(sandbox,Some(TransactionFilter(HashMap(Investor3::12209ec33c8f0f879e68d7b113cfa5c10119b345863deaab5c87055c199ab471e774 -> Filters(Some(InclusiveFilters(Vector(Identifier(52089ff5e5b1454a0963dedc140a5c6ad3f1a73de423d9076f47b871c8ed6cdd,Sawa.Yield.ProductionReport,ProductionReport)),Vector(),Vector()))), Operator::12209ec33c8f0f879e68d7b113cfa5c10119b345863deaab5c87055c199ab471e774 -> Filters(Some(InclusiveFilters(Vector(Identifier(52089ff5e5b1454a0963dedc140a5c6ad3f1a73de423d9076f47b871c8ed6cdd,Sawa.Yield.ProductionReport,ProductionReport)),Vector(),Vector()))), Investor1::12209ec33c8f0f879e68d7b113cfa5c10119b345863deaab5c87055c199ab471e774 -> Filters(Some(InclusiveFilters(Vector(Identifier(52089ff5e5b1454a0963dedc140a5c6ad3f1a73de423d9076f47b871c8ed6cdd,Sawa.Yield.ProductionReport,ProductionReport)),Vector(),Vector()))), Admin::12209ec33c8f0f879e68d7b113cfa5c10119b345863deaab5c87055c199ab471e774 -> Filters(Some(InclusiveFilters(Vector(Identifier(52089ff5e5b1454a0963dedc140a5c6ad3f1a73de423d9076f47b871c8ed6cdd,Sawa.Yield.ProductionReport,ProductionReport)),Vector(),Vector()))), sandbox::12209ec33c8f0f879e68d7b113cfa5c10119b345863deaab5c87055c199ab471e774 -> Filters(Some(InclusiveFilters(Vector(Identifier(52089ff5e5b1454a0963dedc140a5c6ad3f1a73de423d9076f47b871c8ed6cdd,Sawa.Yield.ProductionReport,ProductionReport)),Vector(),Vector()))), Investor2::12209ec33c8f0f879e68d7b113cfa5c10119b345863deaab5c87055c199ab471e774 -> Filters(Some(InclusiveFilters(Vector(Identifier(52089ff5e5b1454a0963dedc140a5c6ad3f1a73de423d9076f47b871c8ed6cdd,Sawa.Yield.ProductionReport,ProductionReport)),Vector(),Vector())))))),true,), filters -> {Investor3::12209ec33c8f0f879e68d7b113cfa5c10119b345863deaab5c87055c199ab471e774: ['52089ff5e5b1454a0963dedc140a5c6ad3f1a73de423d9076f47b871c8ed6cdd:Sawa.Yield.ProductionReport:ProductionReport'], Operator::12209ec33c8f0f879e68d7b113cfa5c10119b345863deaab5c87055c199ab471e774: ['52089ff5e5b1454a0963dedc140a5c6ad3f1a73de423d9076f47b871c8ed6cdd:Sawa.Yield.ProductionReport:ProductionReport'], Investor1::12209ec33c8f0f879e68d7b113cfa5c10119b345863deaab5c87055c199ab471e774: ['52089ff5e5b1454a0963dedc140a5c6ad3f1a73de423d9076f47b871c8ed6cdd:Sawa.Yield.ProductionReport:ProductionReport'], Admin::12209ec33c8f0f879e68d7b113cfa5c10119b345863deaab5c87055c199ab471e774: ['52089ff5e5b1454a0963dedc140a5c6ad3f1a73de423d9076f47b871c8ed6cdd:Sawa.Yield.ProductionReport:ProductionReport'], sandbox::12209ec33c8f0f879e68d7b113cfa5c10119b345863deaab5c87055c199ab471e774: ['52089ff5e5b1454a0963dedc140a5c6ad3f1a73de423d9076f47b871c8ed6cdd:Sawa.Yield.ProductionReport:ProductionReport'], Investor2::12209ec33c8f0f879e68d7b113cfa5c10119b345863deaab5c87055c199ab471e774: ['52089ff5e5b1454a0963dedc140a5c6ad3f1a73de423d9076f47b871c8ed6cdd:Sawa.Yield.ProductionReport:ProductionReport']}.
2026-04-08 00:57:53,363 [canton-env-ec-23] INFO  c.d.c.p.a.s.t.TransactionServiceImpl:participant=sandbox tid:33e8fa568835888214441b2ae02db1fc - Received request for transactions, startExclusive -> '000000000000000012', endInclusive -> '%end%', filters -> {Investor3::12209ec33c8f0f879e68d7b113cfa5c10119b345863deaab5c87055c199ab471e774: ['52089ff5e5b1454a0963dedc140a5c6ad3f1a73de423d9076f47b871c8ed6cdd:Sawa.Yield.ProductionReport:ProductionReport'], Operator::12209ec33c8f0f879e68d7b113cfa5c10119b345863deaab5c87055c199ab471e774: ['52089ff5e5b1454a0963dedc140a5c6ad3f1a73de423d9076f47b871c8ed6cdd:Sawa.Yield.ProductionReport:ProductionReport'], Investor1::12209ec33c8f0f879e68d7b113cfa5c10119b345863deaab5c87055c199ab471e774: ['52089ff5e5b1454a0963dedc140a5c6ad3f1a73de423d9076f47b871c8ed6cdd:Sawa.Yield.ProductionReport:ProductionReport'], Admin::12209ec33c8f0f879e68d7b113cfa5c10119b345863deaab5c87055c199ab471e774: ['52089ff5e5b1454a0963dedc140a5c6ad3f1a73de423d9076f47b871c8ed6cdd:Sawa.Yield.ProductionReport:ProductionReport'], sandbox::12209ec33c8f0f879e68d7b113cfa5c10119b345863deaab5c87055c199ab471e774: ['52089ff5e5b1454a0963dedc140a5c6ad3f1a73de423d9076f47b871c8ed6cdd:Sawa.Yield.ProductionReport:ProductionReport'], Investor2::12209ec33c8f0f879e68d7b113cfa5c10119b345863deaab5c87055c199ab471e774: ['52089ff5e5b1454a0963dedc140a5c6ad3f1a73de423d9076f47b871c8ed6cdd:Sawa.Yield.ProductionReport:ProductionReport']}, verbose -> true, ledgerId -> 'sandbox'.
2026-04-08 00:58:07,890 [canton-env-ec-23] INFO  c.d.c.p.a.s.ApiActiveContractsService:participant=sandbox tid:26fee70c41c02f212cedf5ce13dc2571 - Received request for active contracts: GetActiveContractsRequest(sandbox,Some(TransactionFilter(HashMap(Investor3::12209ec33c8f0f879e68d7b113cfa5c10119b345863deaab5c87055c199ab471e774 -> Filters(Some(InclusiveFilters(Vector(Identifier(52089ff5e5b1454a0963dedc140a5c6ad3f1a73de423d9076f47b871c8ed6cdd,Sawa.Asset.ProjectSPV,ProjectSPV)),Vector(),Vector()))), Operator::12209ec33c8f0f879e68d7b113cfa5c10119b345863deaab5c87055c199ab471e774 -> Filters(Some(InclusiveFilters(Vector(Identifier(52089ff5e5b1454a0963dedc140a5c6ad3f1a73de423d9076f47b871c8ed6cdd,Sawa.Asset.ProjectSPV,ProjectSPV)),Vector(),Vector()))), Investor1::12209ec33c8f0f879e68d7b113cfa5c10119b345863deaab5c87055c199ab471e774 -> Filters(Some(InclusiveFilters(Vector(Identifier(52089ff5e5b1454a0963dedc140a5c6ad3f1a73de423d9076f47b871c8ed6cdd,Sawa.Asset.ProjectSPV,ProjectSPV)),Vector(),Vector()))), Admin::12209ec33c8f0f879e68d7b113cfa5c10119b345863deaab5c87055c199ab471e774 -> Filters(Some(InclusiveFilters(Vector(Identifier(52089ff5e5b1454a0963dedc140a5c6ad3f1a73de423d9076f47b871c8ed6cdd,Sawa.Asset.ProjectSPV,ProjectSPV)),Vector(),Vector()))), sandbox::12209ec33c8f0f879e68d7b113cfa5c10119b345863deaab5c87055c199ab471e774 -> Filters(Some(InclusiveFilters(Vector(Identifier(52089ff5e5b1454a0963dedc140a5c6ad3f1a73de423d9076f47b871c8ed6cdd,Sawa.Asset.ProjectSPV,ProjectSPV)),Vector(),Vector()))), Investor2::12209ec33c8f0f879e68d7b113cfa5c10119b345863deaab5c87055c199ab471e774 -> Filters(Some(InclusiveFilters(Vector(Identifier(52089ff5e5b1454a0963dedc140a5c6ad3f1a73de423d9076f47b871c8ed6cdd,Sawa.Asset.ProjectSPV,ProjectSPV)),Vector(),Vector())))))),true,), filters -> {Investor3::12209ec33c8f0f879e68d7b113cfa5c10119b345863deaab5c87055c199ab471e774: ['52089ff5e5b1454a0963dedc140a5c6ad3f1a73de423d9076f47b871c8ed6cdd:Sawa.Asset.ProjectSPV:ProjectSPV'], Operator::12209ec33c8f0f879e68d7b113cfa5c10119b345863deaab5c87055c199ab471e774: ['52089ff5e5b1454a0963dedc140a5c6ad3f1a73de423d9076f47b871c8ed6cdd:Sawa.Asset.ProjectSPV:ProjectSPV'], Investor1::12209ec33c8f0f879e68d7b113cfa5c10119b345863deaab5c87055c199ab471e774: ['52089ff5e5b1454a0963dedc140a5c6ad3f1a73de423d9076f47b871c8ed6cdd:Sawa.Asset.ProjectSPV:ProjectSPV'], Admin::12209ec33c8f0f879e68d7b113cfa5c10119b345863deaab5c87055c199ab471e774: ['52089ff5e5b1454a0963dedc140a5c6ad3f1a73de423d9076f47b871c8ed6cdd:Sawa.Asset.ProjectSPV:ProjectSPV'], sandbox::12209ec33c8f0f879e68d7b113cfa5c10119b345863deaab5c87055c199ab471e774: ['52089ff5e5b1454a0963dedc140a5c6ad3f1a73de423d9076f47b871c8ed6cdd:Sawa.Asset.ProjectSPV:ProjectSPV'], Investor2::12209ec33c8f0f879e68d7b113cfa5c10119b345863deaab5c87055c199ab471e774: ['52089ff5e5b1454a0963dedc140a5c6ad3f1a73de423d9076f47b871c8ed6cdd:Sawa.Asset.ProjectSPV:ProjectSPV']}.
2026-04-08 00:58:07,971 [canton-env-ec-66] INFO  c.d.c.p.a.s.t.TransactionServiceImpl:participant=sandbox tid:9647091f612029b6f6c91f1c5463197b - Received request for transactions, startExclusive -> '000000000000000012', endInclusive -> '%end%', filters -> {Investor3::12209ec33c8f0f879e68d7b113cfa5c10119b345863deaab5c87055c199ab471e774: ['52089ff5e5b1454a0963dedc140a5c6ad3f1a73de423d9076f47b871c8ed6cdd:Sawa.Asset.ProjectSPV:ProjectSPV'], Operator::12209ec33c8f0f879e68d7b113cfa5c10119b345863deaab5c87055c199ab471e774: ['52089ff5e5b1454a0963dedc140a5c6ad3f1a73de423d9076f47b871c8ed6cdd:Sawa.Asset.ProjectSPV:ProjectSPV'], Investor1::12209ec33c8f0f879e68d7b113cfa5c10119b345863deaab5c87055c199ab471e774: ['52089ff5e5b1454a0963dedc140a5c6ad3f1a73de423d9076f47b871c8ed6cdd:Sawa.Asset.ProjectSPV:ProjectSPV'], Admin::12209ec33c8f0f879e68d7b113cfa5c10119b345863deaab5c87055c199ab471e774: ['52089ff5e5b1454a0963dedc140a5c6ad3f1a73de423d9076f47b871c8ed6cdd:Sawa.Asset.ProjectSPV:ProjectSPV'], sandbox::12209ec33c8f0f879e68d7b113cfa5c10119b345863deaab5c87055c199ab471e774: ['52089ff5e5b1454a0963dedc140a5c6ad3f1a73de423d9076f47b871c8ed6cdd:Sawa.Asset.ProjectSPV:ProjectSPV'], Investor2::12209ec33c8f0f879e68d7b113cfa5c10119b345863deaab5c87055c199ab471e774: ['52089ff5e5b1454a0963dedc140a5c6ad3f1a73de423d9076f47b871c8ed6cdd:Sawa.Asset.ProjectSPV:ProjectSPV']}, verbose -> true, ledgerId -> 'sandbox'.
2026-04-08 00:58:08,352 [canton-env-ec-66] INFO  c.d.c.p.a.s.ApiActiveContractsService:participant=sandbox tid:a3564948024b7957a6a0a771dd19de58 - Received request for active contracts: GetActiveContractsRequest(sandbox,Some(TransactionFilter(HashMap(Investor3::12209ec33c8f0f879e68d7b113cfa5c10119b345863deaab5c87055c199ab471e774 -> Filters(Some(InclusiveFilters(Vector(Identifier(52089ff5e5b1454a0963dedc140a5c6ad3f1a73de423d9076f47b871c8ed6cdd,Sawa.Asset.ProjectSPV,ProjectSPV)),Vector(),Vector()))), Operator::12209ec33c8f0f879e68d7b113cfa5c10119b345863deaab5c87055c199ab471e774 -> Filters(Some(InclusiveFilters(Vector(Identifier(52089ff5e5b1454a0963dedc140a5c6ad3f1a73de423d9076f47b871c8ed6cdd,Sawa.Asset.ProjectSPV,ProjectSPV)),Vector(),Vector()))), Investor1::12209ec33c8f0f879e68d7b113cfa5c10119b345863deaab5c87055c199ab471e774 -> Filters(Some(InclusiveFilters(Vector(Identifier(52089ff5e5b1454a0963dedc140a5c6ad3f1a73de423d9076f47b871c8ed6cdd,Sawa.Asset.ProjectSPV,ProjectSPV)),Vector(),Vector()))), Admin::12209ec33c8f0f879e68d7b113cfa5c10119b345863deaab5c87055c199ab471e774 -> Filters(Some(InclusiveFilters(Vector(Identifier(52089ff5e5b1454a0963dedc140a5c6ad3f1a73de423d9076f47b871c8ed6cdd,Sawa.Asset.ProjectSPV,ProjectSPV)),Vector(),Vector()))), sandbox::12209ec33c8f0f879e68d7b113cfa5c10119b345863deaab5c87055c199ab471e774 -> Filters(Some(InclusiveFilters(Vector(Identifier(52089ff5e5b1454a0963dedc140a5c6ad3f1a73de423d9076f47b871c8ed6cdd,Sawa.Asset.ProjectSPV,ProjectSPV)),Vector(),Vector()))), Investor2::12209ec33c8f0f879e68d7b113cfa5c10119b345863deaab5c87055c199ab471e774 -> Filters(Some(InclusiveFilters(Vector(Identifier(52089ff5e5b1454a0963dedc140a5c6ad3f1a73de423d9076f47b871c8ed6cdd,Sawa.Asset.ProjectSPV,ProjectSPV)),Vector(),Vector())))))),true,), filters -> {Investor3::12209ec33c8f0f879e68d7b113cfa5c10119b345863deaab5c87055c199ab471e774: ['52089ff5e5b1454a0963dedc140a5c6ad3f1a73de423d9076f47b871c8ed6cdd:Sawa.Asset.ProjectSPV:ProjectSPV'], Operator::12209ec33c8f0f879e68d7b113cfa5c10119b345863deaab5c87055c199ab471e774: ['52089ff5e5b1454a0963dedc140a5c6ad3f1a73de423d9076f47b871c8ed6cdd:Sawa.Asset.ProjectSPV:ProjectSPV'], Investor1::12209ec33c8f0f879e68d7b113cfa5c10119b345863deaab5c87055c199ab471e774: ['52089ff5e5b1454a0963dedc140a5c6ad3f1a73de423d9076f47b871c8ed6cdd:Sawa.Asset.ProjectSPV:ProjectSPV'], Admin::12209ec33c8f0f879e68d7b113cfa5c10119b345863deaab5c87055c199ab471e774: ['52089ff5e5b1454a0963dedc140a5c6ad3f1a73de423d9076f47b871c8ed6cdd:Sawa.Asset.ProjectSPV:ProjectSPV'], sandbox::12209ec33c8f0f879e68d7b113cfa5c10119b345863deaab5c87055c199ab471e774: ['52089ff5e5b1454a0963dedc140a5c6ad3f1a73de423d9076f47b871c8ed6cdd:Sawa.Asset.ProjectSPV:ProjectSPV'], Investor2::12209ec33c8f0f879e68d7b113cfa5c10119b345863deaab5c87055c199ab471e774: ['52089ff5e5b1454a0963dedc140a5c6ad3f1a73de423d9076f47b871c8ed6cdd:Sawa.Asset.ProjectSPV:ProjectSPV']}.
2026-04-08 00:58:08,370 [canton-env-ec-29] INFO  c.d.c.p.a.s.ApiActiveContractsService:participant=sandbox tid:0bb72fa2b5396147a56d4aa6260639eb - Received request for active contracts: GetActiveContractsRequest(sandbox,Some(TransactionFilter(HashMap(Investor3::12209ec33c8f0f879e68d7b113cfa5c10119b345863deaab5c87055c199ab471e774 -> Filters(Some(InclusiveFilters(Vector(Identifier(52089ff5e5b1454a0963dedc140a5c6ad3f1a73de423d9076f47b871c8ed6cdd,Sawa.Settlement.WaterfallSettlement,WaterfallState)),Vector(),Vector()))), Operator::12209ec33c8f0f879e68d7b113cfa5c10119b345863deaab5c87055c199ab471e774 -> Filters(Some(InclusiveFilters(Vector(Identifier(52089ff5e5b1454a0963dedc140a5c6ad3f1a73de423d9076f47b871c8ed6cdd,Sawa.Settlement.WaterfallSettlement,WaterfallState)),Vector(),Vector()))), Investor1::12209ec33c8f0f879e68d7b113cfa5c10119b345863deaab5c87055c199ab471e774 -> Filters(Some(InclusiveFilters(Vector(Identifier(52089ff5e5b1454a0963dedc140a5c6ad3f1a73de423d9076f47b871c8ed6cdd,Sawa.Settlement.WaterfallSettlement,WaterfallState)),Vector(),Vector()))), Admin::12209ec33c8f0f879e68d7b113cfa5c10119b345863deaab5c87055c199ab471e774 -> Filters(Some(InclusiveFilters(Vector(Identifier(52089ff5e5b1454a0963dedc140a5c6ad3f1a73de423d9076f47b871c8ed6cdd,Sawa.Settlement.WaterfallSettlement,WaterfallState)),Vector(),Vector()))), sandbox::12209ec33c8f0f879e68d7b113cfa5c10119b345863deaab5c87055c199ab471e774 -> Filters(Some(InclusiveFilters(Vector(Identifier(52089ff5e5b1454a0963dedc140a5c6ad3f1a73de423d9076f47b871c8ed6cdd,Sawa.Settlement.WaterfallSettlement,WaterfallState)),Vector(),Vector()))), Investor2::12209ec33c8f0f879e68d7b113cfa5c10119b345863deaab5c87055c199ab471e774 -> Filters(Some(InclusiveFilters(Vector(Identifier(52089ff5e5b1454a0963dedc140a5c6ad3f1a73de423d9076f47b871c8ed6cdd,Sawa.Settlement.WaterfallSettlement,WaterfallState)),Vector(),Vector())))))),true,), filters -> {Investor3::12209ec33c8f0f879e68d7b113cfa5c10119b345863deaab5c87055c199ab471e774: ['52089ff5e5b1454a0963dedc140a5c6ad3f1a73de423d9076f47b871c8ed6cdd:Sawa.Settlement.WaterfallSettlement:WaterfallState'], Operator::12209ec33c8f0f879e68d7b113cfa5c10119b345863deaab5c87055c199ab471e774: ['52089ff5e5b1454a0963dedc140a5c6ad3f1a73de423d9076f47b871c8ed6cdd:Sawa.Settlement.WaterfallSettlement:WaterfallState'], Investor1::12209ec33c8f0f879e68d7b113cfa5c10119b345863deaab5c87055c199ab471e774: ['52089ff5e5b1454a0963dedc140a5c6ad3f1a73de423d9076f47b871c8ed6cdd:Sawa.Settlement.WaterfallSettlement:WaterfallState'], Admin::12209ec33c8f0f879e68d7b113cfa5c10119b345863deaab5c87055c199ab471e774: ['52089ff5e5b1454a0963dedc140a5c6ad3f1a73de423d9076f47b871c8ed6cdd:Sawa.Settlement.WaterfallSettlement:WaterfallState'], sandbox::12209ec33c8f0f879e68d7b113cfa5c10119b345863deaab5c87055c199ab471e774: ['52089ff5e5b1454a0963dedc140a5c6ad3f1a73de423d9076f47b871c8ed6cdd:Sawa.Settlement.WaterfallSettlement:WaterfallState'], Investor2::12209ec33c8f0f879e68d7b113cfa5c10119b345863deaab5c87055c199ab471e774: ['52089ff5e5b1454a0963dedc140a5c6ad3f1a73de423d9076f47b871c8ed6cdd:Sawa.Settlement.WaterfallSettlement:WaterfallState']}.
2026-04-08 00:58:08,443 [canton-env-ec-66] INFO  c.d.c.p.a.s.t.TransactionServiceImpl:participant=sandbox tid:eb798bab35dc01607b54bb07094946ab - Received request for transactions, startExclusive -> '000000000000000012', endInclusive -> '%end%', filters -> {Investor3::12209ec33c8f0f879e68d7b113cfa5c10119b345863deaab5c87055c199ab471e774: ['52089ff5e5b1454a0963dedc140a5c6ad3f1a73de423d9076f47b871c8ed6cdd:Sawa.Settlement.WaterfallSettlement:WaterfallState'], Operator::12209ec33c8f0f879e68d7b113cfa5c10119b345863deaab5c87055c199ab471e774: ['52089ff5e5b1454a0963dedc140a5c6ad3f1a73de423d9076f47b871c8ed6cdd:Sawa.Settlement.WaterfallSettlement:WaterfallState'], Investor1::12209ec33c8f0f879e68d7b113cfa5c10119b345863deaab5c87055c199ab471e774: ['52089ff5e5b1454a0963dedc140a5c6ad3f1a73de423d9076f47b871c8ed6cdd:Sawa.Settlement.WaterfallSettlement:WaterfallState'], Admin::12209ec33c8f0f879e68d7b113cfa5c10119b345863deaab5c87055c199ab471e774: ['52089ff5e5b1454a0963dedc140a5c6ad3f1a73de423d9076f47b871c8ed6cdd:Sawa.Settlement.WaterfallSettlement:WaterfallState'], sandbox::12209ec33c8f0f879e68d7b113cfa5c10119b345863deaab5c87055c199ab471e774: ['52089ff5e5b1454a0963dedc140a5c6ad3f1a73de423d9076f47b871c8ed6cdd:Sawa.Settlement.WaterfallSettlement:WaterfallState'], Investor2::12209ec33c8f0f879e68d7b113cfa5c10119b345863deaab5c87055c199ab471e774: ['52089ff5e5b1454a0963dedc140a5c6ad3f1a73de423d9076f47b871c8ed6cdd:Sawa.Settlement.WaterfallSettlement:WaterfallState']}, verbose -> true, ledgerId -> 'sandbox'.
2026-04-08 00:58:08,458 [canton-env-ec-40] INFO  c.d.c.p.a.s.t.TransactionServiceImpl:participant=sandbox tid:f557638b580fa6c866268ae5eda00633 - Received request for transactions, startExclusive -> '000000000000000012', endInclusive -> '%end%', filters -> {Investor3::12209ec33c8f0f879e68d7b113cfa5c10119b345863deaab5c87055c199ab471e774: ['52089ff5e5b1454a0963dedc140a5c6ad3f1a73de423d9076f47b871c8ed6cdd:Sawa.Asset.ProjectSPV:ProjectSPV'], Operator::12209ec33c8f0f879e68d7b113cfa5c10119b345863deaab5c87055c199ab471e774: ['52089ff5e5b1454a0963dedc140a5c6ad3f1a73de423d9076f47b871c8ed6cdd:Sawa.Asset.ProjectSPV:ProjectSPV'], Investor1::12209ec33c8f0f879e68d7b113cfa5c10119b345863deaab5c87055c199ab471e774: ['52089ff5e5b1454a0963dedc140a5c6ad3f1a73de423d9076f47b871c8ed6cdd:Sawa.Asset.ProjectSPV:ProjectSPV'], Admin::12209ec33c8f0f879e68d7b113cfa5c10119b345863deaab5c87055c199ab471e774: ['52089ff5e5b1454a0963dedc140a5c6ad3f1a73de423d9076f47b871c8ed6cdd:Sawa.Asset.ProjectSPV:ProjectSPV'], sandbox::12209ec33c8f0f879e68d7b113cfa5c10119b345863deaab5c87055c199ab471e774: ['52089ff5e5b1454a0963dedc140a5c6ad3f1a73de423d9076f47b871c8ed6cdd:Sawa.Asset.ProjectSPV:ProjectSPV'], Investor2::12209ec33c8f0f879e68d7b113cfa5c10119b345863deaab5c87055c199ab471e774: ['52089ff5e5b1454a0963dedc140a5c6ad3f1a73de423d9076f47b871c8ed6cdd:Sawa.Asset.ProjectSPV:ProjectSPV']}, verbose -> true, ledgerId -> 'sandbox'.
2026-04-08 00:58:08,608 [canton-env-ec-40] INFO  c.d.c.p.a.s.ApiActiveContractsService:participant=sandbox tid:39d65808fd2a6abf30867195226243f8 - Received request for active contracts: GetActiveContractsRequest(sandbox,Some(TransactionFilter(HashMap(Investor3::12209ec33c8f0f879e68d7b113cfa5c10119b345863deaab5c87055c199ab471e774 -> Filters(Some(InclusiveFilters(Vector(Identifier(52089ff5e5b1454a0963dedc140a5c6ad3f1a73de423d9076f47b871c8ed6cdd,Sawa.Settlement.WaterfallSettlement,OperatorToken)),Vector(),Vector()))), Operator::12209ec33c8f0f879e68d7b113cfa5c10119b345863deaab5c87055c199ab471e774 -> Filters(Some(InclusiveFilters(Vector(Identifier(52089ff5e5b1454a0963dedc140a5c6ad3f1a73de423d9076f47b871c8ed6cdd,Sawa.Settlement.WaterfallSettlement,OperatorToken)),Vector(),Vector()))), Investor1::12209ec33c8f0f879e68d7b113cfa5c10119b345863deaab5c87055c199ab471e774 -> Filters(Some(InclusiveFilters(Vector(Identifier(52089ff5e5b1454a0963dedc140a5c6ad3f1a73de423d9076f47b871c8ed6cdd,Sawa.Settlement.WaterfallSettlement,OperatorToken)),Vector(),Vector()))), Admin::12209ec33c8f0f879e68d7b113cfa5c10119b345863deaab5c87055c199ab471e774 -> Filters(Some(InclusiveFilters(Vector(Identifier(52089ff5e5b1454a0963dedc140a5c6ad3f1a73de423d9076f47b871c8ed6cdd,Sawa.Settlement.WaterfallSettlement,OperatorToken)),Vector(),Vector()))), sandbox::12209ec33c8f0f879e68d7b113cfa5c10119b345863deaab5c87055c199ab471e774 -> Filters(Some(InclusiveFilters(Vector(Identifier(52089ff5e5b1454a0963dedc140a5c6ad3f1a73de423d9076f47b871c8ed6cdd,Sawa.Settlement.WaterfallSettlement,OperatorToken)),Vector(),Vector()))), Investor2::12209ec33c8f0f879e68d7b113cfa5c10119b345863deaab5c87055c199ab471e774 -> Filters(Some(InclusiveFilters(Vector(Identifier(52089ff5e5b1454a0963dedc140a5c6ad3f1a73de423d9076f47b871c8ed6cdd,Sawa.Settlement.WaterfallSettlement,OperatorToken)),Vector(),Vector())))))),true,), filters -> {Investor3::12209ec33c8f0f879e68d7b113cfa5c10119b345863deaab5c87055c199ab471e774: ['52089ff5e5b1454a0963dedc140a5c6ad3f1a73de423d9076f47b871c8ed6cdd:Sawa.Settlement.WaterfallSettlement:OperatorToken'], Operator::12209ec33c8f0f879e68d7b113cfa5c10119b345863deaab5c87055c199ab471e774: ['52089ff5e5b1454a0963dedc140a5c6ad3f1a73de423d9076f47b871c8ed6cdd:Sawa.Settlement.WaterfallSettlement:OperatorToken'], Investor1::12209ec33c8f0f879e68d7b113cfa5c10119b345863deaab5c87055c199ab471e774: ['52089ff5e5b1454a0963dedc140a5c6ad3f1a73de423d9076f47b871c8ed6cdd:Sawa.Settlement.WaterfallSettlement:OperatorToken'], Admin::12209ec33c8f0f879e68d7b113cfa5c10119b345863deaab5c87055c199ab471e774: ['52089ff5e5b1454a0963dedc140a5c6ad3f1a73de423d9076f47b871c8ed6cdd:Sawa.Settlement.WaterfallSettlement:OperatorToken'], sandbox::12209ec33c8f0f879e68d7b113cfa5c10119b345863deaab5c87055c199ab471e774: ['52089ff5e5b1454a0963dedc140a5c6ad3f1a73de423d9076f47b871c8ed6cdd:Sawa.Settlement.WaterfallSettlement:OperatorToken'], Investor2::12209ec33c8f0f879e68d7b113cfa5c10119b345863deaab5c87055c199ab471e774: ['52089ff5e5b1454a0963dedc140a5c6ad3f1a73de423d9076f47b871c8ed6cdd:Sawa.Settlement.WaterfallSettlement:OperatorToken']}.
2026-04-08 00:58:08,644 [canton-env-ec-29] INFO  c.d.c.p.a.s.t.TransactionServiceImpl:participant=sandbox tid:20c9134594bd67dd5e8e7a8a5c9a617c - Received request for transactions, startExclusive -> '000000000000000012', endInclusive -> '%end%', filters -> {Investor3::12209ec33c8f0f879e68d7b113cfa5c10119b345863deaab5c87055c199ab471e774: ['52089ff5e5b1454a0963dedc140a5c6ad3f1a73de423d9076f47b871c8ed6cdd:Sawa.Settlement.WaterfallSettlement:OperatorToken'], Operator::12209ec33c8f0f879e68d7b113cfa5c10119b345863deaab5c87055c199ab471e774: ['52089ff5e5b1454a0963dedc140a5c6ad3f1a73de423d9076f47b871c8ed6cdd:Sawa.Settlement.WaterfallSettlement:OperatorToken'], Investor1::12209ec33c8f0f879e68d7b113cfa5c10119b345863deaab5c87055c199ab471e774: ['52089ff5e5b1454a0963dedc140a5c6ad3f1a73de423d9076f47b871c8ed6cdd:Sawa.Settlement.WaterfallSettlement:OperatorToken'], Admin::12209ec33c8f0f879e68d7b113cfa5c10119b345863deaab5c87055c199ab471e774: ['52089ff5e5b1454a0963dedc140a5c6ad3f1a73de423d9076f47b871c8ed6cdd:Sawa.Settlement.WaterfallSettlement:OperatorToken'], sandbox::12209ec33c8f0f879e68d7b113cfa5c10119b345863deaab5c87055c199ab471e774: ['52089ff5e5b1454a0963dedc140a5c6ad3f1a73de423d9076f47b871c8ed6cdd:Sawa.Settlement.WaterfallSettlement:OperatorToken'], Investor2::12209ec33c8f0f879e68d7b113cfa5c10119b345863deaab5c87055c199ab471e774: ['52089ff5e5b1454a0963dedc140a5c6ad3f1a73de423d9076f47b871c8ed6cdd:Sawa.Settlement.WaterfallSettlement:OperatorToken']}, verbose -> true, ledgerId -> 'sandbox'.
2026-04-08 00:58:08,830 [canton-env-ec-23] INFO  c.d.c.p.a.s.ApiActiveContractsService:participant=sandbox tid:b6f5f143542d8291e8cc0e2659773c7b - Received request for active contracts: GetActiveContractsRequest(sandbox,Some(TransactionFilter(HashMap(Investor3::12209ec33c8f0f879e68d7b113cfa5c10119b345863deaab5c87055c199ab471e774 -> Filters(Some(InclusiveFilters(Vector(Identifier(52089ff5e5b1454a0963dedc140a5c6ad3f1a73de423d9076f47b871c8ed6cdd,Sawa.Settlement.WaterfallSettlement,WaterfallState)),Vector(),Vector()))), Operator::12209ec33c8f0f879e68d7b113cfa5c10119b345863deaab5c87055c199ab471e774 -> Filters(Some(InclusiveFilters(Vector(Identifier(52089ff5e5b1454a0963dedc140a5c6ad3f1a73de423d9076f47b871c8ed6cdd,Sawa.Settlement.WaterfallSettlement,WaterfallState)),Vector(),Vector()))), Investor1::12209ec33c8f0f879e68d7b113cfa5c10119b345863deaab5c87055c199ab471e774 -> Filters(Some(InclusiveFilters(Vector(Identifier(52089ff5e5b1454a0963dedc140a5c6ad3f1a73de423d9076f47b871c8ed6cdd,Sawa.Settlement.WaterfallSettlement,WaterfallState)),Vector(),Vector()))), Admin::12209ec33c8f0f879e68d7b113cfa5c10119b345863deaab5c87055c199ab471e774 -> Filters(Some(InclusiveFilters(Vector(Identifier(52089ff5e5b1454a0963dedc140a5c6ad3f1a73de423d9076f47b871c8ed6cdd,Sawa.Settlement.WaterfallSettlement,WaterfallState)),Vector(),Vector()))), sandbox::12209ec33c8f0f879e68d7b113cfa5c10119b345863deaab5c87055c199ab471e774 -> Filters(Some(InclusiveFilters(Vector(Identifier(52089ff5e5b1454a0963dedc140a5c6ad3f1a73de423d9076f47b871c8ed6cdd,Sawa.Settlement.WaterfallSettlement,WaterfallState)),Vector(),Vector()))), Investor2::12209ec33c8f0f879e68d7b113cfa5c10119b345863deaab5c87055c199ab471e774 -> Filters(Some(InclusiveFilters(Vector(Identifier(52089ff5e5b1454a0963dedc140a5c6ad3f1a73de423d9076f47b871c8ed6cdd,Sawa.Settlement.WaterfallSettlement,WaterfallState)),Vector(),Vector())))))),true,), filters -> {Investor3::12209ec33c8f0f879e68d7b113cfa5c10119b345863deaab5c87055c199ab471e774: ['52089ff5e5b1454a0963dedc140a5c6ad3f1a73de423d9076f47b871c8ed6cdd:Sawa.Settlement.WaterfallSettlement:WaterfallState'], Operator::12209ec33c8f0f879e68d7b113cfa5c10119b345863deaab5c87055c199ab471e774: ['52089ff5e5b1454a0963dedc140a5c6ad3f1a73de423d9076f47b871c8ed6cdd:Sawa.Settlement.WaterfallSettlement:WaterfallState'], Investor1::12209ec33c8f0f879e68d7b113cfa5c10119b345863deaab5c87055c199ab471e774: ['52089ff5e5b1454a0963dedc140a5c6ad3f1a73de423d9076f47b871c8ed6cdd:Sawa.Settlement.WaterfallSettlement:WaterfallState'], Admin::12209ec33c8f0f879e68d7b113cfa5c10119b345863deaab5c87055c199ab471e774: ['52089ff5e5b1454a0963dedc140a5c6ad3f1a73de423d9076f47b871c8ed6cdd:Sawa.Settlement.WaterfallSettlement:WaterfallState'], sandbox::12209ec33c8f0f879e68d7b113cfa5c10119b345863deaab5c87055c199ab471e774: ['52089ff5e5b1454a0963dedc140a5c6ad3f1a73de423d9076f47b871c8ed6cdd:Sawa.Settlement.WaterfallSettlement:WaterfallState'], Investor2::12209ec33c8f0f879e68d7b113cfa5c10119b345863deaab5c87055c199ab471e774: ['52089ff5e5b1454a0963dedc140a5c6ad3f1a73de423d9076f47b871c8ed6cdd:Sawa.Settlement.WaterfallSettlement:WaterfallState']}.
2026-04-08 00:58:08,905 [canton-env-ec-40] INFO  c.d.c.p.a.s.t.TransactionServiceImpl:participant=sandbox tid:c72b5a34ed70343b70b07dad0df75635 - Received request for transactions, startExclusive -> '000000000000000012', endInclusive -> '%end%', filters -> {Investor3::12209ec33c8f0f879e68d7b113cfa5c10119b345863deaab5c87055c199ab471e774: ['52089ff5e5b1454a0963dedc140a5c6ad3f1a73de423d9076f47b871c8ed6cdd:Sawa.Settlement.WaterfallSettlement:WaterfallState'], Operator::12209ec33c8f0f879e68d7b113cfa5c10119b345863deaab5c87055c199ab471e774: ['52089ff5e5b1454a0963dedc140a5c6ad3f1a73de423d9076f47b871c8ed6cdd:Sawa.Settlement.WaterfallSettlement:WaterfallState'], Investor1::12209ec33c8f0f879e68d7b113cfa5c10119b345863deaab5c87055c199ab471e774: ['52089ff5e5b1454a0963dedc140a5c6ad3f1a73de423d9076f47b871c8ed6cdd:Sawa.Settlement.WaterfallSettlement:WaterfallState'], Admin::12209ec33c8f0f879e68d7b113cfa5c10119b345863deaab5c87055c199ab471e774: ['52089ff5e5b1454a0963dedc140a5c6ad3f1a73de423d9076f47b871c8ed6cdd:Sawa.Settlement.WaterfallSettlement:WaterfallState'], sandbox::12209ec33c8f0f879e68d7b113cfa5c10119b345863deaab5c87055c199ab471e774: ['52089ff5e5b1454a0963dedc140a5c6ad3f1a73de423d9076f47b871c8ed6cdd:Sawa.Settlement.WaterfallSettlement:WaterfallState'], Investor2::12209ec33c8f0f879e68d7b113cfa5c10119b345863deaab5c87055c199ab471e774: ['52089ff5e5b1454a0963dedc140a5c6ad3f1a73de423d9076f47b871c8ed6cdd:Sawa.Settlement.WaterfallSettlement:WaterfallState']}, verbose -> true, ledgerId -> 'sandbox'.
2026-04-08 00:58:08,911 [canton-env-ec-29] INFO  c.d.c.p.a.s.ApiActiveContractsService:participant=sandbox tid:01282882f323e0074da0c43c938e93a9 - Received request for active contracts: GetActiveContractsRequest(sandbox,Some(TransactionFilter(HashMap(Investor3::12209ec33c8f0f879e68d7b113cfa5c10119b345863deaab5c87055c199ab471e774 -> Filters(Some(InclusiveFilters(Vector(Identifier(52089ff5e5b1454a0963dedc140a5c6ad3f1a73de423d9076f47b871c8ed6cdd,Sawa.Settlement.WaterfallSettlement,DevFeeDisbursement)),Vector(),Vector()))), Operator::12209ec33c8f0f879e68d7b113cfa5c10119b345863deaab5c87055c199ab471e774 -> Filters(Some(InclusiveFilters(Vector(Identifier(52089ff5e5b1454a0963dedc140a5c6ad3f1a73de423d9076f47b871c8ed6cdd,Sawa.Settlement.WaterfallSettlement,DevFeeDisbursement)),Vector(),Vector()))), Investor1::12209ec33c8f0f879e68d7b113cfa5c10119b345863deaab5c87055c199ab471e774 -> Filters(Some(InclusiveFilters(Vector(Identifier(52089ff5e5b1454a0963dedc140a5c6ad3f1a73de423d9076f47b871c8ed6cdd,Sawa.Settlement.WaterfallSettlement,DevFeeDisbursement)),Vector(),Vector()))), Admin::12209ec33c8f0f879e68d7b113cfa5c10119b345863deaab5c87055c199ab471e774 -> Filters(Some(InclusiveFilters(Vector(Identifier(52089ff5e5b1454a0963dedc140a5c6ad3f1a73de423d9076f47b871c8ed6cdd,Sawa.Settlement.WaterfallSettlement,DevFeeDisbursement)),Vector(),Vector()))), sandbox::12209ec33c8f0f879e68d7b113cfa5c10119b345863deaab5c87055c199ab471e774 -> Filters(Some(InclusiveFilters(Vector(Identifier(52089ff5e5b1454a0963dedc140a5c6ad3f1a73de423d9076f47b871c8ed6cdd,Sawa.Settlement.WaterfallSettlement,DevFeeDisbursement)),Vector(),Vector()))), Investor2::12209ec33c8f0f879e68d7b113cfa5c10119b345863deaab5c87055c199ab471e774 -> Filters(Some(InclusiveFilters(Vector(Identifier(52089ff5e5b1454a0963dedc140a5c6ad3f1a73de423d9076f47b871c8ed6cdd,Sawa.Settlement.WaterfallSettlement,DevFeeDisbursement)),Vector(),Vector())))))),true,), filters -> {Investor3::12209ec33c8f0f879e68d7b113cfa5c10119b345863deaab5c87055c199ab471e774: ['52089ff5e5b1454a0963dedc140a5c6ad3f1a73de423d9076f47b871c8ed6cdd:Sawa.Settlement.WaterfallSettlement:DevFeeDisbursement'], Operator::12209ec33c8f0f879e68d7b113cfa5c10119b345863deaab5c87055c199ab471e774: ['52089ff5e5b1454a0963dedc140a5c6ad3f1a73de423d9076f47b871c8ed6cdd:Sawa.Settlement.WaterfallSettlement:DevFeeDisbursement'], Investor1::12209ec33c8f0f879e68d7b113cfa5c10119b345863deaab5c87055c199ab471e774: ['52089ff5e5b1454a0963dedc140a5c6ad3f1a73de423d9076f47b871c8ed6cdd:Sawa.Settlement.WaterfallSettlement:DevFeeDisbursement'], Admin::12209ec33c8f0f879e68d7b113cfa5c10119b345863deaab5c87055c199ab471e774: ['52089ff5e5b1454a0963dedc140a5c6ad3f1a73de423d9076f47b871c8ed6cdd:Sawa.Settlement.WaterfallSettlement:DevFeeDisbursement'], sandbox::12209ec33c8f0f879e68d7b113cfa5c10119b345863deaab5c87055c199ab471e774: ['52089ff5e5b1454a0963dedc140a5c6ad3f1a73de423d9076f47b871c8ed6cdd:Sawa.Settlement.WaterfallSettlement:DevFeeDisbursement'], Investor2::12209ec33c8f0f879e68d7b113cfa5c10119b345863deaab5c87055c199ab471e774: ['52089ff5e5b1454a0963dedc140a5c6ad3f1a73de423d9076f47b871c8ed6cdd:Sawa.Settlement.WaterfallSettlement:DevFeeDisbursement']}.
2026-04-08 00:58:09,026 [canton-env-ec-29] INFO  c.d.c.p.a.s.t.TransactionServiceImpl:participant=sandbox tid:e13c053c4bc7a4a64abd9c7305484f6a - Received request for transactions, startExclusive -> '000000000000000012', endInclusive -> '%end%', filters -> {Investor3::12209ec33c8f0f879e68d7b113cfa5c10119b345863deaab5c87055c199ab471e774: ['52089ff5e5b1454a0963dedc140a5c6ad3f1a73de423d9076f47b871c8ed6cdd:Sawa.Settlement.WaterfallSettlement:DevFeeDisbursement'], Operator::12209ec33c8f0f879e68d7b113cfa5c10119b345863deaab5c87055c199ab471e774: ['52089ff5e5b1454a0963dedc140a5c6ad3f1a73de423d9076f47b871c8ed6cdd:Sawa.Settlement.WaterfallSettlement:DevFeeDisbursement'], Investor1::12209ec33c8f0f879e68d7b113cfa5c10119b345863deaab5c87055c199ab471e774: ['52089ff5e5b1454a0963dedc140a5c6ad3f1a73de423d9076f47b871c8ed6cdd:Sawa.Settlement.WaterfallSettlement:DevFeeDisbursement'], Admin::12209ec33c8f0f879e68d7b113cfa5c10119b345863deaab5c87055c199ab471e774: ['52089ff5e5b1454a0963dedc140a5c6ad3f1a73de423d9076f47b871c8ed6cdd:Sawa.Settlement.WaterfallSettlement:DevFeeDisbursement'], sandbox::12209ec33c8f0f879e68d7b113cfa5c10119b345863deaab5c87055c199ab471e774: ['52089ff5e5b1454a0963dedc140a5c6ad3f1a73de423d9076f47b871c8ed6cdd:Sawa.Settlement.WaterfallSettlement:DevFeeDisbursement'], Investor2::12209ec33c8f0f879e68d7b113cfa5c10119b345863deaab5c87055c199ab471e774: ['52089ff5e5b1454a0963dedc140a5c6ad3f1a73de423d9076f47b871c8ed6cdd:Sawa.Settlement.WaterfallSettlement:DevFeeDisbursement']}, verbose -> true, ledgerId -> 'sandbox'.
2026-04-08 00:58:09,099 [canton-env-ec-29] INFO  c.d.c.p.a.s.ApiActiveContractsService:participant=sandbox tid:0ccf2cb347bfec06bfcb9df9a2a9a9bc - Received request for active contracts: GetActiveContractsRequest(sandbox,Some(TransactionFilter(HashMap(Investor3::12209ec33c8f0f879e68d7b113cfa5c10119b345863deaab5c87055c199ab471e774 -> Filters(Some(InclusiveFilters(Vector(Identifier(52089ff5e5b1454a0963dedc140a5c6ad3f1a73de423d9076f47b871c8ed6cdd,Sawa.Settlement.WaterfallSettlement,OperatorToken)),Vector(),Vector()))), Operator::12209ec33c8f0f879e68d7b113cfa5c10119b345863deaab5c87055c199ab471e774 -> Filters(Some(InclusiveFilters(Vector(Identifier(52089ff5e5b1454a0963dedc140a5c6ad3f1a73de423d9076f47b871c8ed6cdd,Sawa.Settlement.WaterfallSettlement,OperatorToken)),Vector(),Vector()))), Investor1::12209ec33c8f0f879e68d7b113cfa5c10119b345863deaab5c87055c199ab471e774 -> Filters(Some(InclusiveFilters(Vector(Identifier(52089ff5e5b1454a0963dedc140a5c6ad3f1a73de423d9076f47b871c8ed6cdd,Sawa.Settlement.WaterfallSettlement,OperatorToken)),Vector(),Vector()))), Admin::12209ec33c8f0f879e68d7b113cfa5c10119b345863deaab5c87055c199ab471e774 -> Filters(Some(InclusiveFilters(Vector(Identifier(52089ff5e5b1454a0963dedc140a5c6ad3f1a73de423d9076f47b871c8ed6cdd,Sawa.Settlement.WaterfallSettlement,OperatorToken)),Vector(),Vector()))), sandbox::12209ec33c8f0f879e68d7b113cfa5c10119b345863deaab5c87055c199ab471e774 -> Filters(Some(InclusiveFilters(Vector(Identifier(52089ff5e5b1454a0963dedc140a5c6ad3f1a73de423d9076f47b871c8ed6cdd,Sawa.Settlement.WaterfallSettlement,OperatorToken)),Vector(),Vector()))), Investor2::12209ec33c8f0f879e68d7b113cfa5c10119b345863deaab5c87055c199ab471e774 -> Filters(Some(InclusiveFilters(Vector(Identifier(52089ff5e5b1454a0963dedc140a5c6ad3f1a73de423d9076f47b871c8ed6cdd,Sawa.Settlement.WaterfallSettlement,OperatorToken)),Vector(),Vector())))))),true,), filters -> {Investor3::12209ec33c8f0f879e68d7b113cfa5c10119b345863deaab5c87055c199ab471e774: ['52089ff5e5b1454a0963dedc140a5c6ad3f1a73de423d9076f47b871c8ed6cdd:Sawa.Settlement.WaterfallSettlement:OperatorToken'], Operator::12209ec33c8f0f879e68d7b113cfa5c10119b345863deaab5c87055c199ab471e774: ['52089ff5e5b1454a0963dedc140a5c6ad3f1a73de423d9076f47b871c8ed6cdd:Sawa.Settlement.WaterfallSettlement:OperatorToken'], Investor1::12209ec33c8f0f879e68d7b113cfa5c10119b345863deaab5c87055c199ab471e774: ['52089ff5e5b1454a0963dedc140a5c6ad3f1a73de423d9076f47b871c8ed6cdd:Sawa.Settlement.WaterfallSettlement:OperatorToken'], Admin::12209ec33c8f0f879e68d7b113cfa5c10119b345863deaab5c87055c199ab471e774: ['52089ff5e5b1454a0963dedc140a5c6ad3f1a73de423d9076f47b871c8ed6cdd:Sawa.Settlement.WaterfallSettlement:OperatorToken'], sandbox::12209ec33c8f0f879e68d7b113cfa5c10119b345863deaab5c87055c199ab471e774: ['52089ff5e5b1454a0963dedc140a5c6ad3f1a73de423d9076f47b871c8ed6cdd:Sawa.Settlement.WaterfallSettlement:OperatorToken'], Investor2::12209ec33c8f0f879e68d7b113cfa5c10119b345863deaab5c87055c199ab471e774: ['52089ff5e5b1454a0963dedc140a5c6ad3f1a73de423d9076f47b871c8ed6cdd:Sawa.Settlement.WaterfallSettlement:OperatorToken']}.
2026-04-08 00:58:09,140 [canton-env-ec-40] INFO  c.d.c.p.a.s.t.TransactionServiceImpl:participant=sandbox tid:ade57e2755343122069f8317055925a3 - Received request for transactions, startExclusive -> '000000000000000012', endInclusive -> '%end%', filters -> {Investor3::12209ec33c8f0f879e68d7b113cfa5c10119b345863deaab5c87055c199ab471e774: ['52089ff5e5b1454a0963dedc140a5c6ad3f1a73de423d9076f47b871c8ed6cdd:Sawa.Settlement.WaterfallSettlement:OperatorToken'], Operator::12209ec33c8f0f879e68d7b113cfa5c10119b345863deaab5c87055c199ab471e774: ['52089ff5e5b1454a0963dedc140a5c6ad3f1a73de423d9076f47b871c8ed6cdd:Sawa.Settlement.WaterfallSettlement:OperatorToken'], Investor1::12209ec33c8f0f879e68d7b113cfa5c10119b345863deaab5c87055c199ab471e774: ['52089ff5e5b1454a0963dedc140a5c6ad3f1a73de423d9076f47b871c8ed6cdd:Sawa.Settlement.WaterfallSettlement:OperatorToken'], Admin::12209ec33c8f0f879e68d7b113cfa5c10119b345863deaab5c87055c199ab471e774: ['52089ff5e5b1454a0963dedc140a5c6ad3f1a73de423d9076f47b871c8ed6cdd:Sawa.Settlement.WaterfallSettlement:OperatorToken'], sandbox::12209ec33c8f0f879e68d7b113cfa5c10119b345863deaab5c87055c199ab471e774: ['52089ff5e5b1454a0963dedc140a5c6ad3f1a73de423d9076f47b871c8ed6cdd:Sawa.Settlement.WaterfallSettlement:OperatorToken'], Investor2::12209ec33c8f0f879e68d7b113cfa5c10119b345863deaab5c87055c199ab471e774: ['52089ff5e5b1454a0963dedc140a5c6ad3f1a73de423d9076f47b871c8ed6cdd:Sawa.Settlement.WaterfallSettlement:OperatorToken']}, verbose -> true, ledgerId -> 'sandbox'.
2026-04-08 00:58:09,519 [canton-env-ec-40] INFO  c.d.c.p.a.s.ApiActiveContractsService:participant=sandbox tid:a549b684432ebd97d221e15def480cc1 - Received request for active contracts: GetActiveContractsRequest(sandbox,Some(TransactionFilter(HashMap(Investor3::12209ec33c8f0f879e68d7b113cfa5c10119b345863deaab5c87055c199ab471e774 -> Filters(Some(InclusiveFilters(Vector(Identifier(52089ff5e5b1454a0963dedc140a5c6ad3f1a73de423d9076f47b871c8ed6cdd,Sawa.Settlement.WaterfallSettlement,DevFeeDisbursement)),Vector(),Vector()))), Operator::12209ec33c8f0f879e68d7b113cfa5c10119b345863deaab5c87055c199ab471e774 -> Filters(Some(InclusiveFilters(Vector(Identifier(52089ff5e5b1454a0963dedc140a5c6ad3f1a73de423d9076f47b871c8ed6cdd,Sawa.Settlement.WaterfallSettlement,DevFeeDisbursement)),Vector(),Vector()))), Investor1::12209ec33c8f0f879e68d7b113cfa5c10119b345863deaab5c87055c199ab471e774 -> Filters(Some(InclusiveFilters(Vector(Identifier(52089ff5e5b1454a0963dedc140a5c6ad3f1a73de423d9076f47b871c8ed6cdd,Sawa.Settlement.WaterfallSettlement,DevFeeDisbursement)),Vector(),Vector()))), Admin::12209ec33c8f0f879e68d7b113cfa5c10119b345863deaab5c87055c199ab471e774 -> Filters(Some(InclusiveFilters(Vector(Identifier(52089ff5e5b1454a0963dedc140a5c6ad3f1a73de423d9076f47b871c8ed6cdd,Sawa.Settlement.WaterfallSettlement,DevFeeDisbursement)),Vector(),Vector()))), sandbox::12209ec33c8f0f879e68d7b113cfa5c10119b345863deaab5c87055c199ab471e774 -> Filters(Some(InclusiveFilters(Vector(Identifier(52089ff5e5b1454a0963dedc140a5c6ad3f1a73de423d9076f47b871c8ed6cdd,Sawa.Settlement.WaterfallSettlement,DevFeeDisbursement)),Vector(),Vector()))), Investor2::12209ec33c8f0f879e68d7b113cfa5c10119b345863deaab5c87055c199ab471e774 -> Filters(Some(InclusiveFilters(Vector(Identifier(52089ff5e5b1454a0963dedc140a5c6ad3f1a73de423d9076f47b871c8ed6cdd,Sawa.Settlement.WaterfallSettlement,DevFeeDisbursement)),Vector(),Vector())))))),true,), filters -> {Investor3::12209ec33c8f0f879e68d7b113cfa5c10119b345863deaab5c87055c199ab471e774: ['52089ff5e5b1454a0963dedc140a5c6ad3f1a73de423d9076f47b871c8ed6cdd:Sawa.Settlement.WaterfallSettlement:DevFeeDisbursement'], Operator::12209ec33c8f0f879e68d7b113cfa5c10119b345863deaab5c87055c199ab471e774: ['52089ff5e5b1454a0963dedc140a5c6ad3f1a73de423d9076f47b871c8ed6cdd:Sawa.Settlement.WaterfallSettlement:DevFeeDisbursement'], Investor1::12209ec33c8f0f879e68d7b113cfa5c10119b345863deaab5c87055c199ab471e774: ['52089ff5e5b1454a0963dedc140a5c6ad3f1a73de423d9076f47b871c8ed6cdd:Sawa.Settlement.WaterfallSettlement:DevFeeDisbursement'], Admin::12209ec33c8f0f879e68d7b113cfa5c10119b345863deaab5c87055c199ab471e774: ['52089ff5e5b1454a0963dedc140a5c6ad3f1a73de423d9076f47b871c8ed6cdd:Sawa.Settlement.WaterfallSettlement:DevFeeDisbursement'], sandbox::12209ec33c8f0f879e68d7b113cfa5c10119b345863deaab5c87055c199ab471e774: ['52089ff5e5b1454a0963dedc140a5c6ad3f1a73de423d9076f47b871c8ed6cdd:Sawa.Settlement.WaterfallSettlement:DevFeeDisbursement'], Investor2::12209ec33c8f0f879e68d7b113cfa5c10119b345863deaab5c87055c199ab471e774: ['52089ff5e5b1454a0963dedc140a5c6ad3f1a73de423d9076f47b871c8ed6cdd:Sawa.Settlement.WaterfallSettlement:DevFeeDisbursement']}.
2026-04-08 00:58:09,549 [canton-env-ec-40] INFO  c.d.c.p.a.s.t.TransactionServiceImpl:participant=sandbox tid:6d5f61c29dc51c947f276e9e92099171 - Received request for transactions, startExclusive -> '000000000000000012', endInclusive -> '%end%', filters -> {Investor3::12209ec33c8f0f879e68d7b113cfa5c10119b345863deaab5c87055c199ab471e774: ['52089ff5e5b1454a0963dedc140a5c6ad3f1a73de423d9076f47b871c8ed6cdd:Sawa.Settlement.WaterfallSettlement:DevFeeDisbursement'], Operator::12209ec33c8f0f879e68d7b113cfa5c10119b345863deaab5c87055c199ab471e774: ['52089ff5e5b1454a0963dedc140a5c6ad3f1a73de423d9076f47b871c8ed6cdd:Sawa.Settlement.WaterfallSettlement:DevFeeDisbursement'], Investor1::12209ec33c8f0f879e68d7b113cfa5c10119b345863deaab5c87055c199ab471e774: ['52089ff5e5b1454a0963dedc140a5c6ad3f1a73de423d9076f47b871c8ed6cdd:Sawa.Settlement.WaterfallSettlement:DevFeeDisbursement'], Admin::12209ec33c8f0f879e68d7b113cfa5c10119b345863deaab5c87055c199ab471e774: ['52089ff5e5b1454a0963dedc140a5c6ad3f1a73de423d9076f47b871c8ed6cdd:Sawa.Settlement.WaterfallSettlement:DevFeeDisbursement'], sandbox::12209ec33c8f0f879e68d7b113cfa5c10119b345863deaab5c87055c199ab471e774: ['52089ff5e5b1454a0963dedc140a5c6ad3f1a73de423d9076f47b871c8ed6cdd:Sawa.Settlement.WaterfallSettlement:DevFeeDisbursement'], Investor2::12209ec33c8f0f879e68d7b113cfa5c10119b345863deaab5c87055c199ab471e774: ['52089ff5e5b1454a0963dedc140a5c6ad3f1a73de423d9076f47b871c8ed6cdd:Sawa.Settlement.WaterfallSettlement:DevFeeDisbursement']}, verbose -> true, ledgerId -> 'sandbox'.
2026-04-08 00:58:38,980 [daml.index.db.threadpool.connection.indexer-7] INFO  c.d.c.p.i.MeteringAggregator:participant=sandbox - Aggregating transaction metering for LedgerMeteringEnd(Offset(Bytes()),2026-04-07T19:00:00Z)
2026-04-08 00:58:38,983 [daml.index.db.threadpool.connection.indexer-7] INFO  c.d.c.p.i.MeteringAggregator:participant=sandbox - Aggregating transaction metering completed up to LedgerMeteringEnd(Offset(Bytes()),2026-04-07T19:00:00Z)
2026-04-08 01:03:30,425 [canton-env-ec-67] INFO  c.d.c.p.a.s.ApiActiveContractsService:participant=sandbox tid:fa7292684e19281346e432498453a4b4 - Received request for active contracts: GetActiveContractsRequest(sandbox,Some(TransactionFilter(HashMap(Investor3::12209ec33c8f0f879e68d7b113cfa5c10119b345863deaab5c87055c199ab471e774 -> Filters(Some(InclusiveFilters(Vector(Identifier(52089ff5e5b1454a0963dedc140a5c6ad3f1a73de423d9076f47b871c8ed6cdd,Sawa.Portfolio.RegionalPortfolio,RegionalPortfolio)),Vector(),Vector()))), Operator::12209ec33c8f0f879e68d7b113cfa5c10119b345863deaab5c87055c199ab471e774 -> Filters(Some(InclusiveFilters(Vector(Identifier(52089ff5e5b1454a0963dedc140a5c6ad3f1a73de423d9076f47b871c8ed6cdd,Sawa.Portfolio.RegionalPortfolio,RegionalPortfolio)),Vector(),Vector()))), Investor1::12209ec33c8f0f879e68d7b113cfa5c10119b345863deaab5c87055c199ab471e774 -> Filters(Some(InclusiveFilters(Vector(Identifier(52089ff5e5b1454a0963dedc140a5c6ad3f1a73de423d9076f47b871c8ed6cdd,Sawa.Portfolio.RegionalPortfolio,RegionalPortfolio)),Vector(),Vector()))), Admin::12209ec33c8f0f879e68d7b113cfa5c10119b345863deaab5c87055c199ab471e774 -> Filters(Some(InclusiveFilters(Vector(Identifier(52089ff5e5b1454a0963dedc140a5c6ad3f1a73de423d9076f47b871c8ed6cdd,Sawa.Portfolio.RegionalPortfolio,RegionalPortfolio)),Vector(),Vector()))), sandbox::12209ec33c8f0f879e68d7b113cfa5c10119b345863deaab5c87055c199ab471e774 -> Filters(Some(InclusiveFilters(Vector(Identifier(52089ff5e5b1454a0963dedc140a5c6ad3f1a73de423d9076f47b871c8ed6cdd,Sawa.Portfolio.RegionalPortfolio,RegionalPortfolio)),Vector(),Vector()))), Investor2::12209ec33c8f0f879e68d7b113cfa5c10119b345863deaab5c87055c199ab471e774 -> Filters(Some(InclusiveFilters(Vector(Identifier(52089ff5e5b1454a0963dedc140a5c6ad3f1a73de423d9076f47b871c8ed6cdd,Sawa.Portfolio.RegionalPortfolio,RegionalPortfolio)),Vector(),Vector())))))),true,), filters -> {Investor3::12209ec33c8f0f879e68d7b113cfa5c10119b345863deaab5c87055c199ab471e774: ['52089ff5e5b1454a0963dedc140a5c6ad3f1a73de423d9076f47b871c8ed6cdd:Sawa.Portfolio.RegionalPortfolio:RegionalPortfolio'], Operator::12209ec33c8f0f879e68d7b113cfa5c10119b345863deaab5c87055c199ab471e774: ['52089ff5e5b1454a0963dedc140a5c6ad3f1a73de423d9076f47b871c8ed6cdd:Sawa.Portfolio.RegionalPortfolio:RegionalPortfolio'], Investor1::12209ec33c8f0f879e68d7b113cfa5c10119b345863deaab5c87055c199ab471e774: ['52089ff5e5b1454a0963dedc140a5c6ad3f1a73de423d9076f47b871c8ed6cdd:Sawa.Portfolio.RegionalPortfolio:RegionalPortfolio'], Admin::12209ec33c8f0f879e68d7b113cfa5c10119b345863deaab5c87055c199ab471e774: ['52089ff5e5b1454a0963dedc140a5c6ad3f1a73de423d9076f47b871c8ed6cdd:Sawa.Portfolio.RegionalPortfolio:RegionalPortfolio'], sandbox::12209ec33c8f0f879e68d7b113cfa5c10119b345863deaab5c87055c199ab471e774: ['52089ff5e5b1454a0963dedc140a5c6ad3f1a73de423d9076f47b871c8ed6cdd:Sawa.Portfolio.RegionalPortfolio:RegionalPortfolio'], Investor2::12209ec33c8f0f879e68d7b113cfa5c10119b345863deaab5c87055c199ab471e774: ['52089ff5e5b1454a0963dedc140a5c6ad3f1a73de423d9076f47b871c8ed6cdd:Sawa.Portfolio.RegionalPortfolio:RegionalPortfolio']}.
2026-04-08 01:03:30,535 [canton-env-ec-40] INFO  c.d.c.p.a.s.t.TransactionServiceImpl:participant=sandbox tid:6bba4c99c1054119e2774780f24b469a - Received request for transactions, startExclusive -> '000000000000000012', endInclusive -> '%end%', filters -> {Investor3::12209ec33c8f0f879e68d7b113cfa5c10119b345863deaab5c87055c199ab471e774: ['52089ff5e5b1454a0963dedc140a5c6ad3f1a73de423d9076f47b871c8ed6cdd:Sawa.Portfolio.RegionalPortfolio:RegionalPortfolio'], Operator::12209ec33c8f0f879e68d7b113cfa5c10119b345863deaab5c87055c199ab471e774: ['52089ff5e5b1454a0963dedc140a5c6ad3f1a73de423d9076f47b871c8ed6cdd:Sawa.Portfolio.RegionalPortfolio:RegionalPortfolio'], Investor1::12209ec33c8f0f879e68d7b113cfa5c10119b345863deaab5c87055c199ab471e774: ['52089ff5e5b1454a0963dedc140a5c6ad3f1a73de423d9076f47b871c8ed6cdd:Sawa.Portfolio.RegionalPortfolio:RegionalPortfolio'], Admin::12209ec33c8f0f879e68d7b113cfa5c10119b345863deaab5c87055c199ab471e774: ['52089ff5e5b1454a0963dedc140a5c6ad3f1a73de423d9076f47b871c8ed6cdd:Sawa.Portfolio.RegionalPortfolio:RegionalPortfolio'], sandbox::12209ec33c8f0f879e68d7b113cfa5c10119b345863deaab5c87055c199ab471e774: ['52089ff5e5b1454a0963dedc140a5c6ad3f1a73de423d9076f47b871c8ed6cdd:Sawa.Portfolio.RegionalPortfolio:RegionalPortfolio'], Investor2::12209ec33c8f0f879e68d7b113cfa5c10119b345863deaab5c87055c199ab471e774: ['52089ff5e5b1454a0963dedc140a5c6ad3f1a73de423d9076f47b871c8ed6cdd:Sawa.Portfolio.RegionalPortfolio:RegionalPortfolio']}, verbose -> true, ledgerId -> 'sandbox'.
2026-04-08 01:03:30,611 [canton-env-ec-40] INFO  c.d.c.p.a.s.ApiActiveContractsService:participant=sandbox tid:f1dda824dbc0d7e44c82414f704e8b0b - Received request for active contracts: GetActiveContractsRequest(sandbox,Some(TransactionFilter(HashMap(Investor3::12209ec33c8f0f879e68d7b113cfa5c10119b345863deaab5c87055c199ab471e774 -> Filters(Some(InclusiveFilters(Vector(Identifier(52089ff5e5b1454a0963dedc140a5c6ad3f1a73de423d9076f47b871c8ed6cdd,Sawa.Portfolio.RegionalPortfolio,RegionalPortfolio)),Vector(),Vector()))), Operator::12209ec33c8f0f879e68d7b113cfa5c10119b345863deaab5c87055c199ab471e774 -> Filters(Some(InclusiveFilters(Vector(Identifier(52089ff5e5b1454a0963dedc140a5c6ad3f1a73de423d9076f47b871c8ed6cdd,Sawa.Portfolio.RegionalPortfolio,RegionalPortfolio)),Vector(),Vector()))), Investor1::12209ec33c8f0f879e68d7b113cfa5c10119b345863deaab5c87055c199ab471e774 -> Filters(Some(InclusiveFilters(Vector(Identifier(52089ff5e5b1454a0963dedc140a5c6ad3f1a73de423d9076f47b871c8ed6cdd,Sawa.Portfolio.RegionalPortfolio,RegionalPortfolio)),Vector(),Vector()))), Admin::12209ec33c8f0f879e68d7b113cfa5c10119b345863deaab5c87055c199ab471e774 -> Filters(Some(InclusiveFilters(Vector(Identifier(52089ff5e5b1454a0963dedc140a5c6ad3f1a73de423d9076f47b871c8ed6cdd,Sawa.Portfolio.RegionalPortfolio,RegionalPortfolio)),Vector(),Vector()))), sandbox::12209ec33c8f0f879e68d7b113cfa5c10119b345863deaab5c87055c199ab471e774 -> Filters(Some(InclusiveFilters(Vector(Identifier(52089ff5e5b1454a0963dedc140a5c6ad3f1a73de423d9076f47b871c8ed6cdd,Sawa.Portfolio.RegionalPortfolio,RegionalPortfolio)),Vector(),Vector()))), Investor2::12209ec33c8f0f879e68d7b113cfa5c10119b345863deaab5c87055c199ab471e774 -> Filters(Some(InclusiveFilters(Vector(Identifier(52089ff5e5b1454a0963dedc140a5c6ad3f1a73de423d9076f47b871c8ed6cdd,Sawa.Portfolio.RegionalPortfolio,RegionalPortfolio)),Vector(),Vector())))))),true,), filters -> {Investor3::12209ec33c8f0f879e68d7b113cfa5c10119b345863deaab5c87055c199ab471e774: ['52089ff5e5b1454a0963dedc140a5c6ad3f1a73de423d9076f47b871c8ed6cdd:Sawa.Portfolio.RegionalPortfolio:RegionalPortfolio'], Operator::12209ec33c8f0f879e68d7b113cfa5c10119b345863deaab5c87055c199ab471e774: ['52089ff5e5b1454a0963dedc140a5c6ad3f1a73de423d9076f47b871c8ed6cdd:Sawa.Portfolio.RegionalPortfolio:RegionalPortfolio'], Investor1::12209ec33c8f0f879e68d7b113cfa5c10119b345863deaab5c87055c199ab471e774: ['52089ff5e5b1454a0963dedc140a5c6ad3f1a73de423d9076f47b871c8ed6cdd:Sawa.Portfolio.RegionalPortfolio:RegionalPortfolio'], Admin::12209ec33c8f0f879e68d7b113cfa5c10119b345863deaab5c87055c199ab471e774: ['52089ff5e5b1454a0963dedc140a5c6ad3f1a73de423d9076f47b871c8ed6cdd:Sawa.Portfolio.RegionalPortfolio:RegionalPortfolio'], sandbox::12209ec33c8f0f879e68d7b113cfa5c10119b345863deaab5c87055c199ab471e774: ['52089ff5e5b1454a0963dedc140a5c6ad3f1a73de423d9076f47b871c8ed6cdd:Sawa.Portfolio.RegionalPortfolio:RegionalPortfolio'], Investor2::12209ec33c8f0f879e68d7b113cfa5c10119b345863deaab5c87055c199ab471e774: ['52089ff5e5b1454a0963dedc140a5c6ad3f1a73de423d9076f47b871c8ed6cdd:Sawa.Portfolio.RegionalPortfolio:RegionalPortfolio']}.
2026-04-08 01:03:30,664 [canton-env-ec-40] INFO  c.d.c.p.a.s.t.TransactionServiceImpl:participant=sandbox tid:b8f16122f164905a9c9553589469ee6d - Received request for transactions, startExclusive -> '000000000000000012', endInclusive -> '%end%', filters -> {Investor3::12209ec33c8f0f879e68d7b113cfa5c10119b345863deaab5c87055c199ab471e774: ['52089ff5e5b1454a0963dedc140a5c6ad3f1a73de423d9076f47b871c8ed6cdd:Sawa.Portfolio.RegionalPortfolio:RegionalPortfolio'], Operator::12209ec33c8f0f879e68d7b113cfa5c10119b345863deaab5c87055c199ab471e774: ['52089ff5e5b1454a0963dedc140a5c6ad3f1a73de423d9076f47b871c8ed6cdd:Sawa.Portfolio.RegionalPortfolio:RegionalPortfolio'], Investor1::12209ec33c8f0f879e68d7b113cfa5c10119b345863deaab5c87055c199ab471e774: ['52089ff5e5b1454a0963dedc140a5c6ad3f1a73de423d9076f47b871c8ed6cdd:Sawa.Portfolio.RegionalPortfolio:RegionalPortfolio'], Admin::12209ec33c8f0f879e68d7b113cfa5c10119b345863deaab5c87055c199ab471e774: ['52089ff5e5b1454a0963dedc140a5c6ad3f1a73de423d9076f47b871c8ed6cdd:Sawa.Portfolio.RegionalPortfolio:RegionalPortfolio'], sandbox::12209ec33c8f0f879e68d7b113cfa5c10119b345863deaab5c87055c199ab471e774: ['52089ff5e5b1454a0963dedc140a5c6ad3f1a73de423d9076f47b871c8ed6cdd:Sawa.Portfolio.RegionalPortfolio:RegionalPortfolio'], Investor2::12209ec33c8f0f879e68d7b113cfa5c10119b345863deaab5c87055c199ab471e774: ['52089ff5e5b1454a0963dedc140a5c6ad3f1a73de423d9076f47b871c8ed6cdd:Sawa.Portfolio.RegionalPortfolio:RegionalPortfolio']}, verbose -> true, ledgerId -> 'sandbox'.
2026-04-08 01:03:36,442 [canton-env-ec-67] INFO  c.d.c.p.a.s.ApiActiveContractsService:participant=sandbox tid:b37ad86a0c4817d6f3da405aa982fc72 - Received request for active contracts: GetActiveContractsRequest(sandbox,Some(TransactionFilter(HashMap(Investor3::12209ec33c8f0f879e68d7b113cfa5c10119b345863deaab5c87055c199ab471e774 -> Filters(Some(InclusiveFilters(Vector(Identifier(52089ff5e5b1454a0963dedc140a5c6ad3f1a73de423d9076f47b871c8ed6cdd,Sawa.Identity.UserRole,UserRole)),Vector(),Vector()))), Operator::12209ec33c8f0f879e68d7b113cfa5c10119b345863deaab5c87055c199ab471e774 -> Filters(Some(InclusiveFilters(Vector(Identifier(52089ff5e5b1454a0963dedc140a5c6ad3f1a73de423d9076f47b871c8ed6cdd,Sawa.Identity.UserRole,UserRole)),Vector(),Vector()))), Investor1::12209ec33c8f0f879e68d7b113cfa5c10119b345863deaab5c87055c199ab471e774 -> Filters(Some(InclusiveFilters(Vector(Identifier(52089ff5e5b1454a0963dedc140a5c6ad3f1a73de423d9076f47b871c8ed6cdd,Sawa.Identity.UserRole,UserRole)),Vector(),Vector()))), Admin::12209ec33c8f0f879e68d7b113cfa5c10119b345863deaab5c87055c199ab471e774 -> Filters(Some(InclusiveFilters(Vector(Identifier(52089ff5e5b1454a0963dedc140a5c6ad3f1a73de423d9076f47b871c8ed6cdd,Sawa.Identity.UserRole,UserRole)),Vector(),Vector()))), sandbox::12209ec33c8f0f879e68d7b113cfa5c10119b345863deaab5c87055c199ab471e774 -> Filters(Some(InclusiveFilters(Vector(Identifier(52089ff5e5b1454a0963dedc140a5c6ad3f1a73de423d9076f47b871c8ed6cdd,Sawa.Identity.UserRole,UserRole)),Vector(),Vector()))), Investor2::12209ec33c8f0f879e68d7b113cfa5c10119b345863deaab5c87055c199ab471e774 -> Filters(Some(InclusiveFilters(Vector(Identifier(52089ff5e5b1454a0963dedc140a5c6ad3f1a73de423d9076f47b871c8ed6cdd,Sawa.Identity.UserRole,UserRole)),Vector(),Vector())))))),true,), filters -> {Investor3::12209ec33c8f0f879e68d7b113cfa5c10119b345863deaab5c87055c199ab471e774: ['52089ff5e5b1454a0963dedc140a5c6ad3f1a73de423d9076f47b871c8ed6cdd:Sawa.Identity.UserRole:UserRole'], Operator::12209ec33c8f0f879e68d7b113cfa5c10119b345863deaab5c87055c199ab471e774: ['52089ff5e5b1454a0963dedc140a5c6ad3f1a73de423d9076f47b871c8ed6cdd:Sawa.Identity.UserRole:UserRole'], Investor1::12209ec33c8f0f879e68d7b113cfa5c10119b345863deaab5c87055c199ab471e774: ['52089ff5e5b1454a0963dedc140a5c6ad3f1a73de423d9076f47b871c8ed6cdd:Sawa.Identity.UserRole:UserRole'], Admin::12209ec33c8f0f879e68d7b113cfa5c10119b345863deaab5c87055c199ab471e774: ['52089ff5e5b1454a0963dedc140a5c6ad3f1a73de423d9076f47b871c8ed6cdd:Sawa.Identity.UserRole:UserRole'], sandbox::12209ec33c8f0f879e68d7b113cfa5c10119b345863deaab5c87055c199ab471e774: ['52089ff5e5b1454a0963dedc140a5c6ad3f1a73de423d9076f47b871c8ed6cdd:Sawa.Identity.UserRole:UserRole'], Investor2::12209ec33c8f0f879e68d7b113cfa5c10119b345863deaab5c87055c199ab471e774: ['52089ff5e5b1454a0963dedc140a5c6ad3f1a73de423d9076f47b871c8ed6cdd:Sawa.Identity.UserRole:UserRole']}.
2026-04-08 01:03:36,539 [canton-env-ec-40] INFO  c.d.c.p.a.s.t.TransactionServiceImpl:participant=sandbox tid:a92ffec0ee7dfdef02c56f71211d7b85 - Received request for transactions, startExclusive -> '000000000000000012', endInclusive -> '%end%', filters -> {Investor3::12209ec33c8f0f879e68d7b113cfa5c10119b345863deaab5c87055c199ab471e774: ['52089ff5e5b1454a0963dedc140a5c6ad3f1a73de423d9076f47b871c8ed6cdd:Sawa.Identity.UserRole:UserRole'], Operator::12209ec33c8f0f879e68d7b113cfa5c10119b345863deaab5c87055c199ab471e774: ['52089ff5e5b1454a0963dedc140a5c6ad3f1a73de423d9076f47b871c8ed6cdd:Sawa.Identity.UserRole:UserRole'], Investor1::12209ec33c8f0f879e68d7b113cfa5c10119b345863deaab5c87055c199ab471e774: ['52089ff5e5b1454a0963dedc140a5c6ad3f1a73de423d9076f47b871c8ed6cdd:Sawa.Identity.UserRole:UserRole'], Admin::12209ec33c8f0f879e68d7b113cfa5c10119b345863deaab5c87055c199ab471e774: ['52089ff5e5b1454a0963dedc140a5c6ad3f1a73de423d9076f47b871c8ed6cdd:Sawa.Identity.UserRole:UserRole'], sandbox::12209ec33c8f0f879e68d7b113cfa5c10119b345863deaab5c87055c199ab471e774: ['52089ff5e5b1454a0963dedc140a5c6ad3f1a73de423d9076f47b871c8ed6cdd:Sawa.Identity.UserRole:UserRole'], Investor2::12209ec33c8f0f879e68d7b113cfa5c10119b345863deaab5c87055c199ab471e774: ['52089ff5e5b1454a0963dedc140a5c6ad3f1a73de423d9076f47b871c8ed6cdd:Sawa.Identity.UserRole:UserRole']}, verbose -> true, ledgerId -> 'sandbox'.
2026-04-08 01:03:57,726 [canton-env-ec-40] INFO  c.d.c.p.a.s.c.CommandSubmissionServiceImpl:participant=sandbox tid:9018a18416a90b1dfa3566b6335865b6 - Phase 1 started: Submitting commands for interpretation: Commands(
  commandId = ae8d0fd6-a0be-4c60-b71e-a75cf132e399,
  submissionId = 28c39c07-184c-492d-8219-316c34f4e5e2,
  applicationId = sawa-x,
  actAs = Investor2::12209ec33c8f...,
  submittedAt = 2026-04-07T20:03:57.699051Z,
  ledgerEffectiveTime = 2026-04-07T20:03:57.699049Z,
  deduplicationPeriod = (duration=PT168H),
  ...
).
2026-04-08 01:03:58,163 [canton-env-ec-27] INFO  c.d.c.p.p.TransactionProcessor:participant=sandbox/domainId=local::12202030f2f7 tid:9018a18416a90b1dfa3566b6335865b6 - Phase 1 completed: Submitting 3 envelopes for Transaction request, submitters Investor2::12209ec33c8f..., command-id ae8d0fd6-a0be-4c60-b71e-a75cf132e399
2026-04-08 01:03:58,207 [canton-env-ec-67] INFO  c.d.c.d.s.s.GrpcSequencerService:domain=local tid:9018a18416a90b1dfa3566b6335865b6 - 'PAR::sandbox::12209ec33c8f...' sends request with id 'ec317330-9e18-4037-8f51-128d0c31a502' of size 2410 bytes with 3 envelopes.
2026-04-08 01:03:58,302 [canton-env-ec-67] INFO  c.d.c.p.p.DefaultMessageDispatcher:participant=sandbox/domainId=local::12202030f2f7 tid:9018a18416a90b1dfa3566b6335865b6 - Processing event at sc=62, ts=2026-04-07T20:03:58.225547Z, messageId=ec317330-9e18-4037-8f51-128d0c31a502, with contents=Seq(RootHashMessage(root hash = SHA-256:1bca8cff6159..., payload size = 0), EncryptedViewMessageV2(view hash = ViewHash(SHA-256:a5a2f70426b3...), view type = TransactionViewType, size = 1019))
2026-04-08 01:03:58,320 [canton-env-ec-29] INFO  c.d.c.p.p.TransactionProcessor:participant=sandbox/domainId=local::12202030f2f7 tid:9018a18416a90b1dfa3566b6335865b6 - Phase 3: Validating Transaction request=2026-04-07T20:03:58.225547Z with 1 envelope(s)
2026-04-08 01:03:58,327 [canton-env-ec-23] INFO  c.d.c.d.m.ConfirmationResponseProcessor:domain=local/node=mediator tid:9018a18416a90b1dfa3566b6335865b6 - Phase 2: Registered request=2026-04-07T20:03:58.225547Z with 1 view(s). Initial state: ViewPosition("") -> ViewState(
  quorumsState = Seq(Quorum(confirmers = Investor2::12209ec33c8f... -> 1, threshold = 1), Quorum(confirmers = sandbox::12209ec33c8f... -> 1, threshold = 1)),
  consortiumVoting = Map(Investor2::12209ec33c8f... -> ConsortiumVotingState(), sandbox::12209ec33c8f... -> ConsortiumVotingState()),
  rejections = Seq()
)
2026-04-08 01:03:58,499 [canton-env-ec-29] INFO  c.d.c.p.p.TransactionProcessor:participant=sandbox/domainId=local::12202030f2f7 tid:9018a18416a90b1dfa3566b6335865b6 - Phase 4: Sending for request=2026-04-07T20:03:58.225547Z with msgId=c88ada64-9d70-452f-9189-199c6d927e67 approved=1, rejected=0
2026-04-08 01:03:58,523 [canton-env-ec-67] INFO  c.d.c.d.s.s.GrpcSequencerService:domain=local tid:9018a18416a90b1dfa3566b6335865b6 - 'PAR::sandbox::12209ec33c8f...' sends request with id 'c88ada64-9d70-452f-9189-199c6d927e67' of size 730 bytes with 1 envelopes.
2026-04-08 01:03:58,559 [canton-env-ec-22] INFO  c.d.c.p.p.DefaultMessageDispatcher:participant=sandbox/domainId=local::12202030f2f7 tid:9018a18416a90b1dfa3566b6335865b6 - Processing event at sc=63, ts=2026-04-07T20:03:58.529402Z, messageId=c88ada64-9d70-452f-9189-199c6d927e67, with contents=Seq()
2026-04-08 01:03:58,565 [canton-env-ec-23] INFO  c.d.c.d.m.ConfirmationResponseProcessor:domain=local/node=mediator tid:9018a18416a90b1dfa3566b6335865b6 - Phase 5: Received responses for request=RequestId(2026-04-07T20:03:58.225547Z): ParticipantResponse(sender = PAR::sandbox::12209ec33c8f..., ts = 2026-04-07T20:03:58.529402Z, approved = 1)
2026-04-08 01:03:58,576 [canton-env-ec-66] INFO  c.d.c.d.m.ConfirmationResponseProcessor:domain=local/node=mediator tid:9018a18416a90b1dfa3566b6335865b6 - Phase 6: Finalized request=RequestId(2026-04-07T20:03:58.225547Z) with verdict Approve
2026-04-08 01:03:58,596 [canton-env-ec-29] INFO  c.d.c.d.s.s.GrpcSequencerService:domain=local tid:9018a18416a90b1dfa3566b6335865b6 - 'MED::local::12202030f2f7...' sends request with id 'mmid:verdict:1775592238225547' of size 702 bytes with 1 envelopes.
2026-04-08 01:03:58,633 [canton-env-ec-23] INFO  c.d.c.p.p.DefaultMessageDispatcher:participant=sandbox/domainId=local::12202030f2f7 tid:9018a18416a90b1dfa3566b6335865b6 - Processing event at sc=64, ts=2026-04-07T20:03:58.603938Z, with contents=SignedProtocolMessage(
  TransactionResultMessage(requestId = 2026-04-07T20:03:58.225547Z, verdict = Approve, rootHash = SHA-256:1bca8cff6159..., domainId = local::12202030f2f7...),
  signatures = Signature(signature = 76c1e9ae05ea, signedBy = 12207592ba15...)
)
2026-04-08 01:03:58,686 [input-mapping-pool-2] INFO  c.d.c.p.i.p.ParallelIndexerSubscription:participant=sandbox tid:9018a18416a90b1dfa3566b6335865b6 - Phase 7: Storing at offset=000000000000000013 TransactionAccepted(
  recordTime = 2026-04-07T20:03:58.225547Z,
  transactionId = 12201bca8cff61599680c19a37fbfa7fddcf32cfc36a8ce4ee305a47dc6e8d3af575,
  transactionMeta = TransactionMeta(ledgerEffectiveTime = 2026-04-07T20:03:57.699049Z, submissionTime = 2026-04-07T20:03:57.699049Z, domainId = local::12202030f2f7..., ...),
  completion = CompletionInfo(
    actAs = Investor2::12209ec33c8f...,
    commandId = ae8d0fd6-a0be-4c60-b71e-a75cf132e399,
    applicationId = sawa-x,
    deduplication period = (offset=Offset(Bytes(000000000000000001))),
    submissionId = Some(28c39c07-184c-492d-8219-316c34f4e5e2),
    ...
  ),
  nodes = 1,
  roots = 1,
  ...
)
2026-04-08 01:03:58,764 [canton-env-ec-23] INFO  c.d.c.p.a.s.t.TransactionServiceImpl:participant=sandbox - Received request for flat transaction by ID, ledgerId -> 'sandbox', transactionId -> '12201bca8cff61599680c19a37fbfa7fddcf32cfc36a8ce4ee305a47dc6e8d3af575', parties -> ['Investor2::12209ec33c8f0f879e68d7b113cfa5c10119b345863deaab5c87055c199ab471e774'].
2026-04-08 01:04:20,373 [canton-env-ec-40] INFO  c.d.c.p.a.s.ApiActiveContractsService:participant=sandbox tid:17c46f757d4ff918af68a38337775124 - Received request for active contracts: GetActiveContractsRequest(sandbox,Some(TransactionFilter(HashMap(Investor3::12209ec33c8f0f879e68d7b113cfa5c10119b345863deaab5c87055c199ab471e774 -> Filters(Some(InclusiveFilters(Vector(Identifier(52089ff5e5b1454a0963dedc140a5c6ad3f1a73de423d9076f47b871c8ed6cdd,Sawa.Identity.UserRole,KYCRequest)),Vector(),Vector()))), Operator::12209ec33c8f0f879e68d7b113cfa5c10119b345863deaab5c87055c199ab471e774 -> Filters(Some(InclusiveFilters(Vector(Identifier(52089ff5e5b1454a0963dedc140a5c6ad3f1a73de423d9076f47b871c8ed6cdd,Sawa.Identity.UserRole,KYCRequest)),Vector(),Vector()))), Investor1::12209ec33c8f0f879e68d7b113cfa5c10119b345863deaab5c87055c199ab471e774 -> Filters(Some(InclusiveFilters(Vector(Identifier(52089ff5e5b1454a0963dedc140a5c6ad3f1a73de423d9076f47b871c8ed6cdd,Sawa.Identity.UserRole,KYCRequest)),Vector(),Vector()))), Admin::12209ec33c8f0f879e68d7b113cfa5c10119b345863deaab5c87055c199ab471e774 -> Filters(Some(InclusiveFilters(Vector(Identifier(52089ff5e5b1454a0963dedc140a5c6ad3f1a73de423d9076f47b871c8ed6cdd,Sawa.Identity.UserRole,KYCRequest)),Vector(),Vector()))), sandbox::12209ec33c8f0f879e68d7b113cfa5c10119b345863deaab5c87055c199ab471e774 -> Filters(Some(InclusiveFilters(Vector(Identifier(52089ff5e5b1454a0963dedc140a5c6ad3f1a73de423d9076f47b871c8ed6cdd,Sawa.Identity.UserRole,KYCRequest)),Vector(),Vector()))), Investor2::12209ec33c8f0f879e68d7b113cfa5c10119b345863deaab5c87055c199ab471e774 -> Filters(Some(InclusiveFilters(Vector(Identifier(52089ff5e5b1454a0963dedc140a5c6ad3f1a73de423d9076f47b871c8ed6cdd,Sawa.Identity.UserRole,KYCRequest)),Vector(),Vector())))))),true,), filters -> {Investor3::12209ec33c8f0f879e68d7b113cfa5c10119b345863deaab5c87055c199ab471e774: ['52089ff5e5b1454a0963dedc140a5c6ad3f1a73de423d9076f47b871c8ed6cdd:Sawa.Identity.UserRole:KYCRequest'], Operator::12209ec33c8f0f879e68d7b113cfa5c10119b345863deaab5c87055c199ab471e774: ['52089ff5e5b1454a0963dedc140a5c6ad3f1a73de423d9076f47b871c8ed6cdd:Sawa.Identity.UserRole:KYCRequest'], Investor1::12209ec33c8f0f879e68d7b113cfa5c10119b345863deaab5c87055c199ab471e774: ['52089ff5e5b1454a0963dedc140a5c6ad3f1a73de423d9076f47b871c8ed6cdd:Sawa.Identity.UserRole:KYCRequest'], Admin::12209ec33c8f0f879e68d7b113cfa5c10119b345863deaab5c87055c199ab471e774: ['52089ff5e5b1454a0963dedc140a5c6ad3f1a73de423d9076f47b871c8ed6cdd:Sawa.Identity.UserRole:KYCRequest'], sandbox::12209ec33c8f0f879e68d7b113cfa5c10119b345863deaab5c87055c199ab471e774: ['52089ff5e5b1454a0963dedc140a5c6ad3f1a73de423d9076f47b871c8ed6cdd:Sawa.Identity.UserRole:KYCRequest'], Investor2::12209ec33c8f0f879e68d7b113cfa5c10119b345863deaab5c87055c199ab471e774: ['52089ff5e5b1454a0963dedc140a5c6ad3f1a73de423d9076f47b871c8ed6cdd:Sawa.Identity.UserRole:KYCRequest']}.
2026-04-08 01:04:20,429 [canton-env-ec-23] INFO  c.d.c.p.a.s.t.TransactionServiceImpl:participant=sandbox tid:cb9f5523bbf8b4db33ba39c57c65c564 - Received request for transactions, startExclusive -> '000000000000000013', endInclusive -> '%end%', filters -> {Investor3::12209ec33c8f0f879e68d7b113cfa5c10119b345863deaab5c87055c199ab471e774: ['52089ff5e5b1454a0963dedc140a5c6ad3f1a73de423d9076f47b871c8ed6cdd:Sawa.Identity.UserRole:KYCRequest'], Operator::12209ec33c8f0f879e68d7b113cfa5c10119b345863deaab5c87055c199ab471e774: ['52089ff5e5b1454a0963dedc140a5c6ad3f1a73de423d9076f47b871c8ed6cdd:Sawa.Identity.UserRole:KYCRequest'], Investor1::12209ec33c8f0f879e68d7b113cfa5c10119b345863deaab5c87055c199ab471e774: ['52089ff5e5b1454a0963dedc140a5c6ad3f1a73de423d9076f47b871c8ed6cdd:Sawa.Identity.UserRole:KYCRequest'], Admin::12209ec33c8f0f879e68d7b113cfa5c10119b345863deaab5c87055c199ab471e774: ['52089ff5e5b1454a0963dedc140a5c6ad3f1a73de423d9076f47b871c8ed6cdd:Sawa.Identity.UserRole:KYCRequest'], sandbox::12209ec33c8f0f879e68d7b113cfa5c10119b345863deaab5c87055c199ab471e774: ['52089ff5e5b1454a0963dedc140a5c6ad3f1a73de423d9076f47b871c8ed6cdd:Sawa.Identity.UserRole:KYCRequest'], Investor2::12209ec33c8f0f879e68d7b113cfa5c10119b345863deaab5c87055c199ab471e774: ['52089ff5e5b1454a0963dedc140a5c6ad3f1a73de423d9076f47b871c8ed6cdd:Sawa.Identity.UserRole:KYCRequest']}, verbose -> true, ledgerId -> 'sandbox'.
2026-04-08 01:04:20,602 [canton-env-ec-23] INFO  c.d.c.p.a.s.c.CommandSubmissionServiceImpl:participant=sandbox tid:414e892d7283c8332f1febf1d7025879 - Phase 1 started: Submitting commands for interpretation: Commands(
  commandId = 90d932a8-c534-4ec4-ad9f-fd99599f23ef,
  submissionId = 0cb59482-18ed-4e4e-b614-08f3d40477d3,
  applicationId = sawa-x,
  actAs = Admin::12209ec33c8f...,
  submittedAt = 2026-04-07T20:04:20.600980Z,
  ledgerEffectiveTime = 2026-04-07T20:04:20.600978Z,
  deduplicationPeriod = (duration=PT168H),
  ...
).
2026-04-08 01:04:20,699 [canton-env-ec-28] INFO  c.d.c.p.p.TransactionProcessor:participant=sandbox/domainId=local::12202030f2f7 tid:414e892d7283c8332f1febf1d7025879 - Phase 1 completed: Submitting 3 envelopes for Transaction request, submitters Admin::12209ec33c8f..., command-id 90d932a8-c534-4ec4-ad9f-fd99599f23ef
2026-04-08 01:04:20,712 [canton-env-ec-40] INFO  c.d.c.d.s.s.GrpcSequencerService:domain=local tid:414e892d7283c8332f1febf1d7025879 - 'PAR::sandbox::12209ec33c8f...' sends request with id '6e41674f-3e57-4b6b-b880-00f85dd7cd4c' of size 2706 bytes with 3 envelopes.
2026-04-08 01:04:20,780 [canton-env-ec-102] INFO  c.d.c.p.p.DefaultMessageDispatcher:participant=sandbox/domainId=local::12202030f2f7 tid:414e892d7283c8332f1febf1d7025879 - Processing event at sc=65, ts=2026-04-07T20:04:20.719273Z, messageId=6e41674f-3e57-4b6b-b880-00f85dd7cd4c, with contents=Seq(RootHashMessage(root hash = SHA-256:01d145714e39..., payload size = 0), EncryptedViewMessageV2(view hash = ViewHash(SHA-256:c8231410d95a...), view type = TransactionViewType, size = 1295))
2026-04-08 01:04:20,786 [canton-env-ec-29] INFO  c.d.c.p.p.TransactionProcessor:participant=sandbox/domainId=local::12202030f2f7 tid:414e892d7283c8332f1febf1d7025879 - Phase 3: Validating Transaction request=2026-04-07T20:04:20.719273Z with 1 envelope(s)
2026-04-08 01:04:20,790 [canton-env-ec-66] INFO  c.d.c.d.m.ConfirmationResponseProcessor:domain=local/node=mediator tid:414e892d7283c8332f1febf1d7025879 - Phase 2: Registered request=2026-04-07T20:04:20.719273Z with 1 view(s). Initial state: ViewPosition("") -> ViewState(
  quorumsState = Seq(
    Quorum(confirmers = Map(Admin::12209ec33c8f... -> 1, Investor2::12209ec33c8f... -> 1), threshold = 2),
    Quorum(confirmers = Admin::12209ec33c8f... -> 1, threshold = 1),
    Quorum(confirmers = sandbox::12209ec33c8f... -> 1, threshold = 1)
  ),
  consortiumVoting = Map(Admin::12209ec33c8f... -> ConsortiumVotingState(), Investor2::12209ec33c8f... -> ConsortiumVotingState(), sandbox::12209ec33c8f... -> ConsortiumVotingState()),
  rejections = Seq()
)
2026-04-08 01:04:20,880 [canton-env-ec-27] INFO  c.d.c.p.p.TransactionProcessor:participant=sandbox/domainId=local::12202030f2f7 tid:414e892d7283c8332f1febf1d7025879 - Phase 4: Sending for request=2026-04-07T20:04:20.719273Z with msgId=0311a6bc-c5f5-498e-ba55-5334b091dfec approved=1, rejected=0
2026-04-08 01:04:20,894 [canton-env-ec-27] INFO  c.d.c.d.s.s.GrpcSequencerService:domain=local tid:414e892d7283c8332f1febf1d7025879 - 'PAR::sandbox::12209ec33c8f...' sends request with id '0311a6bc-c5f5-498e-ba55-5334b091dfec' of size 746 bytes with 1 envelopes.
2026-04-08 01:04:20,925 [canton-env-ec-40] INFO  c.d.c.p.p.DefaultMessageDispatcher:participant=sandbox/domainId=local::12202030f2f7 tid:414e892d7283c8332f1febf1d7025879 - Processing event at sc=66, ts=2026-04-07T20:04:20.903323Z, messageId=0311a6bc-c5f5-498e-ba55-5334b091dfec, with contents=Seq()
2026-04-08 01:04:20,930 [canton-env-ec-66] INFO  c.d.c.d.m.ConfirmationResponseProcessor:domain=local/node=mediator tid:414e892d7283c8332f1febf1d7025879 - Phase 5: Received responses for request=RequestId(2026-04-07T20:04:20.719273Z): ParticipantResponse(sender = PAR::sandbox::12209ec33c8f..., ts = 2026-04-07T20:04:20.903323Z, approved = 1)
2026-04-08 01:04:20,941 [canton-env-ec-40] INFO  c.d.c.d.m.ConfirmationResponseProcessor:domain=local/node=mediator tid:414e892d7283c8332f1febf1d7025879 - Phase 6: Finalized request=RequestId(2026-04-07T20:04:20.719273Z) with verdict Approve
2026-04-08 01:04:20,956 [canton-env-ec-66] INFO  c.d.c.d.s.s.GrpcSequencerService:domain=local tid:414e892d7283c8332f1febf1d7025879 - 'MED::local::12202030f2f7...' sends request with id 'mmid:verdict:1775592260719273' of size 710 bytes with 1 envelopes.
2026-04-08 01:04:20,983 [canton-env-ec-22] INFO  c.d.c.p.p.DefaultMessageDispatcher:participant=sandbox/domainId=local::12202030f2f7 tid:414e892d7283c8332f1febf1d7025879 - Processing event at sc=67, ts=2026-04-07T20:04:20.961616Z, with contents=SignedProtocolMessage(
  TransactionResultMessage(requestId = 2026-04-07T20:04:20.719273Z, verdict = Approve, rootHash = SHA-256:01d145714e39..., domainId = local::12202030f2f7...),
  signatures = Signature(signature = a0ec07ba6f40, signedBy = 12207592ba15...)
)
2026-04-08 01:04:21,023 [input-mapping-pool-3] INFO  c.d.c.p.i.p.ParallelIndexerSubscription:participant=sandbox tid:414e892d7283c8332f1febf1d7025879 - Phase 7: Storing at offset=000000000000000014 TransactionAccepted(
  recordTime = 2026-04-07T20:04:20.719273Z,
  transactionId = 122001d145714e398672fc20ef7e9c5cb50548fb24571d0d4491302ede698b071c1e,
  transactionMeta = TransactionMeta(ledgerEffectiveTime = 2026-04-07T20:04:20.600978Z, submissionTime = 2026-04-07T20:04:20.600978Z, domainId = local::12202030f2f7..., ...),
  completion = CompletionInfo(
    actAs = Admin::12209ec33c8f...,
    commandId = 90d932a8-c534-4ec4-ad9f-fd99599f23ef,
    applicationId = sawa-x,
    deduplication period = (offset=Offset(Bytes(000000000000000001))),
    submissionId = Some(0cb59482-18ed-4e4e-b614-08f3d40477d3),
    ...
  ),
  nodes = 2,
  roots = 1,
  ...
)
2026-04-08 01:04:21,056 [canton-env-ec-28] INFO  c.d.c.p.a.s.t.TransactionServiceImpl:participant=sandbox - Received request for transaction by ID, ledgerId -> 'sandbox', transactionId -> '122001d145714e398672fc20ef7e9c5cb50548fb24571d0d4491302ede698b071c1e', parties -> ['Admin::12209ec33c8f0f879e68d7b113cfa5c10119b345863deaab5c87055c199ab471e774'].
2026-04-08 01:04:23,003 [canton-env-ec-66] INFO  c.d.c.p.a.s.ApiActiveContractsService:participant=sandbox tid:1713ef09c29de73fb8bf0118fce99990 - Received request for active contracts: GetActiveContractsRequest(sandbox,Some(TransactionFilter(HashMap(Investor3::12209ec33c8f0f879e68d7b113cfa5c10119b345863deaab5c87055c199ab471e774 -> Filters(Some(InclusiveFilters(Vector(Identifier(52089ff5e5b1454a0963dedc140a5c6ad3f1a73de423d9076f47b871c8ed6cdd,Sawa.Yield.ClaimYield,ClaimYield)),Vector(),Vector()))), Operator::12209ec33c8f0f879e68d7b113cfa5c10119b345863deaab5c87055c199ab471e774 -> Filters(Some(InclusiveFilters(Vector(Identifier(52089ff5e5b1454a0963dedc140a5c6ad3f1a73de423d9076f47b871c8ed6cdd,Sawa.Yield.ClaimYield,ClaimYield)),Vector(),Vector()))), Investor1::12209ec33c8f0f879e68d7b113cfa5c10119b345863deaab5c87055c199ab471e774 -> Filters(Some(InclusiveFilters(Vector(Identifier(52089ff5e5b1454a0963dedc140a5c6ad3f1a73de423d9076f47b871c8ed6cdd,Sawa.Yield.ClaimYield,ClaimYield)),Vector(),Vector()))), Admin::12209ec33c8f0f879e68d7b113cfa5c10119b345863deaab5c87055c199ab471e774 -> Filters(Some(InclusiveFilters(Vector(Identifier(52089ff5e5b1454a0963dedc140a5c6ad3f1a73de423d9076f47b871c8ed6cdd,Sawa.Yield.ClaimYield,ClaimYield)),Vector(),Vector()))), sandbox::12209ec33c8f0f879e68d7b113cfa5c10119b345863deaab5c87055c199ab471e774 -> Filters(Some(InclusiveFilters(Vector(Identifier(52089ff5e5b1454a0963dedc140a5c6ad3f1a73de423d9076f47b871c8ed6cdd,Sawa.Yield.ClaimYield,ClaimYield)),Vector(),Vector()))), Investor2::12209ec33c8f0f879e68d7b113cfa5c10119b345863deaab5c87055c199ab471e774 -> Filters(Some(InclusiveFilters(Vector(Identifier(52089ff5e5b1454a0963dedc140a5c6ad3f1a73de423d9076f47b871c8ed6cdd,Sawa.Yield.ClaimYield,ClaimYield)),Vector(),Vector())))))),true,), filters -> {Investor3::12209ec33c8f0f879e68d7b113cfa5c10119b345863deaab5c87055c199ab471e774: ['52089ff5e5b1454a0963dedc140a5c6ad3f1a73de423d9076f47b871c8ed6cdd:Sawa.Yield.ClaimYield:ClaimYield'], Operator::12209ec33c8f0f879e68d7b113cfa5c10119b345863deaab5c87055c199ab471e774: ['52089ff5e5b1454a0963dedc140a5c6ad3f1a73de423d9076f47b871c8ed6cdd:Sawa.Yield.ClaimYield:ClaimYield'], Investor1::12209ec33c8f0f879e68d7b113cfa5c10119b345863deaab5c87055c199ab471e774: ['52089ff5e5b1454a0963dedc140a5c6ad3f1a73de423d9076f47b871c8ed6cdd:Sawa.Yield.ClaimYield:ClaimYield'], Admin::12209ec33c8f0f879e68d7b113cfa5c10119b345863deaab5c87055c199ab471e774: ['52089ff5e5b1454a0963dedc140a5c6ad3f1a73de423d9076f47b871c8ed6cdd:Sawa.Yield.ClaimYield:ClaimYield'], sandbox::12209ec33c8f0f879e68d7b113cfa5c10119b345863deaab5c87055c199ab471e774: ['52089ff5e5b1454a0963dedc140a5c6ad3f1a73de423d9076f47b871c8ed6cdd:Sawa.Yield.ClaimYield:ClaimYield'], Investor2::12209ec33c8f0f879e68d7b113cfa5c10119b345863deaab5c87055c199ab471e774: ['52089ff5e5b1454a0963dedc140a5c6ad3f1a73de423d9076f47b871c8ed6cdd:Sawa.Yield.ClaimYield:ClaimYield']}.
2026-04-08 01:04:23,044 [canton-env-ec-22] INFO  c.d.c.p.a.s.t.TransactionServiceImpl:participant=sandbox tid:5fe0ef9cbc378e0244c7f641e0043d10 - Received request for transactions, startExclusive -> '000000000000000014', endInclusive -> '%end%', filters -> {Investor3::12209ec33c8f0f879e68d7b113cfa5c10119b345863deaab5c87055c199ab471e774: ['52089ff5e5b1454a0963dedc140a5c6ad3f1a73de423d9076f47b871c8ed6cdd:Sawa.Yield.ClaimYield:ClaimYield'], Operator::12209ec33c8f0f879e68d7b113cfa5c10119b345863deaab5c87055c199ab471e774: ['52089ff5e5b1454a0963dedc140a5c6ad3f1a73de423d9076f47b871c8ed6cdd:Sawa.Yield.ClaimYield:ClaimYield'], Investor1::12209ec33c8f0f879e68d7b113cfa5c10119b345863deaab5c87055c199ab471e774: ['52089ff5e5b1454a0963dedc140a5c6ad3f1a73de423d9076f47b871c8ed6cdd:Sawa.Yield.ClaimYield:ClaimYield'], Admin::12209ec33c8f0f879e68d7b113cfa5c10119b345863deaab5c87055c199ab471e774: ['52089ff5e5b1454a0963dedc140a5c6ad3f1a73de423d9076f47b871c8ed6cdd:Sawa.Yield.ClaimYield:ClaimYield'], sandbox::12209ec33c8f0f879e68d7b113cfa5c10119b345863deaab5c87055c199ab471e774: ['52089ff5e5b1454a0963dedc140a5c6ad3f1a73de423d9076f47b871c8ed6cdd:Sawa.Yield.ClaimYield:ClaimYield'], Investor2::12209ec33c8f0f879e68d7b113cfa5c10119b345863deaab5c87055c199ab471e774: ['52089ff5e5b1454a0963dedc140a5c6ad3f1a73de423d9076f47b871c8ed6cdd:Sawa.Yield.ClaimYield:ClaimYield']}, verbose -> true, ledgerId -> 'sandbox'.
2026-04-08 01:04:23,305 [canton-env-ec-28] INFO  c.d.c.p.a.s.ApiActiveContractsService:participant=sandbox tid:1074f4511062fa84490cb20c028f7efa - Received request for active contracts: GetActiveContractsRequest(sandbox,Some(TransactionFilter(HashMap(Investor3::12209ec33c8f0f879e68d7b113cfa5c10119b345863deaab5c87055c199ab471e774 -> Filters(Some(InclusiveFilters(Vector(Identifier(52089ff5e5b1454a0963dedc140a5c6ad3f1a73de423d9076f47b871c8ed6cdd,Sawa.Asset.ProjectSPV,ProjectSPV)),Vector(),Vector()))), Operator::12209ec33c8f0f879e68d7b113cfa5c10119b345863deaab5c87055c199ab471e774 -> Filters(Some(InclusiveFilters(Vector(Identifier(52089ff5e5b1454a0963dedc140a5c6ad3f1a73de423d9076f47b871c8ed6cdd,Sawa.Asset.ProjectSPV,ProjectSPV)),Vector(),Vector()))), Investor1::12209ec33c8f0f879e68d7b113cfa5c10119b345863deaab5c87055c199ab471e774 -> Filters(Some(InclusiveFilters(Vector(Identifier(52089ff5e5b1454a0963dedc140a5c6ad3f1a73de423d9076f47b871c8ed6cdd,Sawa.Asset.ProjectSPV,ProjectSPV)),Vector(),Vector()))), Admin::12209ec33c8f0f879e68d7b113cfa5c10119b345863deaab5c87055c199ab471e774 -> Filters(Some(InclusiveFilters(Vector(Identifier(52089ff5e5b1454a0963dedc140a5c6ad3f1a73de423d9076f47b871c8ed6cdd,Sawa.Asset.ProjectSPV,ProjectSPV)),Vector(),Vector()))), sandbox::12209ec33c8f0f879e68d7b113cfa5c10119b345863deaab5c87055c199ab471e774 -> Filters(Some(InclusiveFilters(Vector(Identifier(52089ff5e5b1454a0963dedc140a5c6ad3f1a73de423d9076f47b871c8ed6cdd,Sawa.Asset.ProjectSPV,ProjectSPV)),Vector(),Vector()))), Investor2::12209ec33c8f0f879e68d7b113cfa5c10119b345863deaab5c87055c199ab471e774 -> Filters(Some(InclusiveFilters(Vector(Identifier(52089ff5e5b1454a0963dedc140a5c6ad3f1a73de423d9076f47b871c8ed6cdd,Sawa.Asset.ProjectSPV,ProjectSPV)),Vector(),Vector())))))),true,), filters -> {Investor3::12209ec33c8f0f879e68d7b113cfa5c10119b345863deaab5c87055c199ab471e774: ['52089ff5e5b1454a0963dedc140a5c6ad3f1a73de423d9076f47b871c8ed6cdd:Sawa.Asset.ProjectSPV:ProjectSPV'], Operator::12209ec33c8f0f879e68d7b113cfa5c10119b345863deaab5c87055c199ab471e774: ['52089ff5e5b1454a0963dedc140a5c6ad3f1a73de423d9076f47b871c8ed6cdd:Sawa.Asset.ProjectSPV:ProjectSPV'], Investor1::12209ec33c8f0f879e68d7b113cfa5c10119b345863deaab5c87055c199ab471e774: ['52089ff5e5b1454a0963dedc140a5c6ad3f1a73de423d9076f47b871c8ed6cdd:Sawa.Asset.ProjectSPV:ProjectSPV'], Admin::12209ec33c8f0f879e68d7b113cfa5c10119b345863deaab5c87055c199ab471e774: ['52089ff5e5b1454a0963dedc140a5c6ad3f1a73de423d9076f47b871c8ed6cdd:Sawa.Asset.ProjectSPV:ProjectSPV'], sandbox::12209ec33c8f0f879e68d7b113cfa5c10119b345863deaab5c87055c199ab471e774: ['52089ff5e5b1454a0963dedc140a5c6ad3f1a73de423d9076f47b871c8ed6cdd:Sawa.Asset.ProjectSPV:ProjectSPV'], Investor2::12209ec33c8f0f879e68d7b113cfa5c10119b345863deaab5c87055c199ab471e774: ['52089ff5e5b1454a0963dedc140a5c6ad3f1a73de423d9076f47b871c8ed6cdd:Sawa.Asset.ProjectSPV:ProjectSPV']}.
2026-04-08 01:04:23,323 [canton-env-ec-29] INFO  c.d.c.p.a.s.ApiActiveContractsService:participant=sandbox tid:854ea5909a524fd23920942915e3b80e - Received request for active contracts: GetActiveContractsRequest(sandbox,Some(TransactionFilter(HashMap(Investor3::12209ec33c8f0f879e68d7b113cfa5c10119b345863deaab5c87055c199ab471e774 -> Filters(Some(InclusiveFilters(Vector(Identifier(52089ff5e5b1454a0963dedc140a5c6ad3f1a73de423d9076f47b871c8ed6cdd,Sawa.Investment.Investment,CompletedInvestment)),Vector(),Vector()))), Operator::12209ec33c8f0f879e68d7b113cfa5c10119b345863deaab5c87055c199ab471e774 -> Filters(Some(InclusiveFilters(Vector(Identifier(52089ff5e5b1454a0963dedc140a5c6ad3f1a73de423d9076f47b871c8ed6cdd,Sawa.Investment.Investment,CompletedInvestment)),Vector(),Vector()))), Investor1::12209ec33c8f0f879e68d7b113cfa5c10119b345863deaab5c87055c199ab471e774 -> Filters(Some(InclusiveFilters(Vector(Identifier(52089ff5e5b1454a0963dedc140a5c6ad3f1a73de423d9076f47b871c8ed6cdd,Sawa.Investment.Investment,CompletedInvestment)),Vector(),Vector()))), Admin::12209ec33c8f0f879e68d7b113cfa5c10119b345863deaab5c87055c199ab471e774 -> Filters(Some(InclusiveFilters(Vector(Identifier(52089ff5e5b1454a0963dedc140a5c6ad3f1a73de423d9076f47b871c8ed6cdd,Sawa.Investment.Investment,CompletedInvestment)),Vector(),Vector()))), sandbox::12209ec33c8f0f879e68d7b113cfa5c10119b345863deaab5c87055c199ab471e774 -> Filters(Some(InclusiveFilters(Vector(Identifier(52089ff5e5b1454a0963dedc140a5c6ad3f1a73de423d9076f47b871c8ed6cdd,Sawa.Investment.Investment,CompletedInvestment)),Vector(),Vector()))), Investor2::12209ec33c8f0f879e68d7b113cfa5c10119b345863deaab5c87055c199ab471e774 -> Filters(Some(InclusiveFilters(Vector(Identifier(52089ff5e5b1454a0963dedc140a5c6ad3f1a73de423d9076f47b871c8ed6cdd,Sawa.Investment.Investment,CompletedInvestment)),Vector(),Vector())))))),true,), filters -> {Investor3::12209ec33c8f0f879e68d7b113cfa5c10119b345863deaab5c87055c199ab471e774: ['52089ff5e5b1454a0963dedc140a5c6ad3f1a73de423d9076f47b871c8ed6cdd:Sawa.Investment.Investment:CompletedInvestment'], Operator::12209ec33c8f0f879e68d7b113cfa5c10119b345863deaab5c87055c199ab471e774: ['52089ff5e5b1454a0963dedc140a5c6ad3f1a73de423d9076f47b871c8ed6cdd:Sawa.Investment.Investment:CompletedInvestment'], Investor1::12209ec33c8f0f879e68d7b113cfa5c10119b345863deaab5c87055c199ab471e774: ['52089ff5e5b1454a0963dedc140a5c6ad3f1a73de423d9076f47b871c8ed6cdd:Sawa.Investment.Investment:CompletedInvestment'], Admin::12209ec33c8f0f879e68d7b113cfa5c10119b345863deaab5c87055c199ab471e774: ['52089ff5e5b1454a0963dedc140a5c6ad3f1a73de423d9076f47b871c8ed6cdd:Sawa.Investment.Investment:CompletedInvestment'], sandbox::12209ec33c8f0f879e68d7b113cfa5c10119b345863deaab5c87055c199ab471e774: ['52089ff5e5b1454a0963dedc140a5c6ad3f1a73de423d9076f47b871c8ed6cdd:Sawa.Investment.Investment:CompletedInvestment'], Investor2::12209ec33c8f0f879e68d7b113cfa5c10119b345863deaab5c87055c199ab471e774: ['52089ff5e5b1454a0963dedc140a5c6ad3f1a73de423d9076f47b871c8ed6cdd:Sawa.Investment.Investment:CompletedInvestment']}.
2026-04-08 01:04:23,370 [canton-env-ec-22] INFO  c.d.c.p.a.s.t.TransactionServiceImpl:participant=sandbox tid:4deec111c9df7f2714ff6f39f1e095fe - Received request for transactions, startExclusive -> '000000000000000014', endInclusive -> '%end%', filters -> {Investor3::12209ec33c8f0f879e68d7b113cfa5c10119b345863deaab5c87055c199ab471e774: ['52089ff5e5b1454a0963dedc140a5c6ad3f1a73de423d9076f47b871c8ed6cdd:Sawa.Investment.Investment:CompletedInvestment'], Operator::12209ec33c8f0f879e68d7b113cfa5c10119b345863deaab5c87055c199ab471e774: ['52089ff5e5b1454a0963dedc140a5c6ad3f1a73de423d9076f47b871c8ed6cdd:Sawa.Investment.Investment:CompletedInvestment'], Investor1::12209ec33c8f0f879e68d7b113cfa5c10119b345863deaab5c87055c199ab471e774: ['52089ff5e5b1454a0963dedc140a5c6ad3f1a73de423d9076f47b871c8ed6cdd:Sawa.Investment.Investment:CompletedInvestment'], Admin::12209ec33c8f0f879e68d7b113cfa5c10119b345863deaab5c87055c199ab471e774: ['52089ff5e5b1454a0963dedc140a5c6ad3f1a73de423d9076f47b871c8ed6cdd:Sawa.Investment.Investment:CompletedInvestment'], sandbox::12209ec33c8f0f879e68d7b113cfa5c10119b345863deaab5c87055c199ab471e774: ['52089ff5e5b1454a0963dedc140a5c6ad3f1a73de423d9076f47b871c8ed6cdd:Sawa.Investment.Investment:CompletedInvestment'], Investor2::12209ec33c8f0f879e68d7b113cfa5c10119b345863deaab5c87055c199ab471e774: ['52089ff5e5b1454a0963dedc140a5c6ad3f1a73de423d9076f47b871c8ed6cdd:Sawa.Investment.Investment:CompletedInvestment']}, verbose -> true, ledgerId -> 'sandbox'.
2026-04-08 01:04:23,375 [canton-env-ec-28] INFO  c.d.c.p.a.s.t.TransactionServiceImpl:participant=sandbox tid:03b9740fea6ff9d108e39a63d48afa29 - Received request for transactions, startExclusive -> '000000000000000014', endInclusive -> '%end%', filters -> {Investor3::12209ec33c8f0f879e68d7b113cfa5c10119b345863deaab5c87055c199ab471e774: ['52089ff5e5b1454a0963dedc140a5c6ad3f1a73de423d9076f47b871c8ed6cdd:Sawa.Asset.ProjectSPV:ProjectSPV'], Operator::12209ec33c8f0f879e68d7b113cfa5c10119b345863deaab5c87055c199ab471e774: ['52089ff5e5b1454a0963dedc140a5c6ad3f1a73de423d9076f47b871c8ed6cdd:Sawa.Asset.ProjectSPV:ProjectSPV'], Investor1::12209ec33c8f0f879e68d7b113cfa5c10119b345863deaab5c87055c199ab471e774: ['52089ff5e5b1454a0963dedc140a5c6ad3f1a73de423d9076f47b871c8ed6cdd:Sawa.Asset.ProjectSPV:ProjectSPV'], Admin::12209ec33c8f0f879e68d7b113cfa5c10119b345863deaab5c87055c199ab471e774: ['52089ff5e5b1454a0963dedc140a5c6ad3f1a73de423d9076f47b871c8ed6cdd:Sawa.Asset.ProjectSPV:ProjectSPV'], sandbox::12209ec33c8f0f879e68d7b113cfa5c10119b345863deaab5c87055c199ab471e774: ['52089ff5e5b1454a0963dedc140a5c6ad3f1a73de423d9076f47b871c8ed6cdd:Sawa.Asset.ProjectSPV:ProjectSPV'], Investor2::12209ec33c8f0f879e68d7b113cfa5c10119b345863deaab5c87055c199ab471e774: ['52089ff5e5b1454a0963dedc140a5c6ad3f1a73de423d9076f47b871c8ed6cdd:Sawa.Asset.ProjectSPV:ProjectSPV']}, verbose -> true, ledgerId -> 'sandbox'.
2026-04-08 01:04:23,450 [canton-env-ec-102] INFO  c.d.c.p.a.s.ApiActiveContractsService:participant=sandbox tid:742608aac023eaa9611ae3e3b0a0bcc3 - Received request for active contracts: GetActiveContractsRequest(sandbox,Some(TransactionFilter(HashMap(Investor3::12209ec33c8f0f879e68d7b113cfa5c10119b345863deaab5c87055c199ab471e774 -> Filters(Some(InclusiveFilters(Vector(Identifier(52089ff5e5b1454a0963dedc140a5c6ad3f1a73de423d9076f47b871c8ed6cdd,Sawa.Yield.ClaimYield,ClaimYield)),Vector(),Vector()))), Operator::12209ec33c8f0f879e68d7b113cfa5c10119b345863deaab5c87055c199ab471e774 -> Filters(Some(InclusiveFilters(Vector(Identifier(52089ff5e5b1454a0963dedc140a5c6ad3f1a73de423d9076f47b871c8ed6cdd,Sawa.Yield.ClaimYield,ClaimYield)),Vector(),Vector()))), Investor1::12209ec33c8f0f879e68d7b113cfa5c10119b345863deaab5c87055c199ab471e774 -> Filters(Some(InclusiveFilters(Vector(Identifier(52089ff5e5b1454a0963dedc140a5c6ad3f1a73de423d9076f47b871c8ed6cdd,Sawa.Yield.ClaimYield,ClaimYield)),Vector(),Vector()))), Admin::12209ec33c8f0f879e68d7b113cfa5c10119b345863deaab5c87055c199ab471e774 -> Filters(Some(InclusiveFilters(Vector(Identifier(52089ff5e5b1454a0963dedc140a5c6ad3f1a73de423d9076f47b871c8ed6cdd,Sawa.Yield.ClaimYield,ClaimYield)),Vector(),Vector()))), sandbox::12209ec33c8f0f879e68d7b113cfa5c10119b345863deaab5c87055c199ab471e774 -> Filters(Some(InclusiveFilters(Vector(Identifier(52089ff5e5b1454a0963dedc140a5c6ad3f1a73de423d9076f47b871c8ed6cdd,Sawa.Yield.ClaimYield,ClaimYield)),Vector(),Vector()))), Investor2::12209ec33c8f0f879e68d7b113cfa5c10119b345863deaab5c87055c199ab471e774 -> Filters(Some(InclusiveFilters(Vector(Identifier(52089ff5e5b1454a0963dedc140a5c6ad3f1a73de423d9076f47b871c8ed6cdd,Sawa.Yield.ClaimYield,ClaimYield)),Vector(),Vector())))))),true,), filters -> {Investor3::12209ec33c8f0f879e68d7b113cfa5c10119b345863deaab5c87055c199ab471e774: ['52089ff5e5b1454a0963dedc140a5c6ad3f1a73de423d9076f47b871c8ed6cdd:Sawa.Yield.ClaimYield:ClaimYield'], Operator::12209ec33c8f0f879e68d7b113cfa5c10119b345863deaab5c87055c199ab471e774: ['52089ff5e5b1454a0963dedc140a5c6ad3f1a73de423d9076f47b871c8ed6cdd:Sawa.Yield.ClaimYield:ClaimYield'], Investor1::12209ec33c8f0f879e68d7b113cfa5c10119b345863deaab5c87055c199ab471e774: ['52089ff5e5b1454a0963dedc140a5c6ad3f1a73de423d9076f47b871c8ed6cdd:Sawa.Yield.ClaimYield:ClaimYield'], Admin::12209ec33c8f0f879e68d7b113cfa5c10119b345863deaab5c87055c199ab471e774: ['52089ff5e5b1454a0963dedc140a5c6ad3f1a73de423d9076f47b871c8ed6cdd:Sawa.Yield.ClaimYield:ClaimYield'], sandbox::12209ec33c8f0f879e68d7b113cfa5c10119b345863deaab5c87055c199ab471e774: ['52089ff5e5b1454a0963dedc140a5c6ad3f1a73de423d9076f47b871c8ed6cdd:Sawa.Yield.ClaimYield:ClaimYield'], Investor2::12209ec33c8f0f879e68d7b113cfa5c10119b345863deaab5c87055c199ab471e774: ['52089ff5e5b1454a0963dedc140a5c6ad3f1a73de423d9076f47b871c8ed6cdd:Sawa.Yield.ClaimYield:ClaimYield']}.
2026-04-08 01:04:23,494 [canton-env-ec-22] INFO  c.d.c.p.a.s.t.TransactionServiceImpl:participant=sandbox tid:e818fc9c01931f9d2dd735f6807a7328 - Received request for transactions, startExclusive -> '000000000000000014', endInclusive -> '%end%', filters -> {Investor3::12209ec33c8f0f879e68d7b113cfa5c10119b345863deaab5c87055c199ab471e774: ['52089ff5e5b1454a0963dedc140a5c6ad3f1a73de423d9076f47b871c8ed6cdd:Sawa.Yield.ClaimYield:ClaimYield'], Operator::12209ec33c8f0f879e68d7b113cfa5c10119b345863deaab5c87055c199ab471e774: ['52089ff5e5b1454a0963dedc140a5c6ad3f1a73de423d9076f47b871c8ed6cdd:Sawa.Yield.ClaimYield:ClaimYield'], Investor1::12209ec33c8f0f879e68d7b113cfa5c10119b345863deaab5c87055c199ab471e774: ['52089ff5e5b1454a0963dedc140a5c6ad3f1a73de423d9076f47b871c8ed6cdd:Sawa.Yield.ClaimYield:ClaimYield'], Admin::12209ec33c8f0f879e68d7b113cfa5c10119b345863deaab5c87055c199ab471e774: ['52089ff5e5b1454a0963dedc140a5c6ad3f1a73de423d9076f47b871c8ed6cdd:Sawa.Yield.ClaimYield:ClaimYield'], sandbox::12209ec33c8f0f879e68d7b113cfa5c10119b345863deaab5c87055c199ab471e774: ['52089ff5e5b1454a0963dedc140a5c6ad3f1a73de423d9076f47b871c8ed6cdd:Sawa.Yield.ClaimYield:ClaimYield'], Investor2::12209ec33c8f0f879e68d7b113cfa5c10119b345863deaab5c87055c199ab471e774: ['52089ff5e5b1454a0963dedc140a5c6ad3f1a73de423d9076f47b871c8ed6cdd:Sawa.Yield.ClaimYield:ClaimYield']}, verbose -> true, ledgerId -> 'sandbox'.
2026-04-08 01:04:23,755 [canton-env-ec-40] INFO  c.d.c.p.a.s.ApiActiveContractsService:participant=sandbox tid:3b6e36b3ad89a743ddcf8d17fd9f4d83 - Received request for active contracts: GetActiveContractsRequest(sandbox,Some(TransactionFilter(HashMap(Investor3::12209ec33c8f0f879e68d7b113cfa5c10119b345863deaab5c87055c199ab471e774 -> Filters(Some(InclusiveFilters(Vector(Identifier(52089ff5e5b1454a0963dedc140a5c6ad3f1a73de423d9076f47b871c8ed6cdd,Sawa.Asset.ProjectSPV,ProjectSPV)),Vector(),Vector()))), Operator::12209ec33c8f0f879e68d7b113cfa5c10119b345863deaab5c87055c199ab471e774 -> Filters(Some(InclusiveFilters(Vector(Identifier(52089ff5e5b1454a0963dedc140a5c6ad3f1a73de423d9076f47b871c8ed6cdd,Sawa.Asset.ProjectSPV,ProjectSPV)),Vector(),Vector()))), Investor1::12209ec33c8f0f879e68d7b113cfa5c10119b345863deaab5c87055c199ab471e774 -> Filters(Some(InclusiveFilters(Vector(Identifier(52089ff5e5b1454a0963dedc140a5c6ad3f1a73de423d9076f47b871c8ed6cdd,Sawa.Asset.ProjectSPV,ProjectSPV)),Vector(),Vector()))), Admin::12209ec33c8f0f879e68d7b113cfa5c10119b345863deaab5c87055c199ab471e774 -> Filters(Some(InclusiveFilters(Vector(Identifier(52089ff5e5b1454a0963dedc140a5c6ad3f1a73de423d9076f47b871c8ed6cdd,Sawa.Asset.ProjectSPV,ProjectSPV)),Vector(),Vector()))), sandbox::12209ec33c8f0f879e68d7b113cfa5c10119b345863deaab5c87055c199ab471e774 -> Filters(Some(InclusiveFilters(Vector(Identifier(52089ff5e5b1454a0963dedc140a5c6ad3f1a73de423d9076f47b871c8ed6cdd,Sawa.Asset.ProjectSPV,ProjectSPV)),Vector(),Vector()))), Investor2::12209ec33c8f0f879e68d7b113cfa5c10119b345863deaab5c87055c199ab471e774 -> Filters(Some(InclusiveFilters(Vector(Identifier(52089ff5e5b1454a0963dedc140a5c6ad3f1a73de423d9076f47b871c8ed6cdd,Sawa.Asset.ProjectSPV,ProjectSPV)),Vector(),Vector())))))),true,), filters -> {Investor3::12209ec33c8f0f879e68d7b113cfa5c10119b345863deaab5c87055c199ab471e774: ['52089ff5e5b1454a0963dedc140a5c6ad3f1a73de423d9076f47b871c8ed6cdd:Sawa.Asset.ProjectSPV:ProjectSPV'], Operator::12209ec33c8f0f879e68d7b113cfa5c10119b345863deaab5c87055c199ab471e774: ['52089ff5e5b1454a0963dedc140a5c6ad3f1a73de423d9076f47b871c8ed6cdd:Sawa.Asset.ProjectSPV:ProjectSPV'], Investor1::12209ec33c8f0f879e68d7b113cfa5c10119b345863deaab5c87055c199ab471e774: ['52089ff5e5b1454a0963dedc140a5c6ad3f1a73de423d9076f47b871c8ed6cdd:Sawa.Asset.ProjectSPV:ProjectSPV'], Admin::12209ec33c8f0f879e68d7b113cfa5c10119b345863deaab5c87055c199ab471e774: ['52089ff5e5b1454a0963dedc140a5c6ad3f1a73de423d9076f47b871c8ed6cdd:Sawa.Asset.ProjectSPV:ProjectSPV'], sandbox::12209ec33c8f0f879e68d7b113cfa5c10119b345863deaab5c87055c199ab471e774: ['52089ff5e5b1454a0963dedc140a5c6ad3f1a73de423d9076f47b871c8ed6cdd:Sawa.Asset.ProjectSPV:ProjectSPV'], Investor2::12209ec33c8f0f879e68d7b113cfa5c10119b345863deaab5c87055c199ab471e774: ['52089ff5e5b1454a0963dedc140a5c6ad3f1a73de423d9076f47b871c8ed6cdd:Sawa.Asset.ProjectSPV:ProjectSPV']}.
2026-04-08 01:04:23,760 [canton-env-ec-23] INFO  c.d.c.p.a.s.ApiActiveContractsService:participant=sandbox tid:bd85d586ab00e5cbb352d74e0d4196c8 - Received request for active contracts: GetActiveContractsRequest(sandbox,Some(TransactionFilter(HashMap(Investor3::12209ec33c8f0f879e68d7b113cfa5c10119b345863deaab5c87055c199ab471e774 -> Filters(Some(InclusiveFilters(Vector(Identifier(52089ff5e5b1454a0963dedc140a5c6ad3f1a73de423d9076f47b871c8ed6cdd,Sawa.Investment.Investment,CompletedInvestment)),Vector(),Vector()))), Operator::12209ec33c8f0f879e68d7b113cfa5c10119b345863deaab5c87055c199ab471e774 -> Filters(Some(InclusiveFilters(Vector(Identifier(52089ff5e5b1454a0963dedc140a5c6ad3f1a73de423d9076f47b871c8ed6cdd,Sawa.Investment.Investment,CompletedInvestment)),Vector(),Vector()))), Investor1::12209ec33c8f0f879e68d7b113cfa5c10119b345863deaab5c87055c199ab471e774 -> Filters(Some(InclusiveFilters(Vector(Identifier(52089ff5e5b1454a0963dedc140a5c6ad3f1a73de423d9076f47b871c8ed6cdd,Sawa.Investment.Investment,CompletedInvestment)),Vector(),Vector()))), Admin::12209ec33c8f0f879e68d7b113cfa5c10119b345863deaab5c87055c199ab471e774 -> Filters(Some(InclusiveFilters(Vector(Identifier(52089ff5e5b1454a0963dedc140a5c6ad3f1a73de423d9076f47b871c8ed6cdd,Sawa.Investment.Investment,CompletedInvestment)),Vector(),Vector()))), sandbox::12209ec33c8f0f879e68d7b113cfa5c10119b345863deaab5c87055c199ab471e774 -> Filters(Some(InclusiveFilters(Vector(Identifier(52089ff5e5b1454a0963dedc140a5c6ad3f1a73de423d9076f47b871c8ed6cdd,Sawa.Investment.Investment,CompletedInvestment)),Vector(),Vector()))), Investor2::12209ec33c8f0f879e68d7b113cfa5c10119b345863deaab5c87055c199ab471e774 -> Filters(Some(InclusiveFilters(Vector(Identifier(52089ff5e5b1454a0963dedc140a5c6ad3f1a73de423d9076f47b871c8ed6cdd,Sawa.Investment.Investment,CompletedInvestment)),Vector(),Vector())))))),true,), filters -> {Investor3::12209ec33c8f0f879e68d7b113cfa5c10119b345863deaab5c87055c199ab471e774: ['52089ff5e5b1454a0963dedc140a5c6ad3f1a73de423d9076f47b871c8ed6cdd:Sawa.Investment.Investment:CompletedInvestment'], Operator::12209ec33c8f0f879e68d7b113cfa5c10119b345863deaab5c87055c199ab471e774: ['52089ff5e5b1454a0963dedc140a5c6ad3f1a73de423d9076f47b871c8ed6cdd:Sawa.Investment.Investment:CompletedInvestment'], Investor1::12209ec33c8f0f879e68d7b113cfa5c10119b345863deaab5c87055c199ab471e774: ['52089ff5e5b1454a0963dedc140a5c6ad3f1a73de423d9076f47b871c8ed6cdd:Sawa.Investment.Investment:CompletedInvestment'], Admin::12209ec33c8f0f879e68d7b113cfa5c10119b345863deaab5c87055c199ab471e774: ['52089ff5e5b1454a0963dedc140a5c6ad3f1a73de423d9076f47b871c8ed6cdd:Sawa.Investment.Investment:CompletedInvestment'], sandbox::12209ec33c8f0f879e68d7b113cfa5c10119b345863deaab5c87055c199ab471e774: ['52089ff5e5b1454a0963dedc140a5c6ad3f1a73de423d9076f47b871c8ed6cdd:Sawa.Investment.Investment:CompletedInvestment'], Investor2::12209ec33c8f0f879e68d7b113cfa5c10119b345863deaab5c87055c199ab471e774: ['52089ff5e5b1454a0963dedc140a5c6ad3f1a73de423d9076f47b871c8ed6cdd:Sawa.Investment.Investment:CompletedInvestment']}.
2026-04-08 01:04:23,859 [canton-env-ec-28] INFO  c.d.c.p.a.s.t.TransactionServiceImpl:participant=sandbox tid:9b4119475bbf4dfb4f7b243dfd5177f2 - Received request for transactions, startExclusive -> '000000000000000014', endInclusive -> '%end%', filters -> {Investor3::12209ec33c8f0f879e68d7b113cfa5c10119b345863deaab5c87055c199ab471e774: ['52089ff5e5b1454a0963dedc140a5c6ad3f1a73de423d9076f47b871c8ed6cdd:Sawa.Investment.Investment:CompletedInvestment'], Operator::12209ec33c8f0f879e68d7b113cfa5c10119b345863deaab5c87055c199ab471e774: ['52089ff5e5b1454a0963dedc140a5c6ad3f1a73de423d9076f47b871c8ed6cdd:Sawa.Investment.Investment:CompletedInvestment'], Investor1::12209ec33c8f0f879e68d7b113cfa5c10119b345863deaab5c87055c199ab471e774: ['52089ff5e5b1454a0963dedc140a5c6ad3f1a73de423d9076f47b871c8ed6cdd:Sawa.Investment.Investment:CompletedInvestment'], Admin::12209ec33c8f0f879e68d7b113cfa5c10119b345863deaab5c87055c199ab471e774: ['52089ff5e5b1454a0963dedc140a5c6ad3f1a73de423d9076f47b871c8ed6cdd:Sawa.Investment.Investment:CompletedInvestment'], sandbox::12209ec33c8f0f879e68d7b113cfa5c10119b345863deaab5c87055c199ab471e774: ['52089ff5e5b1454a0963dedc140a5c6ad3f1a73de423d9076f47b871c8ed6cdd:Sawa.Investment.Investment:CompletedInvestment'], Investor2::12209ec33c8f0f879e68d7b113cfa5c10119b345863deaab5c87055c199ab471e774: ['52089ff5e5b1454a0963dedc140a5c6ad3f1a73de423d9076f47b871c8ed6cdd:Sawa.Investment.Investment:CompletedInvestment']}, verbose -> true, ledgerId -> 'sandbox'.
2026-04-08 01:04:23,898 [canton-env-ec-28] INFO  c.d.c.p.a.s.t.TransactionServiceImpl:participant=sandbox tid:9828994d6b08e3c1c04f8da8bbba6e3c - Received request for transactions, startExclusive -> '000000000000000014', endInclusive -> '%end%', filters -> {Investor3::12209ec33c8f0f879e68d7b113cfa5c10119b345863deaab5c87055c199ab471e774: ['52089ff5e5b1454a0963dedc140a5c6ad3f1a73de423d9076f47b871c8ed6cdd:Sawa.Asset.ProjectSPV:ProjectSPV'], Operator::12209ec33c8f0f879e68d7b113cfa5c10119b345863deaab5c87055c199ab471e774: ['52089ff5e5b1454a0963dedc140a5c6ad3f1a73de423d9076f47b871c8ed6cdd:Sawa.Asset.ProjectSPV:ProjectSPV'], Investor1::12209ec33c8f0f879e68d7b113cfa5c10119b345863deaab5c87055c199ab471e774: ['52089ff5e5b1454a0963dedc140a5c6ad3f1a73de423d9076f47b871c8ed6cdd:Sawa.Asset.ProjectSPV:ProjectSPV'], Admin::12209ec33c8f0f879e68d7b113cfa5c10119b345863deaab5c87055c199ab471e774: ['52089ff5e5b1454a0963dedc140a5c6ad3f1a73de423d9076f47b871c8ed6cdd:Sawa.Asset.ProjectSPV:ProjectSPV'], sandbox::12209ec33c8f0f879e68d7b113cfa5c10119b345863deaab5c87055c199ab471e774: ['52089ff5e5b1454a0963dedc140a5c6ad3f1a73de423d9076f47b871c8ed6cdd:Sawa.Asset.ProjectSPV:ProjectSPV'], Investor2::12209ec33c8f0f879e68d7b113cfa5c10119b345863deaab5c87055c199ab471e774: ['52089ff5e5b1454a0963dedc140a5c6ad3f1a73de423d9076f47b871c8ed6cdd:Sawa.Asset.ProjectSPV:ProjectSPV']}, verbose -> true, ledgerId -> 'sandbox'.
2026-04-08 01:04:28,490 [canton-env-ec-28] INFO  c.d.c.d.s.s.GrpcSequencerService:domain=local tid:9018a18416a90b1dfa3566b6335865b6 - 'MED::local::12202030f2f7...' sends request with id 'tick-546cc75f-92ca-441b-bf9e-5d88018a5bfc' of size 336 bytes with 0 envelopes.
2026-04-08 01:04:38,977 [daml.index.db.threadpool.connection.indexer-12] INFO  c.d.c.p.i.MeteringAggregator:participant=sandbox - Aggregating transaction metering for LedgerMeteringEnd(Offset(Bytes(000000000000000012)),2026-04-07T20:00:00Z)
2026-04-08 01:04:39,013 [daml.index.db.threadpool.connection.indexer-12] INFO  c.d.c.p.i.MeteringAggregator:participant=sandbox - Aggregating transaction metering completed up to LedgerMeteringEnd(Offset(Bytes(000000000000000012)),2026-04-07T20:00:00Z)
2026-04-08 01:04:50,981 [canton-env-ec-28] INFO  c.d.c.d.s.s.GrpcSequencerService:domain=local tid:9018a18416a90b1dfa3566b6335865b6 - 'MED::local::12202030f2f7...' sends request with id 'tick-708f63be-e4be-453a-93c8-f09fcb37a901' of size 336 bytes with 0 envelopes.
2026-04-08 01:04:57,959 [canton-env-ec-102] INFO  c.d.c.d.s.s.GrpcSequencerService:domain=local tid:9018a18416a90b1dfa3566b6335865b6 - 'PAR::sandbox::12209ec33c8f...' sends request with id 'tick-6e890c15-083b-459c-a5a2-f6c7cb5f7cda' of size 338 bytes with 0 envelopes.
2026-04-08 01:04:58,511 [canton-env-ec-67] INFO  c.d.c.d.s.s.GrpcSequencerService:domain=local tid:9018a18416a90b1dfa3566b6335865b6 - 'PAR::sandbox::12209ec33c8f...' sends request with id 'tick-7978979b-de8c-462c-8044-b457e4320809' of size 338 bytes with 0 envelopes.
2026-04-08 01:05:20,861 [canton-env-ec-29] INFO  c.d.c.d.s.s.GrpcSequencerService:domain=local tid:9018a18416a90b1dfa3566b6335865b6 - 'PAR::sandbox::12209ec33c8f...' sends request with id 'tick-048e9e25-c729-4f28-a908-6736e869e8a4' of size 338 bytes with 0 envelopes.
